Log file open, 06/15/26 15:00:18
LogWindows: Custom abort handler registered for crash reporting.
LogInit: Display: Running engine for game: FactoryGame
LogInit: Display: Project file not found: C:/Program Files (x86)/Steam/steamapps/common/Satisfactory/FactoryGame/FactoryGame.uproject
LogInit: Display: 	Attempting to find via project info helper.
LogPakFile: Initializing PakPlatformFile
LogIoDispatcher: Display: Reading toc: ../../../FactoryGame/Content/Paks/global.utoc
LogIoDispatcher: Display: Toc loaded : ../../../FactoryGame/Content/Paks/global.utoc, Id=ffffffffffffffff, Order=0, EntryCount=1, SignatureHash=8E033094D165D37223BC9D46DF0D6D71DF85DB0A
LogIoDispatcher: Display: Mounting container '../../../FactoryGame/Content/Paks/global.utoc' in location slot 0
LogPakFile: Display: Initialized I/O dispatcher file backend. Mounted the global container: ../../../FactoryGame/Content/Paks/global.utoc
LogPakFile: Display: Found Pak file ../../../FactoryGame/Content/Paks/FactoryGame-Windows.pak attempting to mount.
LogPakFile: Display: Mounting pak file ../../../FactoryGame/Content/Paks/FactoryGame-Windows.pak.
LogIoDispatcher: Display: Reading toc: ../../../FactoryGame/Content/Paks/FactoryGame-Windows.utoc
LogIoDispatcher: Display: Toc loaded : ../../../FactoryGame/Content/Paks/FactoryGame-Windows.utoc, Id=52f27a6f7471235e, Order=4, EntryCount=59243, SignatureHash=5ED7FE8540FF1E6B609002412F9BCA7F7C7E9497
LogIoDispatcher: Display: Mounting container '../../../FactoryGame/Content/Paks/FactoryGame-Windows.utoc' in location slot 0
LogPakFile: Display: Mounted IoStore container "../../../FactoryGame/Content/Paks/FactoryGame-Windows.utoc"
LogFilePackageStore: Mounting container: Id=52f27a6f7471235e, Order=4, NumPackages=28225
LogPakFile: Display: Mounted Pak file '../../../FactoryGame/Content/Paks/FactoryGame-Windows.pak', mount point: '../../../'
LogAssetRegistry: Premade AssetRegistry loaded from '../../../FactoryGame/AssetRegistry.bin'
LogICUInternationalization: ICU TimeZone Detection - Raw Offset: +2:00, Platform Override: ''
LogInit: Session CrashGUID >====================================================
         Session CrashGUID >   UECC-Windows-8D42B19C47E6B61ACE4C61981D523E55
         Session CrashGUID >====================================================
LogWindows: Attached monitors:
LogWindows:     resolution: 1600x1000, work area: (0, 0) -> (1600, 952), device: '\\.\DISPLAY1' [PRIMARY]
LogWindows: Found 1 attached monitors.
LogWindows: Gathering driver information using Windows Setup API
LogConfig: Using compiled CustomConfig Steam
LogConfig: No local boot hotfix file found at: [C:/Users/cheva/AppData/Local/FactoryGame/Saved/PersistentDownloadDir/HotfixForNextBoot.txt]
LogAudio: Display: Pre-Initializing Audio Device Manager...
LogAudio: Display: AudioInfo: 'OPUS' Registered
LogAudioDebug: Display: Lib vorbis DLL was dynamically loaded.
LogAudio: Display: AudioInfo: 'OGG' Registered
LogAudio: Display: AudioInfo: 'ADPCM' Registered
LogAudio: Display: AudioInfo: 'PCM' Registered
LogAudio: Display: AudioInfo: 'BINKA' Registered
LogAudio: Display: AudioInfo: 'RADA' Registered
LogAudio: Display: Audio Device Manager Pre-Initialized
LogPluginManager: Mounting Engine plugin Paper2D
LogPluginManager: Mounting Engine plugin AISupport
LogPluginManager: Mounting Engine plugin EnvironmentQueryEditor
LogPluginManager: Mounting Engine plugin ACLPlugin
LogPluginManager: Mounting Engine plugin AnimationData
LogPluginManager: Mounting Engine plugin AnimationLocomotionLibrary
LogPluginManager: Mounting Engine plugin AnimationModifierLibrary
LogPluginManager: Mounting Engine plugin AnimationWarping
LogPluginManager: Mounting Engine plugin ControlRigModules
LogPluginManager: Mounting Engine plugin ControlRigSpline
LogPluginManager: Mounting Engine plugin ControlRig
LogPluginManager: Mounting Engine plugin DeformerGraph
LogPluginManager: Mounting Engine plugin IKRig
LogPluginManager: Mounting Engine plugin SkeletalMeshModelingTools
LogPluginManager: Mounting Engine plugin TweeningUtils
LogPluginManager: Mounting Engine plugin CSLocTools
LogPluginManager: Mounting Engine plugin CameraShakePreviewer
LogPluginManager: Mounting Engine plugin EngineCameras
LogPluginManager: Mounting Engine plugin GameplayCameras
LogPluginManager: Mounting Engine plugin ChaosClothAsset
LogPluginManager: Mounting Engine plugin ChaosCloth
LogPluginManager: Mounting Engine plugin ChaosVD
LogPluginManager: Mounting Engine plugin LensDistortion
LogPluginManager: Mounting Engine plugin OpenColorIO
LogPluginManager: Mounting Engine plugin OodleNetwork
LogPluginManager: Mounting Engine plugin AnimationSharing
LogPluginManager: Mounting Engine plugin ConcertMain
LogPluginManager: Mounting Engine plugin ConcertSyncClient
LogPluginManager: Mounting Engine plugin ConcertSyncCore
LogPluginManager: Mounting Engine plugin ConcertSharedSlate
LogPluginManager: Mounting Engine plugin NamingTokens
LogPluginManager: Mounting Engine plugin PluginUtils
LogPluginManager: Mounting Engine plugin UObjectPlugin
LogPluginManager: Mounting Engine plugin AssetManagerEditor
LogPluginManager: Mounting Engine plugin AssetReferenceRestrictions
LogPluginManager: Mounting Engine plugin BlueprintHeaderView
LogPluginManager: Mounting Engine plugin BlueprintMaterialTextureNodes
LogPluginManager: Mounting Engine plugin ColorGrading
LogPluginManager: Mounting Engine plugin ConsoleVariables
LogPluginManager: Mounting Engine plugin ContentBrowserAssetDataSource
LogPluginManager: Mounting Engine plugin CurveEditorTools
LogPluginManager: Mounting Engine plugin DataValidation
LogPluginManager: Mounting Engine plugin EditorScriptingUtilities
LogPluginManager: Mounting Engine plugin EngineAssetDefinitions
LogPluginManager: Mounting Engine plugin FacialAnimation
LogPluginManager: Mounting Engine plugin GameplayTagsEditor
LogPluginManager: Mounting Engine plugin GeometryMode
LogPluginManager: Mounting Engine plugin LightMixer
LogPluginManager: Mounting Engine plugin ObjectMixer
LogPluginManager: Mounting Engine plugin ProxyLODPlugin
LogPluginManager: Mounting Engine plugin ScriptableToolsEditorMode
LogPluginManager: Mounting Engine plugin SequencerAnimTools
LogPluginManager: Mounting Engine plugin SpeedTreeImporter
LogPluginManager: Mounting Engine plugin UMGWidgetPreview
LogPluginManager: Mounting Engine plugin UVEditor
LogPluginManager: Mounting Engine plugin EnhancedInput
LogPluginManager: Mounting Engine plugin DatasmithContent
LogPluginManager: Mounting Engine plugin GLTFExporter
LogPluginManager: Mounting Engine plugin VariantManagerContent
LogPluginManager: Mounting Engine plugin VariantManager
LogPluginManager: Mounting Engine plugin AsyncMessageSystem
LogPluginManager: Mounting Engine plugin AutomationUtils
LogPluginManager: Mounting Engine plugin BackChannel
LogPluginManager: Mounting Engine plugin BlueprintStats
LogPluginManager: Mounting Engine plugin ChaosCaching
LogPluginManager: Mounting Engine plugin ChaosEditor
LogPluginManager: Mounting Engine plugin ChaosNiagara
LogPluginManager: Mounting Engine plugin ChaosSolverPlugin
LogPluginManager: Mounting Engine plugin ChaosUserDataPT
LogPluginManager: Mounting Engine plugin ChaosVehiclesPlugin
LogPluginManager: Mounting Engine plugin CharacterAI
LogPluginManager: Mounting Engine plugin CompositeCore
LogPluginManager: Mounting Engine plugin ControlFlows
LogPluginManager: Mounting Engine plugin Dataflow
LogPluginManager: Mounting Engine plugin EditorDataStorageFeatures
LogPluginManager: Mounting Engine plugin EditorDataStorage
LogPluginManager: Mounting Engine plugin Fracture
LogPluginManager: Mounting Engine plugin FullBodyIK
LogPluginManager: Mounting Engine plugin Gauntlet
LogPluginManager: Mounting Engine plugin GeometryCollectionPlugin
LogPluginManager: Mounting Engine plugin GeometryDataflow
LogPluginManager: Mounting Engine plugin Landmass
LogPluginManager: Mounting Engine plugin LevelSequenceNavigatorBridge
LogPluginManager: Mounting Engine plugin LocalizableMessage
LogPluginManager: Mounting Engine plugin MeshModelingToolsetExp
LogPluginManager: Mounting Engine plugin NFORDenoise
LogPluginManager: Mounting Engine plugin PlanarCut
LogPluginManager: Mounting Engine plugin PlatformCrypto
LogPluginManager: Mounting Engine plugin PythonScriptPlugin
LogPluginManager: Mounting Engine plugin RuntimeTelemetry
LogPluginManager: Mounting Engine plugin SlateIM
LogPluginManager: Mounting Engine plugin ToolPresets
LogPluginManager: Mounting Engine plugin CascadeToNiagaraConverter
LogPluginManager: Mounting Engine plugin Cascade
LogPluginManager: Mounting Engine plugin NiagaraSimCaching
LogPluginManager: Mounting Engine plugin Niagara
LogPluginManager: Mounting Engine plugin Fab
LogPluginManager: Mounting Engine plugin AlembicImporter
LogPluginManager: Mounting Engine plugin InterchangeAssets
LogPluginManager: Mounting Engine plugin InterchangeEditor
LogPluginManager: Mounting Engine plugin Interchange
LogPluginManager: Mounting Engine plugin AppleProResMedia
LogPluginManager: Mounting Engine plugin ImgMedia
LogPluginManager: Mounting Engine plugin MediaCompositing
LogPluginManager: Mounting Engine plugin MediaPlate
LogPluginManager: Mounting Engine plugin MfMedia
LogPluginManager: Mounting Engine plugin WebMMedia
LogPluginManager: Mounting Engine plugin WmfMedia
LogPluginManager: Mounting Engine plugin MeshPainting
LogPluginManager: Mounting Engine plugin TcpMessaging
LogPluginManager: Mounting Engine plugin UdpMessaging
LogPluginManager: Mounting Engine plugin ActorSequence
LogPluginManager: Mounting Engine plugin LevelSequenceEditor
LogPluginManager: Mounting Engine plugin MovieRenderPipeline
LogPluginManager: Mounting Engine plugin SequencerScripting
LogPluginManager: Mounting Engine plugin TemplateSequence
LogPluginManager: Mounting Engine plugin EOSShared
LogPluginManager: Mounting Engine plugin OnlineBase
LogPluginManager: Mounting Engine plugin OnlineServicesEOSGS
LogPluginManager: Mounting Engine plugin OnlineServicesEOS
LogPluginManager: Mounting Engine plugin OnlineServicesEpicCommon
LogPluginManager: Mounting Engine plugin OnlineServicesNull
LogPluginManager: Mounting Engine plugin OnlineServicesOSSAdapter
LogPluginManager: Mounting Engine plugin OnlineServices
LogPluginManager: Mounting Engine plugin OnlineSubsystemNull
LogPluginManager: Mounting Engine plugin OnlineSubsystemSteam
LogPluginManager: Mounting Engine plugin OnlineSubsystemUtils
LogPluginManager: Mounting Engine plugin OnlineSubsystem
LogPluginManager: Mounting Engine plugin SocketSubsystemEOS
LogPluginManager: Mounting Engine plugin LauncherChunkInstaller
LogPluginManager: Mounting Engine plugin ActorLayerUtilities
LogPluginManager: Mounting Engine plugin AndroidFileServer
LogPluginManager: Mounting Engine plugin ApexDestruction
LogPluginManager: Mounting Engine plugin AppleImageUtils
LogPluginManager: Mounting Engine plugin AssetTags
LogPluginManager: Mounting Engine plugin AudioCapture
LogPluginManager: Mounting Engine plugin AudioSynesthesia
LogPluginManager: Mounting Engine plugin AudioWidgets
LogPluginManager: Mounting Engine plugin CableComponent
LogPluginManager: Mounting Engine plugin ChunkDownloader
LogPluginManager: Mounting Engine plugin ComputeFramework
LogPluginManager: Mounting Engine plugin CustomMeshComponent
LogPluginManager: Mounting Engine plugin DataRegistry
LogPluginManager: Mounting Engine plugin SQLiteCore
LogPluginManager: Mounting Engine plugin ExampleDeviceProfileSelector
LogPluginManager: Mounting Engine plugin GameFeatures
LogPluginManager: Mounting Engine plugin GeometryCache
LogPluginManager: Mounting Engine plugin GeometryProcessing
LogPluginManager: Mounting Engine plugin GeometryScripting
LogPluginManager: Mounting Engine plugin GooglePAD
LogPluginManager: Mounting Engine plugin HairStrands
LogPluginManager: Mounting Engine plugin MeshModelingToolset
LogPluginManager: Mounting Engine plugin Metasound
LogPluginManager: Mounting Engine plugin ModelViewViewModel
LogPluginManager: Mounting Engine plugin ModularGameplay
LogPluginManager: Mounting Engine plugin MsQuic
LogPluginManager: Mounting Engine plugin DTLSHandlerComponent
LogPluginManager: Mounting Engine plugin ProceduralMeshComponent
LogPluginManager: Mounting Engine plugin PropertyAccessEditor
LogPluginManager: Mounting Engine plugin PropertyBindingUtils
LogPluginManager: Mounting Engine plugin ReplicationGraph
LogPluginManager: Mounting Engine plugin ResonanceAudio
LogPluginManager: Mounting Engine plugin RigVM
LogPluginManager: Mounting Engine plugin ScriptableToolsFramework
LogPluginManager: Mounting Engine plugin SignificanceManager
LogPluginManager: Mounting Engine plugin SoundFields
LogPluginManager: Mounting Engine plugin StateTree
LogPluginManager: Mounting Engine plugin SteamController
LogPluginManager: Mounting Engine plugin SteamShared
LogPluginManager: Mounting Engine plugin SteamSockets
LogPluginManager: Mounting Engine plugin Synthesis
LogPluginManager: Mounting Engine plugin WaveTable
LogPluginManager: Mounting Engine plugin WebMMoviePlayer
LogPluginManager: Mounting Engine plugin WindowsDeviceProfileSelector
LogPluginManager: Mounting Engine plugin WindowsMoviePlayer
LogPluginManager: Mounting Engine plugin WinDualShock
LogPluginManager: Mounting Engine plugin XInputDevice
LogPluginManager: Mounting Engine plugin EditorTests
LogPluginManager: Mounting Engine plugin FbxAutomationTestBuilder
LogPluginManager: Mounting Engine plugin FunctionalTestingEditor
LogPluginManager: Mounting Engine plugin InterchangeTests
LogPluginManager: Mounting Engine plugin RuntimeTests
LogPluginManager: Mounting Engine plugin TestFramework
LogPluginManager: Mounting Engine plugin TraceUtilities
LogPluginManager: Mounting Engine plugin CameraCalibrationCore
LogPluginManager: Mounting Engine plugin Takes
LogPluginManager: Mounting Engine plugin WorldMetrics
LogPluginManager: Mounting Engine plugin WwiseNiagara
LogPluginManager: Mounting Engine plugin Wwise
LogPluginManager: Mounting Project plugin AbstractInstance
LogPluginManager: Mounting Project plugin DLSS
LogPluginManager: Mounting Project plugin EditorTools
LogPluginManager: Mounting Project plugin FSR3
LogPluginManager: Mounting Project plugin GameplayEvents
LogPluginManager: Mounting Project plugin OnlineIntegration
LogPluginManager: Mounting Project plugin OnlineServicesSteamLimited
LogPluginManager: Mounting Project plugin RainRendering
LogPluginManager: Mounting Project plugin ReliableMessaging
LogPluginManager: Mounting Project plugin Sentry
LogPluginManager: Mounting Project plugin SignificanceISPC
LogPluginManager: Mounting Project plugin SteamDeckConfig
LogPluginManager: Mounting Project plugin StreamlineCore
LogPluginManager: Mounting Project plugin StreamlineDLSSG
LogPluginManager: Mounting Project plugin StreamlineDeepDVC
LogPluginManager: Mounting Project plugin StreamlineReflex
LogPluginManager: Mounting Project plugin Streamline
LogPluginManager: Mounting Project plugin XeSS
LogPluginManager: Mounting Mod plugin AdvancedLogistics
LogPluginManager: Mounting Mod plugin ContainerScreen
LogPluginManager: Mounting Mod plugin ContainerWithScreen
LogPluginManager: Mounting Mod plugin DaisyChainPowerCables
LogPluginManager: Mounting Mod plugin FasterManualCraftingRedux
LogPluginManager: Mounting Mod plugin DeepMining
LogPluginManager: Mounting Mod plugin FloorHole
LogPluginManager: Mounting Mod plugin InventorySpace2
LogPluginManager: Mounting Mod plugin MAMTips
LogPluginManager: Mounting Mod plugin moidu21_lib
LogPluginManager: Mounting Mod plugin MovePlayerInventory
LogPluginManager: Mounting Mod plugin OrganizedCrates
LogPluginManager: Mounting Mod plugin SmallAwesomeSink
LogPluginManager: Mounting Mod plugin SML
LogPluginManager: Mounting Mod plugin TenTimesAwesomePoints
LogPluginManager: Mounting Mod plugin UtilityMod
LogPluginManager: Mounting Mod plugin UndergroundBelts
LogPluginManager: Mounting Mod plugin HighlightScannedObject
LogPluginManager: Mounting Mod plugin CrashSiteBeacons
LogPluginManager: Mounting Mod plugin minerplus
LogPluginManager: Mounting Mod plugin BlueprintHighlighted
LogPluginManager: Mounting Mod plugin NoSplash
LogPluginManager: Mounting Mod plugin FlashlightSettings
LogPluginManager: Mounting Mod plugin InfiniteNudge
LogPluginManager: Mounting Mod plugin InfiniteZoop
LogPluginManager: Mounting Mod plugin SkyUI
LogIoDispatcher: Display: Reading toc: ../../../FactoryGame/Mods/AdvancedLogistics/Content/Paks/Windows/AdvancedLogisticsFactoryGame-Windows.utoc
LogIoDispatcher: Display: Toc loaded : ../../../FactoryGame/Mods/AdvancedLogistics/Content/Paks/Windows/AdvancedLogisticsFactoryGame-Windows.utoc, Id=3bd1f41eeccfcc51, Order=0, EntryCount=14, SignatureHash=0000000000000000000000000000000000000000
LogIoDispatcher: Display: Mounting container '../../../FactoryGame/Mods/AdvancedLogistics/Content/Paks/Windows/AdvancedLogisticsFactoryGame-Windows.utoc' in location slot 1
LogPakFile: Display: Mounted IoStore container "../../../FactoryGame/Mods/AdvancedLogistics/Content/Paks/Windows/AdvancedLogisticsFactoryGame-Windows.utoc"
LogFilePackageStore: Mounting container: Id=3bd1f41eeccfcc51, Order=0, NumPackages=13
LogPakFile: Display: Mounted Pak file '../../../FactoryGame/Mods/AdvancedLogistics/Content/Paks/Windows/AdvancedLogisticsFactoryGame-Windows.pak', mount point: '../../../FactoryGame/Mods/AdvancedLogistics/'
LogPakFile: Display: Mount point '../../../FactoryGame/Mods/AdvancedLogistics/' is not mounted to a valid Root Path yet, assets in this pak file may not be accessible until a corresponding UFS Mount Point is added through FPackageName::RegisterMountPoint.
LogIoDispatcher: Display: Reading toc: ../../../FactoryGame/Mods/ContainerScreen/Content/Paks/Windows/ContainerScreenFactoryGame-Windows.utoc
LogIoDispatcher: Display: Toc loaded : ../../../FactoryGame/Mods/ContainerScreen/Content/Paks/Windows/ContainerScreenFactoryGame-Windows.utoc, Id=665b07fcf804c906, Order=0, EntryCount=69, SignatureHash=0000000000000000000000000000000000000000
LogIoDispatcher: Display: Mounting container '../../../FactoryGame/Mods/ContainerScreen/Content/Paks/Windows/ContainerScreenFactoryGame-Windows.utoc' in location slot 1
LogPakFile: Display: Mounted IoStore container "../../../FactoryGame/Mods/ContainerScreen/Content/Paks/Windows/ContainerScreenFactoryGame-Windows.utoc"
LogFilePackageStore: Mounting container: Id=665b07fcf804c906, Order=0, NumPackages=43
LogPakFile: Display: Mounted Pak file '../../../FactoryGame/Mods/ContainerScreen/Content/Paks/Windows/ContainerScreenFactoryGame-Windows.pak', mount point: '../../../FactoryGame/Mods/ContainerScreen/'
LogPakFile: Display: Mount point '../../../FactoryGame/Mods/ContainerScreen/' is not mounted to a valid Root Path yet, assets in this pak file may not be accessible until a corresponding UFS Mount Point is added through FPackageName::RegisterMountPoint.
LogIoDispatcher: Display: Reading toc: ../../../FactoryGame/Mods/ContainerWithScreen/Content/Paks/Windows/ContainerWithScreenFactoryGame-Windows.utoc
LogIoDispatcher: Display: Toc loaded : ../../../FactoryGame/Mods/ContainerWithScreen/Content/Paks/Windows/ContainerWithScreenFactoryGame-Windows.utoc, Id=4b5eb288afebf5a7, Order=0, EntryCount=38, SignatureHash=0000000000000000000000000000000000000000
LogIoDispatcher: Display: Mounting container '../../../FactoryGame/Mods/ContainerWithScreen/Content/Paks/Windows/ContainerWithScreenFactoryGame-Windows.utoc' in location slot 1
LogPakFile: Display: Mounted IoStore container "../../../FactoryGame/Mods/ContainerWithScreen/Content/Paks/Windows/ContainerWithScreenFactoryGame-Windows.utoc"
LogFilePackageStore: Mounting container: Id=4b5eb288afebf5a7, Order=0, NumPackages=20
LogPakFile: Display: Mounted Pak file '../../../FactoryGame/Mods/ContainerWithScreen/Content/Paks/Windows/ContainerWithScreenFactoryGame-Windows.pak', mount point: '../../../FactoryGame/Mods/ContainerWithScreen/'
LogPakFile: Display: Mount point '../../../FactoryGame/Mods/ContainerWithScreen/' is not mounted to a valid Root Path yet, assets in this pak file may not be accessible until a corresponding UFS Mount Point is added through FPackageName::RegisterMountPoint.
LogIoDispatcher: Display: Reading toc: ../../../FactoryGame/Mods/DaisyChainPowerCables/Content/Paks/Windows/DaisyChainPowerCablesFactoryGame-Windows.utoc
LogIoDispatcher: Display: Toc loaded : ../../../FactoryGame/Mods/DaisyChainPowerCables/Content/Paks/Windows/DaisyChainPowerCablesFactoryGame-Windows.utoc, Id=96fc5f6d131f0e87, Order=0, EntryCount=72, SignatureHash=0000000000000000000000000000000000000000
LogIoDispatcher: Display: Mounting container '../../../FactoryGame/Mods/DaisyChainPowerCables/Content/Paks/Windows/DaisyChainPowerCablesFactoryGame-Windows.utoc' in location slot 1
LogPakFile: Display: Mounted IoStore container "../../../FactoryGame/Mods/DaisyChainPowerCables/Content/Paks/Windows/DaisyChainPowerCablesFactoryGame-Windows.utoc"
LogFilePackageStore: Mounting container: Id=96fc5f6d131f0e87, Order=0, NumPackages=71
LogPakFile: Display: Mounted Pak file '../../../FactoryGame/Mods/DaisyChainPowerCables/Content/Paks/Windows/DaisyChainPowerCablesFactoryGame-Windows.pak', mount point: '../../../FactoryGame/Mods/DaisyChainPowerCables/'
LogPakFile: Display: Mount point '../../../FactoryGame/Mods/DaisyChainPowerCables/' is not mounted to a valid Root Path yet, assets in this pak file may not be accessible until a corresponding UFS Mount Point is added through FPackageName::RegisterMountPoint.
LogIoDispatcher: Display: Reading toc: ../../../FactoryGame/Mods/FasterManualCraftingRedux/Content/Paks/Windows/FasterManualCraftingReduxFactoryGame-Windows.utoc
LogIoDispatcher: Display: Toc loaded : ../../../FactoryGame/Mods/FasterManualCraftingRedux/Content/Paks/Windows/FasterManualCraftingReduxFactoryGame-Windows.utoc, Id=e263af47724971d7, Order=0, EntryCount=5, SignatureHash=0000000000000000000000000000000000000000
LogIoDispatcher: Display: Mounting container '../../../FactoryGame/Mods/FasterManualCraftingRedux/Content/Paks/Windows/FasterManualCraftingReduxFactoryGame-Windows.utoc' in location slot 1
LogPakFile: Display: Mounted IoStore container "../../../FactoryGame/Mods/FasterManualCraftingRedux/Content/Paks/Windows/FasterManualCraftingReduxFactoryGame-Windows.utoc"
LogFilePackageStore: Mounting container: Id=e263af47724971d7, Order=0, NumPackages=4
LogPakFile: Display: Mounted Pak file '../../../FactoryGame/Mods/FasterManualCraftingRedux/Content/Paks/Windows/FasterManualCraftingReduxFactoryGame-Windows.pak', mount point: '../../../FactoryGame/Mods/FasterManualCraftingRedux/'
LogPakFile: Display: Mount point '../../../FactoryGame/Mods/FasterManualCraftingRedux/' is not mounted to a valid Root Path yet, assets in this pak file may not be accessible until a corresponding UFS Mount Point is added through FPackageName::RegisterMountPoint.
LogIoDispatcher: Display: Reading toc: ../../../FactoryGame/Mods/DeepMining/Content/Paks/Windows/DeepMiningFactoryGame-Windows.utoc
LogIoDispatcher: Display: Toc loaded : ../../../FactoryGame/Mods/DeepMining/Content/Paks/Windows/DeepMiningFactoryGame-Windows.utoc, Id=358888508f532e48, Order=0, EntryCount=41, SignatureHash=0000000000000000000000000000000000000000
LogIoDispatcher: Display: Mounting container '../../../FactoryGame/Mods/DeepMining/Content/Paks/Windows/DeepMiningFactoryGame-Windows.utoc' in location slot 1
LogPakFile: Display: Mounted IoStore container "../../../FactoryGame/Mods/DeepMining/Content/Paks/Windows/DeepMiningFactoryGame-Windows.utoc"
LogFilePackageStore: Mounting container: Id=358888508f532e48, Order=0, NumPackages=30
LogPakFile: Display: Mounted Pak file '../../../FactoryGame/Mods/DeepMining/Content/Paks/Windows/DeepMiningFactoryGame-Windows.pak', mount point: '../../../FactoryGame/Mods/DeepMining/'
LogPakFile: Display: Mount point '../../../FactoryGame/Mods/DeepMining/' is not mounted to a valid Root Path yet, assets in this pak file may not be accessible until a corresponding UFS Mount Point is added through FPackageName::RegisterMountPoint.
LogIoDispatcher: Display: Reading toc: ../../../FactoryGame/Mods/FloorHole/Content/Paks/Windows/FloorHoleFactoryGame-Windows.utoc
LogIoDispatcher: Display: Toc loaded : ../../../FactoryGame/Mods/FloorHole/Content/Paks/Windows/FloorHoleFactoryGame-Windows.utoc, Id=101fa75bd20237ae, Order=0, EntryCount=157, SignatureHash=0000000000000000000000000000000000000000
LogIoDispatcher: Display: Mounting container '../../../FactoryGame/Mods/FloorHole/Content/Paks/Windows/FloorHoleFactoryGame-Windows.utoc' in location slot 1
LogPakFile: Display: Mounted IoStore container "../../../FactoryGame/Mods/FloorHole/Content/Paks/Windows/FloorHoleFactoryGame-Windows.utoc"
LogFilePackageStore: Mounting container: Id=101fa75bd20237ae, Order=0, NumPackages=149
LogPakFile: Display: Mounted Pak file '../../../FactoryGame/Mods/FloorHole/Content/Paks/Windows/FloorHoleFactoryGame-Windows.pak', mount point: '../../../FactoryGame/Mods/FloorHole/'
LogPakFile: Display: Mount point '../../../FactoryGame/Mods/FloorHole/' is not mounted to a valid Root Path yet, assets in this pak file may not be accessible until a corresponding UFS Mount Point is added through FPackageName::RegisterMountPoint.
LogIoDispatcher: Display: Reading toc: ../../../FactoryGame/Mods/InventorySpace2/Content/Paks/Windows/InventorySpace2FactoryGame-Windows.utoc
LogIoDispatcher: Display: Toc loaded : ../../../FactoryGame/Mods/InventorySpace2/Content/Paks/Windows/InventorySpace2FactoryGame-Windows.utoc, Id=1de38c878d314dac, Order=0, EntryCount=4, SignatureHash=0000000000000000000000000000000000000000
LogIoDispatcher: Display: Mounting container '../../../FactoryGame/Mods/InventorySpace2/Content/Paks/Windows/InventorySpace2FactoryGame-Windows.utoc' in location slot 1
LogPakFile: Display: Mounted IoStore container "../../../FactoryGame/Mods/InventorySpace2/Content/Paks/Windows/InventorySpace2FactoryGame-Windows.utoc"
LogFilePackageStore: Mounting container: Id=1de38c878d314dac, Order=0, NumPackages=3
LogPakFile: Display: Mounted Pak file '../../../FactoryGame/Mods/InventorySpace2/Content/Paks/Windows/InventorySpace2FactoryGame-Windows.pak', mount point: '../../../FactoryGame/Mods/InventorySpace2/'
LogPakFile: Display: Mount point '../../../FactoryGame/Mods/InventorySpace2/' is not mounted to a valid Root Path yet, assets in this pak file may not be accessible until a corresponding UFS Mount Point is added through FPackageName::RegisterMountPoint.
LogIoDispatcher: Display: Reading toc: ../../../FactoryGame/Mods/MAMTips/Content/Paks/Windows/MAMTipsFactoryGame-Windows.utoc
LogIoDispatcher: Display: Toc loaded : ../../../FactoryGame/Mods/MAMTips/Content/Paks/Windows/MAMTipsFactoryGame-Windows.utoc, Id=f9e53b47b5d5e4db, Order=0, EntryCount=49, SignatureHash=0000000000000000000000000000000000000000
LogIoDispatcher: Display: Mounting container '../../../FactoryGame/Mods/MAMTips/Content/Paks/Windows/MAMTipsFactoryGame-Windows.utoc' in location slot 1
LogPakFile: Display: Mounted IoStore container "../../../FactoryGame/Mods/MAMTips/Content/Paks/Windows/MAMTipsFactoryGame-Windows.utoc"
LogFilePackageStore: Mounting container: Id=f9e53b47b5d5e4db, Order=0, NumPackages=39
LogPakFile: Display: Mounted Pak file '../../../FactoryGame/Mods/MAMTips/Content/Paks/Windows/MAMTipsFactoryGame-Windows.pak', mount point: '../../../FactoryGame/Mods/MAMTips/'
LogPakFile: Display: Mount point '../../../FactoryGame/Mods/MAMTips/' is not mounted to a valid Root Path yet, assets in this pak file may not be accessible until a corresponding UFS Mount Point is added through FPackageName::RegisterMountPoint.
LogIoDispatcher: Display: Reading toc: ../../../FactoryGame/Mods/moidu21_lib/Content/Paks/Windows/moidu21_libFactoryGame-Windows.utoc
LogIoDispatcher: Display: Toc loaded : ../../../FactoryGame/Mods/moidu21_lib/Content/Paks/Windows/moidu21_libFactoryGame-Windows.utoc, Id=b6bce8dd18fe3ca2, Order=0, EntryCount=1, SignatureHash=0000000000000000000000000000000000000000
LogIoDispatcher: Display: Mounting container '../../../FactoryGame/Mods/moidu21_lib/Content/Paks/Windows/moidu21_libFactoryGame-Windows.utoc' in location slot 1
LogPakFile: Display: Mounted IoStore container "../../../FactoryGame/Mods/moidu21_lib/Content/Paks/Windows/moidu21_libFactoryGame-Windows.utoc"
LogFilePackageStore: Mounting container: Id=b6bce8dd18fe3ca2, Order=0, NumPackages=0
LogPakFile: Display: Mounted Pak file '../../../FactoryGame/Mods/moidu21_lib/Content/Paks/Windows/moidu21_libFactoryGame-Windows.pak', mount point: '../../../FactoryGame/Mods/moidu21_lib/'
LogPakFile: Display: Mount point '../../../FactoryGame/Mods/moidu21_lib/' is not mounted to a valid Root Path yet, assets in this pak file may not be accessible until a corresponding UFS Mount Point is added through FPackageName::RegisterMountPoint.
LogIoDispatcher: Display: Reading toc: ../../../FactoryGame/Mods/MovePlayerInventory/Content/Paks/Windows/MovePlayerInventoryFactoryGame-Windows.utoc
LogIoDispatcher: Display: Toc loaded : ../../../FactoryGame/Mods/MovePlayerInventory/Content/Paks/Windows/MovePlayerInventoryFactoryGame-Windows.utoc, Id=9f4d7f882a5a0752, Order=0, EntryCount=19, SignatureHash=0000000000000000000000000000000000000000
LogIoDispatcher: Display: Mounting container '../../../FactoryGame/Mods/MovePlayerInventory/Content/Paks/Windows/MovePlayerInventoryFactoryGame-Windows.utoc' in location slot 1
LogPakFile: Display: Mounted IoStore container "../../../FactoryGame/Mods/MovePlayerInventory/Content/Paks/Windows/MovePlayerInventoryFactoryGame-Windows.utoc"
LogFilePackageStore: Mounting container: Id=9f4d7f882a5a0752, Order=0, NumPackages=10
LogPakFile: Display: Mounted Pak file '../../../FactoryGame/Mods/MovePlayerInventory/Content/Paks/Windows/MovePlayerInventoryFactoryGame-Windows.pak', mount point: '../../../FactoryGame/Mods/MovePlayerInventory/'
LogPakFile: Display: Mount point '../../../FactoryGame/Mods/MovePlayerInventory/' is not mounted to a valid Root Path yet, assets in this pak file may not be accessible until a corresponding UFS Mount Point is added through FPackageName::RegisterMountPoint.
LogIoDispatcher: Display: Reading toc: ../../../FactoryGame/Mods/OrganizedCrates/Content/Paks/Windows/OrganizedCratesFactoryGame-Windows.utoc
LogIoDispatcher: Display: Toc loaded : ../../../FactoryGame/Mods/OrganizedCrates/Content/Paks/Windows/OrganizedCratesFactoryGame-Windows.utoc, Id=6fc8403796a78274, Order=0, EntryCount=9, SignatureHash=0000000000000000000000000000000000000000
LogIoDispatcher: Display: Mounting container '../../../FactoryGame/Mods/OrganizedCrates/Content/Paks/Windows/OrganizedCratesFactoryGame-Windows.utoc' in location slot 1
LogPakFile: Display: Mounted IoStore container "../../../FactoryGame/Mods/OrganizedCrates/Content/Paks/Windows/OrganizedCratesFactoryGame-Windows.utoc"
LogFilePackageStore: Mounting container: Id=6fc8403796a78274, Order=0, NumPackages=7
LogPakFile: Display: Mounted Pak file '../../../FactoryGame/Mods/OrganizedCrates/Content/Paks/Windows/OrganizedCratesFactoryGame-Windows.pak', mount point: '../../../FactoryGame/Mods/OrganizedCrates/'
LogPakFile: Display: Mount point '../../../FactoryGame/Mods/OrganizedCrates/' is not mounted to a valid Root Path yet, assets in this pak file may not be accessible until a corresponding UFS Mount Point is added through FPackageName::RegisterMountPoint.
LogIoDispatcher: Display: Reading toc: ../../../FactoryGame/Mods/SmallAwesomeSink/Content/Paks/Windows/SmallAwesomeSinkFactoryGame-Windows.utoc
LogIoDispatcher: Display: Toc loaded : ../../../FactoryGame/Mods/SmallAwesomeSink/Content/Paks/Windows/SmallAwesomeSinkFactoryGame-Windows.utoc, Id=8692968a9c2afa60, Order=0, EntryCount=38, SignatureHash=0000000000000000000000000000000000000000
LogIoDispatcher: Display: Mounting container '../../../FactoryGame/Mods/SmallAwesomeSink/Content/Paks/Windows/SmallAwesomeSinkFactoryGame-Windows.utoc' in location slot 1
LogPakFile: Display: Mounted IoStore container "../../../FactoryGame/Mods/SmallAwesomeSink/Content/Paks/Windows/SmallAwesomeSinkFactoryGame-Windows.utoc"
LogFilePackageStore: Mounting container: Id=8692968a9c2afa60, Order=0, NumPackages=22
LogPakFile: Display: Mounted Pak file '../../../FactoryGame/Mods/SmallAwesomeSink/Content/Paks/Windows/SmallAwesomeSinkFactoryGame-Windows.pak', mount point: '../../../FactoryGame/Mods/SmallAwesomeSink/'
LogPakFile: Display: Mount point '../../../FactoryGame/Mods/SmallAwesomeSink/' is not mounted to a valid Root Path yet, assets in this pak file may not be accessible until a corresponding UFS Mount Point is added through FPackageName::RegisterMountPoint.
LogIoDispatcher: Display: Reading toc: ../../../FactoryGame/Mods/SML/Content/Paks/Windows/SMLFactoryGame-Windows.utoc
LogIoDispatcher: Display: Toc loaded : ../../../FactoryGame/Mods/SML/Content/Paks/Windows/SMLFactoryGame-Windows.utoc, Id=fa86da71c71dfbad, Order=0, EntryCount=91, SignatureHash=0000000000000000000000000000000000000000
LogIoDispatcher: Display: Mounting container '../../../FactoryGame/Mods/SML/Content/Paks/Windows/SMLFactoryGame-Windows.utoc' in location slot 1
LogPakFile: Display: Mounted IoStore container "../../../FactoryGame/Mods/SML/Content/Paks/Windows/SMLFactoryGame-Windows.utoc"
LogFilePackageStore: Mounting container: Id=fa86da71c71dfbad, Order=0, NumPackages=77
LogPakFile: Display: Mounted Pak file '../../../FactoryGame/Mods/SML/Content/Paks/Windows/SMLFactoryGame-Windows.pak', mount point: '../../../FactoryGame/Mods/SML/'
LogPakFile: Display: Mount point '../../../FactoryGame/Mods/SML/' is not mounted to a valid Root Path yet, assets in this pak file may not be accessible until a corresponding UFS Mount Point is added through FPackageName::RegisterMountPoint.
LogIoDispatcher: Display: Reading toc: ../../../FactoryGame/Mods/TenTimesAwesomePoints/Content/Paks/Windows/TenTimesAwesomePointsFactoryGame-Windows.utoc
LogIoDispatcher: Display: Toc loaded : ../../../FactoryGame/Mods/TenTimesAwesomePoints/Content/Paks/Windows/TenTimesAwesomePointsFactoryGame-Windows.utoc, Id=ddcf3336608a8ff1, Order=0, EntryCount=4, SignatureHash=0000000000000000000000000000000000000000
LogIoDispatcher: Display: Mounting container '../../../FactoryGame/Mods/TenTimesAwesomePoints/Content/Paks/Windows/TenTimesAwesomePointsFactoryGame-Windows.utoc' in location slot 1
LogPakFile: Display: Mounted IoStore container "../../../FactoryGame/Mods/TenTimesAwesomePoints/Content/Paks/Windows/TenTimesAwesomePointsFactoryGame-Windows.utoc"
LogFilePackageStore: Mounting container: Id=ddcf3336608a8ff1, Order=0, NumPackages=3
LogPakFile: Display: Mounted Pak file '../../../FactoryGame/Mods/TenTimesAwesomePoints/Content/Paks/Windows/TenTimesAwesomePointsFactoryGame-Windows.pak', mount point: '../../../FactoryGame/Mods/TenTimesAwesomePoints/'
LogPakFile: Display: Mount point '../../../FactoryGame/Mods/TenTimesAwesomePoints/' is not mounted to a valid Root Path yet, assets in this pak file may not be accessible until a corresponding UFS Mount Point is added through FPackageName::RegisterMountPoint.
LogIoDispatcher: Display: Reading toc: ../../../FactoryGame/Mods/UtilityMod/Content/Paks/Windows/UtilityModFactoryGame-Windows.utoc
LogIoDispatcher: Display: Toc loaded : ../../../FactoryGame/Mods/UtilityMod/Content/Paks/Windows/UtilityModFactoryGame-Windows.utoc, Id=356300e204f45ecf, Order=0, EntryCount=14, SignatureHash=0000000000000000000000000000000000000000
LogIoDispatcher: Display: Mounting container '../../../FactoryGame/Mods/UtilityMod/Content/Paks/Windows/UtilityModFactoryGame-Windows.utoc' in location slot 1
LogPakFile: Display: Mounted IoStore container "../../../FactoryGame/Mods/UtilityMod/Content/Paks/Windows/UtilityModFactoryGame-Windows.utoc"
LogFilePackageStore: Mounting container: Id=356300e204f45ecf, Order=0, NumPackages=13
LogPakFile: Display: Mounted Pak file '../../../FactoryGame/Mods/UtilityMod/Content/Paks/Windows/UtilityModFactoryGame-Windows.pak', mount point: '../../../FactoryGame/Mods/UtilityMod/'
LogPakFile: Display: Mount point '../../../FactoryGame/Mods/UtilityMod/' is not mounted to a valid Root Path yet, assets in this pak file may not be accessible until a corresponding UFS Mount Point is added through FPackageName::RegisterMountPoint.
LogIoDispatcher: Display: Reading toc: ../../../FactoryGame/Mods/UndergroundBelts/Content/Paks/Windows/UndergroundBeltsFactoryGame-Windows.utoc
LogIoDispatcher: Display: Toc loaded : ../../../FactoryGame/Mods/UndergroundBelts/Content/Paks/Windows/UndergroundBeltsFactoryGame-Windows.utoc, Id=e60d20d29db75c42, Order=0, EntryCount=75, SignatureHash=0000000000000000000000000000000000000000
LogIoDispatcher: Display: Mounting container '../../../FactoryGame/Mods/UndergroundBelts/Content/Paks/Windows/UndergroundBeltsFactoryGame-Windows.utoc' in location slot 1
LogPakFile: Display: Mounted IoStore container "../../../FactoryGame/Mods/UndergroundBelts/Content/Paks/Windows/UndergroundBeltsFactoryGame-Windows.utoc"
LogFilePackageStore: Mounting container: Id=e60d20d29db75c42, Order=0, NumPackages=49
LogPakFile: Display: Mounted Pak file '../../../FactoryGame/Mods/UndergroundBelts/Content/Paks/Windows/UndergroundBeltsFactoryGame-Windows.pak', mount point: '../../../FactoryGame/Mods/UndergroundBelts/'
LogPakFile: Display: Mount point '../../../FactoryGame/Mods/UndergroundBelts/' is not mounted to a valid Root Path yet, assets in this pak file may not be accessible until a corresponding UFS Mount Point is added through FPackageName::RegisterMountPoint.
LogIoDispatcher: Display: Reading toc: ../../../FactoryGame/Mods/GameFeatures/HighlightScannedObject/Content/Paks/Windows/HighlightScannedObjectFactoryGame-Windows.utoc
LogIoDispatcher: Display: Toc loaded : ../../../FactoryGame/Mods/GameFeatures/HighlightScannedObject/Content/Paks/Windows/HighlightScannedObjectFactoryGame-Windows.utoc, Id=ff0b8fa2ad42458c, Order=0, EntryCount=9, SignatureHash=0000000000000000000000000000000000000000
LogIoDispatcher: Display: Mounting container '../../../FactoryGame/Mods/GameFeatures/HighlightScannedObject/Content/Paks/Windows/HighlightScannedObjectFactoryGame-Windows.utoc' in location slot 1
LogPakFile: Display: Mounted IoStore container "../../../FactoryGame/Mods/GameFeatures/HighlightScannedObject/Content/Paks/Windows/HighlightScannedObjectFactoryGame-Windows.utoc"
LogFilePackageStore: Mounting container: Id=ff0b8fa2ad42458c, Order=0, NumPackages=8
LogPakFile: Display: Mounted Pak file '../../../FactoryGame/Mods/GameFeatures/HighlightScannedObject/Content/Paks/Windows/HighlightScannedObjectFactoryGame-Windows.pak', mount point: '../../../FactoryGame/Mods/GameFeatures/HighlightScannedObject/'
LogPakFile: Display: Mount point '../../../FactoryGame/Mods/GameFeatures/HighlightScannedObject/' is not mounted to a valid Root Path yet, assets in this pak file may not be accessible until a corresponding UFS Mount Point is added through FPackageName::RegisterMountPoint.
LogIoDispatcher: Display: Reading toc: ../../../FactoryGame/Mods/GameFeatures/CrashSiteBeacons/Content/Paks/Windows/CrashSiteBeaconsFactoryGame-Windows.utoc
LogIoDispatcher: Display: Toc loaded : ../../../FactoryGame/Mods/GameFeatures/CrashSiteBeacons/Content/Paks/Windows/CrashSiteBeaconsFactoryGame-Windows.utoc, Id=f5868d5a5b98f29f, Order=0, EntryCount=9, SignatureHash=0000000000000000000000000000000000000000
LogIoDispatcher: Display: Mounting container '../../../FactoryGame/Mods/GameFeatures/CrashSiteBeacons/Content/Paks/Windows/CrashSiteBeaconsFactoryGame-Windows.utoc' in location slot 1
LogPakFile: Display: Mounted IoStore container "../../../FactoryGame/Mods/GameFeatures/CrashSiteBeacons/Content/Paks/Windows/CrashSiteBeaconsFactoryGame-Windows.utoc"
LogFilePackageStore: Mounting container: Id=f5868d5a5b98f29f, Order=0, NumPackages=8
LogPakFile: Display: Mounted Pak file '../../../FactoryGame/Mods/GameFeatures/CrashSiteBeacons/Content/Paks/Windows/CrashSiteBeaconsFactoryGame-Windows.pak', mount point: '../../../FactoryGame/Mods/GameFeatures/CrashSiteBeacons/'
LogPakFile: Display: Mount point '../../../FactoryGame/Mods/GameFeatures/CrashSiteBeacons/' is not mounted to a valid Root Path yet, assets in this pak file may not be accessible until a corresponding UFS Mount Point is added through FPackageName::RegisterMountPoint.
LogIoDispatcher: Display: Reading toc: ../../../FactoryGame/Mods/GameFeatures/minerplus/Content/Paks/Windows/minerplusFactoryGame-Windows.utoc
LogIoDispatcher: Display: Toc loaded : ../../../FactoryGame/Mods/GameFeatures/minerplus/Content/Paks/Windows/minerplusFactoryGame-Windows.utoc, Id=e4503e83a65e26b1, Order=0, EntryCount=453, SignatureHash=0000000000000000000000000000000000000000
LogIoDispatcher: Display: Mounting container '../../../FactoryGame/Mods/GameFeatures/minerplus/Content/Paks/Windows/minerplusFactoryGame-Windows.utoc' in location slot 1
LogPakFile: Display: Mounted IoStore container "../../../FactoryGame/Mods/GameFeatures/minerplus/Content/Paks/Windows/minerplusFactoryGame-Windows.utoc"
LogFilePackageStore: Mounting container: Id=e4503e83a65e26b1, Order=0, NumPackages=394
LogPakFile: Display: Mounted Pak file '../../../FactoryGame/Mods/GameFeatures/minerplus/Content/Paks/Windows/minerplusFactoryGame-Windows.pak', mount point: '../../../FactoryGame/Mods/GameFeatures/minerplus/'
LogPakFile: Display: Mount point '../../../FactoryGame/Mods/GameFeatures/minerplus/' is not mounted to a valid Root Path yet, assets in this pak file may not be accessible until a corresponding UFS Mount Point is added through FPackageName::RegisterMountPoint.
LogIoDispatcher: Display: Reading toc: ../../../FactoryGame/Mods/GameFeatures/BlueprintHighlighted/Content/Paks/Windows/BlueprintHighlightedFactoryGame-Windows.utoc
LogIoDispatcher: Display: Toc loaded : ../../../FactoryGame/Mods/GameFeatures/BlueprintHighlighted/Content/Paks/Windows/BlueprintHighlightedFactoryGame-Windows.utoc, Id=3789050eedd9b94f, Order=0, EntryCount=10, SignatureHash=0000000000000000000000000000000000000000
LogIoDispatcher: Display: Mounting container '../../../FactoryGame/Mods/GameFeatures/BlueprintHighlighted/Content/Paks/Windows/BlueprintHighlightedFactoryGame-Windows.utoc' in location slot 1
LogPakFile: Display: Mounted IoStore container "../../../FactoryGame/Mods/GameFeatures/BlueprintHighlighted/Content/Paks/Windows/BlueprintHighlightedFactoryGame-Windows.utoc"
LogFilePackageStore: Mounting container: Id=3789050eedd9b94f, Order=0, NumPackages=9
LogPakFile: Display: Mounted Pak file '../../../FactoryGame/Mods/GameFeatures/BlueprintHighlighted/Content/Paks/Windows/BlueprintHighlightedFactoryGame-Windows.pak', mount point: '../../../FactoryGame/Mods/GameFeatures/BlueprintHighlighted/'
LogPakFile: Display: Mount point '../../../FactoryGame/Mods/GameFeatures/BlueprintHighlighted/' is not mounted to a valid Root Path yet, assets in this pak file may not be accessible until a corresponding UFS Mount Point is added through FPackageName::RegisterMountPoint.
LogIoDispatcher: Display: Reading toc: ../../../FactoryGame/Mods/GameFeatures/NoSplash/Content/Paks/Windows/NoSplashFactoryGame-Windows.utoc
LogIoDispatcher: Display: Toc loaded : ../../../FactoryGame/Mods/GameFeatures/NoSplash/Content/Paks/Windows/NoSplashFactoryGame-Windows.utoc, Id=e98882fa6fdc6ae6, Order=0, EntryCount=5, SignatureHash=0000000000000000000000000000000000000000
LogIoDispatcher: Display: Mounting container '../../../FactoryGame/Mods/GameFeatures/NoSplash/Content/Paks/Windows/NoSplashFactoryGame-Windows.utoc' in location slot 1
LogPakFile: Display: Mounted IoStore container "../../../FactoryGame/Mods/GameFeatures/NoSplash/Content/Paks/Windows/NoSplashFactoryGame-Windows.utoc"
LogFilePackageStore: Mounting container: Id=e98882fa6fdc6ae6, Order=0, NumPackages=4
LogPakFile: Display: Mounted Pak file '../../../FactoryGame/Mods/GameFeatures/NoSplash/Content/Paks/Windows/NoSplashFactoryGame-Windows.pak', mount point: '../../../FactoryGame/Mods/GameFeatures/NoSplash/'
LogPakFile: Display: Mount point '../../../FactoryGame/Mods/GameFeatures/NoSplash/' is not mounted to a valid Root Path yet, assets in this pak file may not be accessible until a corresponding UFS Mount Point is added through FPackageName::RegisterMountPoint.
LogIoDispatcher: Display: Reading toc: ../../../FactoryGame/Mods/GameFeatures/FlashlightSettings/Content/Paks/Windows/FlashlightSettingsFactoryGame-Windows.utoc
LogIoDispatcher: Display: Toc loaded : ../../../FactoryGame/Mods/GameFeatures/FlashlightSettings/Content/Paks/Windows/FlashlightSettingsFactoryGame-Windows.utoc, Id=98958c5fbea7e799, Order=0, EntryCount=31, SignatureHash=0000000000000000000000000000000000000000
LogIoDispatcher: Display: Mounting container '../../../FactoryGame/Mods/GameFeatures/FlashlightSettings/Content/Paks/Windows/FlashlightSettingsFactoryGame-Windows.utoc' in location slot 1
LogPakFile: Display: Mounted IoStore container "../../../FactoryGame/Mods/GameFeatures/FlashlightSettings/Content/Paks/Windows/FlashlightSettingsFactoryGame-Windows.utoc"
LogFilePackageStore: Mounting container: Id=98958c5fbea7e799, Order=0, NumPackages=29
LogPakFile: Display: Mounted Pak file '../../../FactoryGame/Mods/GameFeatures/FlashlightSettings/Content/Paks/Windows/FlashlightSettingsFactoryGame-Windows.pak', mount point: '../../../FactoryGame/Mods/GameFeatures/FlashlightSettings/'
LogPakFile: Display: Mount point '../../../FactoryGame/Mods/GameFeatures/FlashlightSettings/' is not mounted to a valid Root Path yet, assets in this pak file may not be accessible until a corresponding UFS Mount Point is added through FPackageName::RegisterMountPoint.
LogIoDispatcher: Display: Reading toc: ../../../FactoryGame/Mods/GameFeatures/InfiniteNudge/Content/Paks/Windows/InfiniteNudgeFactoryGame-Windows.utoc
LogIoDispatcher: Display: Toc loaded : ../../../FactoryGame/Mods/GameFeatures/InfiniteNudge/Content/Paks/Windows/InfiniteNudgeFactoryGame-Windows.utoc, Id=d0b2c2556f9f0d86, Order=0, EntryCount=62, SignatureHash=0000000000000000000000000000000000000000
LogIoDispatcher: Display: Mounting container '../../../FactoryGame/Mods/GameFeatures/InfiniteNudge/Content/Paks/Windows/InfiniteNudgeFactoryGame-Windows.utoc' in location slot 1
LogPakFile: Display: Mounted IoStore container "../../../FactoryGame/Mods/GameFeatures/InfiniteNudge/Content/Paks/Windows/InfiniteNudgeFactoryGame-Windows.utoc"
LogFilePackageStore: Mounting container: Id=d0b2c2556f9f0d86, Order=0, NumPackages=39
LogPakFile: Display: Mounted Pak file '../../../FactoryGame/Mods/GameFeatures/InfiniteNudge/Content/Paks/Windows/InfiniteNudgeFactoryGame-Windows.pak', mount point: '../../../FactoryGame/Mods/GameFeatures/InfiniteNudge/'
LogPakFile: Display: Mount point '../../../FactoryGame/Mods/GameFeatures/InfiniteNudge/' is not mounted to a valid Root Path yet, assets in this pak file may not be accessible until a corresponding UFS Mount Point is added through FPackageName::RegisterMountPoint.
LogIoDispatcher: Display: Reading toc: ../../../FactoryGame/Mods/GameFeatures/InfiniteZoop/Content/Paks/Windows/InfiniteZoopFactoryGame-Windows.utoc
LogIoDispatcher: Display: Toc loaded : ../../../FactoryGame/Mods/GameFeatures/InfiniteZoop/Content/Paks/Windows/InfiniteZoopFactoryGame-Windows.utoc, Id=e19adf24d9ecb605, Order=0, EntryCount=4169, SignatureHash=0000000000000000000000000000000000000000
LogIoDispatcher: Display: Mounting container '../../../FactoryGame/Mods/GameFeatures/InfiniteZoop/Content/Paks/Windows/InfiniteZoopFactoryGame-Windows.utoc' in location slot 1
LogPakFile: Display: Mounted IoStore container "../../../FactoryGame/Mods/GameFeatures/InfiniteZoop/Content/Paks/Windows/InfiniteZoopFactoryGame-Windows.utoc"
LogFilePackageStore: Mounting container: Id=e19adf24d9ecb605, Order=0, NumPackages=4151
LogPakFile: Display: Mounted Pak file '../../../FactoryGame/Mods/GameFeatures/InfiniteZoop/Content/Paks/Windows/InfiniteZoopFactoryGame-Windows.pak', mount point: '../../../FactoryGame/Mods/GameFeatures/InfiniteZoop/'
LogPakFile: Display: Mount point '../../../FactoryGame/Mods/GameFeatures/InfiniteZoop/' is not mounted to a valid Root Path yet, assets in this pak file may not be accessible until a corresponding UFS Mount Point is added through FPackageName::RegisterMountPoint.
LogIoDispatcher: Display: Reading toc: ../../../FactoryGame/Mods/GameFeatures/SkyUI/Content/Paks/Windows/SkyUIFactoryGame-Windows.utoc
LogIoDispatcher: Display: Toc loaded : ../../../FactoryGame/Mods/GameFeatures/SkyUI/Content/Paks/Windows/SkyUIFactoryGame-Windows.utoc, Id=fd8ea6842ba0410a, Order=0, EntryCount=108, SignatureHash=0000000000000000000000000000000000000000
LogIoDispatcher: Display: Mounting container '../../../FactoryGame/Mods/GameFeatures/SkyUI/Content/Paks/Windows/SkyUIFactoryGame-Windows.utoc' in location slot 1
LogPakFile: Display: Mounted IoStore container "../../../FactoryGame/Mods/GameFeatures/SkyUI/Content/Paks/Windows/SkyUIFactoryGame-Windows.utoc"
LogFilePackageStore: Mounting container: Id=fd8ea6842ba0410a, Order=0, NumPackages=85
LogPakFile: Display: Mounted Pak file '../../../FactoryGame/Mods/GameFeatures/SkyUI/Content/Paks/Windows/SkyUIFactoryGame-Windows.pak', mount point: '../../../FactoryGame/Mods/GameFeatures/SkyUI/'
LogPakFile: Display: Mount point '../../../FactoryGame/Mods/GameFeatures/SkyUI/' is not mounted to a valid Root Path yet, assets in this pak file may not be accessible until a corresponding UFS Mount Point is added through FPackageName::RegisterMountPoint.
LogConfig: Applying CVar settings from Section [/Script/FFXFSR3Settings.FFXFSR3Settings] File [Engine]
LogConfig: Set CVar [[r.FidelityFX.FSR3.HistoryFormat:0]]
LogConfig: Set CVar [[r.FidelityFX.FSR3.DeDither:0]]
LogConfig: Set CVar [[r.FidelityFX.FSR3.UseSSRExperimentalDenoiser:0]]
LogConfig: Set CVar [[r.FidelityFX.FSR3.CreateReactiveMask:0]]
LogHAL: Log category LogOnlineSession verbosity has been raised to Verbose.
LogNFORDenoise: NFORDenoise function starting up
LogEOSShared: Loaded "C:/Program Files (x86)/Steam/steamapps/common/Satisfactory/Engine/Binaries/Win64/EOSSDK-Win64-Shipping.dll"
LogEOSShared: FEOSSDKManager::Initialize Initializing EOSSDK Version:1.18.1.2-47370208
LogInit: Using libcurl 8.12.1
LogInit:  - built for Windows
LogInit:  - supports SSL with OpenSSL/1.1.1t
LogInit:  - supports HTTP deflate (compression) using libz 1.3
LogInit:  - other features:
LogInit:      CURL_VERSION_SSL
LogInit:      CURL_VERSION_LIBZ
LogInit:      CURL_VERSION_IPV6
LogInit:      CURL_VERSION_ASYNCHDNS
LogInit:      CURL_VERSION_LARGEFILE
LogInit:      CURL_VERSION_TLSAUTH_SRP
LogInit:      CURL_VERSION_HTTP2
LogInit:  CurlRequestOptions (configurable via config and command line):
LogInit:  - bVerifyPeer = true  - Libcurl will verify peer certificate
LogInit:  - bUseHttpProxy = false  - Libcurl will NOT use HTTP proxy
LogInit:  - bDontReuseConnections = false  - Libcurl will reuse connections
LogInit:  - MaxHostConnections = 16  - Libcurl will limit the number of connections to a host
LogInit:  - LocalHostAddr = Default
LogInit:  - BufferSize = 65536
LogInit: CreateHttpThread using FCurlMultiPollEventLoopHttpThread
LogInit: Creating http thread with maximum 256 concurrent requests
LogInit: WinSock: version 1.1 (2.2), MaxSocks=32767, MaxUdp=65467
LogOnline: OSS: Created online subsystem instance for: NULL
LogOnline: OSS: TryLoadSubsystemAndSetDefault: Loaded subsystem for type [NULL]
LogDLSSBlueprint: Loaded DLSS-SR plugin version 8.1.0-NGX310.2.1.0
LogDLSSNGXVulkanRHIPreInit: FNGXVulkanRHIPreInitModule::StartupModule Enter
LogRHI: Using Default RHI: D3D12
LogRHI: Using Highest Feature Level of D3D12: SM6
LogRHI: Loading RHI module D3D12RHI
LogRHI: Checking if RHI D3D12 with Feature Level SM6 is supported by your system.
LogD3D12RHI: Found D3D12 adapter 0: AMD Radeon(TM) Graphics (VendorId: 1002, DeviceId: 1681, SubSysId: 3da517aa, Revision: 000a
LogD3D12RHI:   Max supported Feature Level 12_2, shader model 6.7, binding tier 3, wave ops supported, atomic64 supported
LogD3D12RHI:   Adapter has 2019MB of dedicated video memory, 0MB of dedicated system memory, and 7010MB of shared system memory, 1 output[s], UMA:true
LogD3D12RHI:   Driver Version: AMD Software: Adrenalin Edition 26.5.2 (internal:32.0.21043.10005, unified:32.0.21043.10005)
LogD3D12RHI:      Driver Date: 5-12-2026
LogD3D12RHI: Found D3D12 adapter 1: Microsoft Basic Render Driver (VendorId: 1414, DeviceId: 008c, SubSysId: 0000, Revision: 0000
LogD3D12RHI:   Max supported Feature Level 12_1, shader model 6.7, binding tier 3, wave ops supported, atomic64 supported
LogD3D12RHI:   Adapter has 0MB of dedicated video memory, 0MB of dedicated system memory, and 7010MB of shared system memory, 0 output[s], UMA:true
LogD3D12RHI: DirectX Agility SDK runtime found.
LogD3D12RHI: Chosen D3D12 Adapter Id = 0
LogRHI: RHI D3D12 with Feature Level SM6 is supported and will be used.
LogDLSSNGXVulkanRHIPreInit: GetSelectedDynamicRHIModuleName = D3D12RHI
LogDLSSNGXVulkanRHIPreInit: VulkanRHI is not the active DynamicRHI; skipping of pregistering the required NGX DLSS Vulkan device and instance extensions via the VulkanRHIBridge
LogDLSSNGXVulkanRHIPreInit: FNGXVulkanRHIPreInitModule::StartupModule Leave
LogFSR3: FSR3 Temporal Upscaling Module Started
LogFFXFI: FFX Frame Interpolation Module Started
LogSteamShared: Display: Loading Steam SDK 1.57
LogSteamShared: Steam SDK Loaded!
LogStreamlineShaders: Loaded Streamline plugin version 8.1.0-SL2.7.30
LogRHI: Using Default RHI: D3D12
LogRHI: Using Highest Feature Level of D3D12: SM6
LogRHI: Loading RHI module D3D12RHI
LogRHI: Checking if RHI D3D12 with Feature Level SM6 is supported by your system.
LogRHI: RHI D3D12 with Feature Level SM6 is supported and will be used.
LogStringTable: Warning: Failed to find string table entry for 'Menus_UI' 'Players/Messages/YouGotKicked'. Did you forget to add a string table redirector?
LogStringTable: Warning: Failed to find string table entry for 'Menus_UI' 'Sessions/JoinSession/Header'. Did you forget to add a string table redirector?
LogStringTable: Warning: Failed to find string table entry for 'Menus_UI' 'Sessions/JoinSession/Body'. Did you forget to add a string table redirector?
LogStringTable: Warning: Failed to find string table entry for 'Messages_UI' 'Warnings/JoinSession/FailedToDestroyOldSession'. Did you forget to add a string table redirector?
LogStringTable: Warning: Failed to find string table entry for 'Messages_UI' 'Warnings/JoinSession/FailedToLookupFriendsId'. Did you forget to add a string table redirector?
LogStringTable: Warning: Failed to find string table entry for 'Messages_UI' 'Warnings/JoinSession/FailedToLookupHostId'. Did you forget to add a string table redirector?
LogStringTable: Warning: Failed to find string table entry for 'Messages_UI' 'Warnings/JoinSession/FailedToJoinSession'. Did you forget to add a string table redirector?
LogStringTable: Warning: Failed to find string table entry for 'Menus_UI' 'Sessions/SessionExpired/Header'. Did you forget to add a string table redirector?
LogStringTable: Warning: Failed to find string table entry for 'Menus_UI' 'Session/SessionExpired/Body'. Did you forget to add a string table redirector?
LogStringTable: Warning: Failed to find string table entry for 'Menus_UI' 'Session/ClientSessionTimeout/Header'. Did you forget to add a string table redirector?
LogStringTable: Warning: Failed to find string table entry for 'Menus_UI' 'Session/ClientSessionTimeout/Body'. Did you forget to add a string table redirector?
LogStringTable: Warning: Failed to find string table entry for 'Menus_UI' 'Sessions/Errors/OfflineFallback/aTitle'. Did you forget to add a string table redirector?
LogStringTable: Warning: Failed to find string table entry for 'Menus_UI' 'Sessions/Errors/OfflineFallback/Body'. Did you forget to add a string table redirector?
LogInit: ExecutableName: FactoryGameSteam-Win64-Shipping.exe
LogInit: Build: ++FactoryGame+rel-main-1.2.0-CL-493833
LogInit: Platform=Windows
LogInit: MachineId=3291ca854b01b3d45f838cbc4bd7329d
LogInit: DeviceId=
LogInit: Engine Version: 5.6.1-493833+++FactoryGame+rel-main-1.2.0
LogInit: Compatible Engine Version: 5.6.1-493833+++FactoryGame+rel-main-1.2.0
LogInit: Net CL: 493833
LogInit: OS: Windows 11 (25H2) [10.0.26200.8117] (), CPU: AMD Ryzen 7 7735HS with Radeon Graphics        , GPU: AMD Radeon(TM) Graphics
LogInit: Compiled (64-bit): Jun 10 2026 00:55:59
LogInit: Architecture: x64
LogInit: Compiled with Visual C++: 19.38.33141.00
LogInit: Build Configuration: Shipping
LogInit: Branch Name: ++FactoryGame+rel-main-1.2.0
LogInit: Command Line: -NO_EOS_OVERLAY
LogInit: Base Directory: C:/Program Files (x86)/Steam/steamapps/common/Satisfactory/Engine/Binaries/Win64/
LogInit: Allocator: Binned2
LogInit: Installed Engine Build: 1
LogInit: This binary is optimized with LTO: no, PGO: no, instrumented for PGO data collection: no
LogInit: Launcher File: C:/Program Files (x86)/Steam/steamapps/common/Satisfactory/launcher_id
LogInit: Launcher ID: steam
LogInit: Launcher Artifact: 
LogInit: Presizing for max 2097152 objects, including 1 objects not considered by GC.
LogInit: Object subsystem initialized
[2026.06.15-12.00.32:025][  0]LogRHI: Using Default RHI: D3D12
[2026.06.15-12.00.32:025][  0]LogRHI: Using Highest Feature Level of D3D12: SM6
[2026.06.15-12.00.32:025][  0]LogRHI: Loading RHI module D3D12RHI
[2026.06.15-12.00.32:025][  0]LogRHI: Checking if RHI D3D12 with Feature Level SM6 is supported by your system.
[2026.06.15-12.00.32:025][  0]LogRHI: RHI D3D12 with Feature Level SM6 is supported and will be used.
[2026.06.15-12.00.32:025][  0]LogInit: Selected Device Profile: [Windows]
[2026.06.15-12.00.32:025][  0]LogHAL: Display: Platform has ~ 14 GB [14701584384 / 17179869184 / 14], which maps to Larger [LargestMinGB=32, LargerMinGB=12, DefaultMinGB=8, SmallerMinGB=6, SmallestMinGB=0)
[2026.06.15-12.00.32:025][  0]LogDeviceProfileManager: Going up to parent DeviceProfile []
[2026.06.15-12.00.32:025][  0]LogDeviceProfileManager: Pushing Device Profile CVar: [[UI.SlateSDFText.RasterizationMode:Bitmap -> Msdf]]
[2026.06.15-12.00.32:025][  0]LogDeviceProfileManager: Pushing Device Profile CVar: [[UI.SlateSDFText.ResolutionLevel:2 -> 2]]
[2026.06.15-12.00.32:028][  0]LogInit: Computer: SLIM
[2026.06.15-12.00.32:028][  0]LogInit: User: cheva
[2026.06.15-12.00.32:028][  0]LogInit: CPU Page size=4096, Cores=8
[2026.06.15-12.00.32:028][  0]LogInit: High frequency timer resolution =10.000000 MHz
[2026.06.15-12.00.32:028][  0]LogMemory: Process is running as part of a Windows Job with separate resource limits
[2026.06.15-12.00.32:028][  0]LogMemory: Memory total: Physical=13.7GB (14GB approx) Virtual=25.2GB
[2026.06.15-12.00.32:028][  0]LogMemory: Platform Memory Stats for Windows
[2026.06.15-12.00.32:028][  0]LogMemory: Process Physical Memory: 242.79 MB used, 341.51 MB peak
[2026.06.15-12.00.32:028][  0]LogMemory: Process Virtual Memory: 182.50 MB used, 210.78 MB peak
[2026.06.15-12.00.32:028][  0]LogMemory: Physical Memory: 5155.94 MB used,  8864.58 MB free, 14020.52 MB total
[2026.06.15-12.00.32:028][  0]LogMemory: Virtual Memory: 6875.89 MB used,  18920.63 MB free, 25796.52 MB total
[2026.06.15-12.00.32:037][  0]LogWindows: WindowsPlatformFeatures enabled
[2026.06.15-12.00.32:126][  0]LogInit: Physics initialised using underlying interface: Chaos
[2026.06.15-12.00.32:128][  0]LogInit: Overriding language with engine language configuration option (ru).
[2026.06.15-12.00.32:128][  0]LogInit: Overriding language with engine locale configuration option (ru).
[2026.06.15-12.00.32:188][  0]LogTextLocalizationResource: LocRes '../../../FactoryGame/Plugins/XeSS/Content/Localization/XeSS/ru/XeSS.locres' could not be opened for reading!
[2026.06.15-12.00.32:188][  0]LogTextLocalizationResource: LocRes '../../../FactoryGame/Mods/GameFeatures/InfiniteNudge/Content/Localization/InfiniteNudge/ru/InfiniteNudge.locres' could not be opened for reading!
[2026.06.15-12.00.32:215][  0]LogWindowsTextInputMethodSystem: Available input methods:
[2026.06.15-12.00.32:215][  0]LogWindowsTextInputMethodSystem:   - English (United States) - (Keyboard).
[2026.06.15-12.00.32:215][  0]LogWindowsTextInputMethodSystem:   - Russian (Russia) - (Keyboard).
[2026.06.15-12.00.32:215][  0]LogWindowsTextInputMethodSystem: Activated input method: English (United States) - (Keyboard).
[2026.06.15-12.00.32:226][  0]LogWindowsTouchpad: Display: CacheForceMaxTouchpadSensitivityMode SetMaxTouchpadSensitivity
[2026.06.15-12.00.32:234][  0]LogObj: Display: Attempting to load config data for Default__SlateThemeManager before the Class has been constructed/registered/linked (likely during module loading or early startup). This will result in the load silently failing and should be fixed.
[2026.06.15-12.00.32:237][  0]LogSlate: New Slate User Created. Platform User Id 0, User Index 0, Is Virtual User: 0
[2026.06.15-12.00.32:237][  0]LogSlate: Slate User Registered.  User Index 0, Is Virtual User: 0
[2026.06.15-12.00.32:319][  0]LogRHI: Using Default RHI: D3D12
[2026.06.15-12.00.32:319][  0]LogRHI: Using Highest Feature Level of D3D12: SM6
[2026.06.15-12.00.32:319][  0]LogRHI: Loading RHI module D3D12RHI
[2026.06.15-12.00.32:319][  0]LogRHI: Checking if RHI D3D12 with Feature Level SM6 is supported by your system.
[2026.06.15-12.00.32:319][  0]LogRHI: RHI D3D12 with Feature Level SM6 is supported and will be used.
[2026.06.15-12.00.32:319][  0]LogD3D12RHI: Integrated GPU (iGPU): true
[2026.06.15-12.00.32:319][  0]LogD3D12RHI: Display: Creating D3D12 RHI with Max Feature Level SM6
[2026.06.15-12.00.32:321][  0]LogWindows: Attached monitors:
[2026.06.15-12.00.32:321][  0]LogWindows:     resolution: 1600x1000, work area: (0, 0) -> (1600, 952), device: '\\.\DISPLAY1' [PRIMARY]
[2026.06.15-12.00.32:321][  0]LogWindows: Found 1 attached monitors.
[2026.06.15-12.00.32:321][  0]LogWindows: Gathering driver information using Windows Setup API
[2026.06.15-12.00.32:322][  0]LogRHI: RHI Adapter Info:
[2026.06.15-12.00.32:322][  0]LogRHI:             Name: AMD Radeon(TM) Graphics
[2026.06.15-12.00.32:322][  0]LogRHI:   Driver Version: AMD Software: Adrenalin Edition 26.5.2 (internal:32.0.21043.10005, unified:32.0.21043.10005)
[2026.06.15-12.00.32:322][  0]LogRHI:      Driver Date: 5-12-2026
[2026.06.15-12.00.32:322][  0]LogD3D12RHI:     GPU DeviceId: 0x1681 (for the marketing name, search the web for "GPU Device Id")
[2026.06.15-12.00.32:801][  0]LogD3D12RHI: InitD3DDevice: -D3DDebug = off -D3D12GPUValidation = off
[2026.06.15-12.00.33:059][  0]LogD3D12RHI: ID3D12Device1 is supported.
[2026.06.15-12.00.33:062][  0]LogD3D12RHI: ID3D12Device2 is supported.
[2026.06.15-12.00.33:062][  0]LogD3D12RHI: ID3D12Device3 is supported.
[2026.06.15-12.00.33:062][  0]LogD3D12RHI: ID3D12Device4 is supported.
[2026.06.15-12.00.33:062][  0]LogD3D12RHI: ID3D12Device5 is supported.
[2026.06.15-12.00.33:062][  0]LogD3D12RHI: ID3D12Device6 is supported.
[2026.06.15-12.00.33:062][  0]LogD3D12RHI: ID3D12Device7 is supported.
[2026.06.15-12.00.33:062][  0]LogD3D12RHI: ID3D12Device8 is supported.
[2026.06.15-12.00.33:062][  0]LogD3D12RHI: ID3D12Device9 is supported.
[2026.06.15-12.00.33:062][  0]LogD3D12RHI: ID3D12Device10 is supported.
[2026.06.15-12.00.33:062][  0]LogD3D12RHI: ID3D12Device11 is supported.
[2026.06.15-12.00.33:062][  0]LogD3D12RHI: ID3D12Device12 is supported.
[2026.06.15-12.00.33:062][  0]LogD3D12RHI: Bindless resources are supported
[2026.06.15-12.00.33:062][  0]LogD3D12RHI: Stencil ref from pixel shader is supported
[2026.06.15-12.00.33:062][  0]LogD3D12RHI: Raster order views are supported
[2026.06.15-12.00.33:062][  0]LogD3D12RHI: Wave Operations are supported (wave size: min=32 max=64).
[2026.06.15-12.00.33:062][  0]LogD3D12RHI: Mesh shader tier 1.0 is supported
[2026.06.15-12.00.33:062][  0]LogD3D12RHI: AtomicInt64OnTypedResource is supported
[2026.06.15-12.00.33:062][  0]LogD3D12RHI: AtomicInt64OnGroupShared is supported
[2026.06.15-12.00.33:062][  0]LogD3D12RHI: AtomicInt64OnDescriptorHeapResource is supported
[2026.06.15-12.00.33:062][  0]LogD3D12RHI: Shader Model 6.6 atomic64 is supported
[2026.06.15-12.00.33:101][  0]LogD3D12RHI: [GPUBreadCrumb] Successfully setup breadcrumb resource for DiagnosticBuffer (Queue: 0x00000275D1BC50C0)
[2026.06.15-12.00.33:101][  0]LogD3D12RHI: [GPUBreadCrumb] Successfully setup breadcrumb resource for DiagnosticBuffer (Queue: 0x00000275D1BC5340)
[2026.06.15-12.00.33:102][  0]LogD3D12RHI: [GPUBreadCrumb] Successfully setup breadcrumb resource for DiagnosticBuffer (Queue: 0x00000275D1BC55C0)
[2026.06.15-12.00.33:102][  0]LogD3D12RHI: Display: Not using pipeline state disk cache per r.D3D12.PSO.DiskCache=0
[2026.06.15-12.00.33:102][  0]LogD3D12RHI: Display: Not using driver-optimized pipeline state disk cache per r.D3D12.PSO.DriverOptimizedDiskCache=0
[2026.06.15-12.00.33:102][  0]LogRHI: Texture pool is 5242 MB (70% of 7489 MB)
[2026.06.15-12.00.33:102][  0]LogD3D12RHI: Async texture creation enabled
[2026.06.15-12.00.33:102][  0]LogD3D12RHI: RHI has support for 64 bit atomics
[2026.06.15-12.00.33:139][  0]LogVRS: Current RHI supports per-draw and screenspace Variable Rate Shading
[2026.06.15-12.00.33:149][  0]LogInit: Initializing FReadOnlyCVARCache
[2026.06.15-12.00.33:160][  0]LogRendererCore: Ray tracing is disabled. Reason: disabled through project setting (r.RayTracing=0).
[2026.06.15-12.00.33:164][  0]LogShaderLibrary: Display: Using IoDispatcher for shader code library Global. Total 7508 unique shaders.
[2026.06.15-12.00.33:164][  0]LogShaderLibrary: Display: Cooked Context: Using Shared Shader Library Global
[2026.06.15-12.00.33:164][  0]LogShaderLibrary: Display: Logical shader library 'Global' has been created as a monolithic library
[2026.06.15-12.00.33:165][  0]LogShaderLibrary: Display: Using IoDispatcher for shader code library ContainerWithScreen. Total 32 unique shaders.
[2026.06.15-12.00.33:165][  0]LogShaderLibrary: Display: Cooked Context: Using Shared Shader Library ContainerWithScreen
[2026.06.15-12.00.33:165][  0]LogShaderLibrary: Display: Logical shader library 'ContainerWithScreen' has been created as a monolithic library
[2026.06.15-12.00.33:165][  0]LogShaderLibrary: Display: Using IoDispatcher for shader code library MAMTips. Total 14 unique shaders.
[2026.06.15-12.00.33:165][  0]LogShaderLibrary: Display: Cooked Context: Using Shared Shader Library MAMTips
[2026.06.15-12.00.33:165][  0]LogShaderLibrary: Display: Logical shader library 'MAMTips' has been created as a monolithic library
[2026.06.15-12.00.33:166][  0]LogShaderLibrary: Display: Using IoDispatcher for shader code library MovePlayerInventory. Total 14 unique shaders.
[2026.06.15-12.00.33:166][  0]LogShaderLibrary: Display: Cooked Context: Using Shared Shader Library MovePlayerInventory
[2026.06.15-12.00.33:166][  0]LogShaderLibrary: Display: Logical shader library 'MovePlayerInventory' has been created as a monolithic library
[2026.06.15-12.00.33:166][  0]LogShaderLibrary: Display: Using IoDispatcher for shader code library SmallAwesomeSink. Total 12 unique shaders.
[2026.06.15-12.00.33:166][  0]LogShaderLibrary: Display: Cooked Context: Using Shared Shader Library SmallAwesomeSink
[2026.06.15-12.00.33:166][  0]LogShaderLibrary: Display: Logical shader library 'SmallAwesomeSink' has been created as a monolithic library
[2026.06.15-12.00.33:167][  0]LogShaderLibrary: Display: Using IoDispatcher for shader code library ContainerScreen. Total 30 unique shaders.
[2026.06.15-12.00.33:167][  0]LogShaderLibrary: Display: Cooked Context: Using Shared Shader Library ContainerScreen
[2026.06.15-12.00.33:167][  0]LogShaderLibrary: Display: Logical shader library 'ContainerScreen' has been created as a monolithic library
[2026.06.15-12.00.33:169][  0]LogShaderLibrary: Display: Using IoDispatcher for shader code library InfiniteNudge. Total 42 unique shaders.
[2026.06.15-12.00.33:169][  0]LogShaderLibrary: Display: Cooked Context: Using Shared Shader Library InfiniteNudge
[2026.06.15-12.00.33:169][  0]LogShaderLibrary: Display: Logical shader library 'InfiniteNudge' has been created as a monolithic library
[2026.06.15-12.00.33:170][  0]LogShaderLibrary: Display: Using IoDispatcher for shader code library InfiniteZoop. Total 26 unique shaders.
[2026.06.15-12.00.33:170][  0]LogShaderLibrary: Display: Cooked Context: Using Shared Shader Library InfiniteZoop
[2026.06.15-12.00.33:170][  0]LogShaderLibrary: Display: Logical shader library 'InfiniteZoop' has been created as a monolithic library
[2026.06.15-12.00.33:170][  0]LogShaderLibrary: Display: Using IoDispatcher for shader code library SML. Total 12 unique shaders.
[2026.06.15-12.00.33:170][  0]LogShaderLibrary: Display: Cooked Context: Using Shared Shader Library SML
[2026.06.15-12.00.33:170][  0]LogShaderLibrary: Display: Logical shader library 'SML' has been created as a monolithic library
[2026.06.15-12.00.33:170][  0]LogShaderLibrary: Display: Using IoDispatcher for shader code library SkyUI. Total 14 unique shaders.
[2026.06.15-12.00.33:170][  0]LogShaderLibrary: Display: Cooked Context: Using Shared Shader Library SkyUI
[2026.06.15-12.00.33:170][  0]LogShaderLibrary: Display: Logical shader library 'SkyUI' has been created as a monolithic library
[2026.06.15-12.00.33:170][  0]LogShaderLibrary: Display: Using IoDispatcher for shader code library UndergroundBelts. Total 69 unique shaders.
[2026.06.15-12.00.33:170][  0]LogShaderLibrary: Display: Cooked Context: Using Shared Shader Library UndergroundBelts
[2026.06.15-12.00.33:170][  0]LogShaderLibrary: Display: Logical shader library 'UndergroundBelts' has been created as a monolithic library
[2026.06.15-12.00.33:173][  0]LogShaderLibrary: Display: Using IoDispatcher for shader code library minerplus. Total 259 unique shaders.
[2026.06.15-12.00.33:173][  0]LogShaderLibrary: Display: Cooked Context: Using Shared Shader Library minerplus
[2026.06.15-12.00.33:173][  0]LogShaderLibrary: Display: Logical shader library 'minerplus' has been created as a monolithic library
[2026.06.15-12.00.33:198][  0]LogInit: XR: Instanced Stereo Rendering is Disabled
[2026.06.15-12.00.33:198][  0]LogInit: XR: MultiViewport is Disabled
[2026.06.15-12.00.33:198][  0]LogInit: XR: Mobile Multiview is Disabled
[2026.06.15-12.00.33:229][  0]LogSlate: Using FreeType 2.10.0
[2026.06.15-12.00.33:235][  0]LogSlate: SlateFontServices - WITH_FREETYPE: 1, WITH_HARFBUZZ: 1
[2026.06.15-12.00.33:261][  0]LogEOSSDK: LogEOS: [Boot] EOSSDK Version 1.18.1.2-47370208 booting at 2026-06-15T12:00:33.261Z using C
[2026.06.15-12.00.33:264][  0]LogEOSSDK: LogEOS: [Boot] EOSSDK Platform Configuration win64-dynamic-x86_64
[2026.06.15-12.00.33:264][  0]LogEOSSDK: LogEOS: [Boot] EOSSDK Platform Properties [OS=Windows/10.0.26100.8115.64bit, ClientId=02612880aa774fb28e3741d3e01501fd, ProductId=prod-crab, SandboxId=crab, DeploymentId=5aebeb30a7614270b4f40c0bc2fe7549, ProductName=FactoryGame, ProductVersion=++FactoryGame+rel-main-1.2.0-CL-493833, IsServer=false, Flags=None]
[2026.06.15-12.00.33:264][  0]LogEOSSDK: LogEOSAnalytics: Start Session (User: ...)
[2026.06.15-12.00.33:268][  0]LogEOSSDK: Warning: LogEOSOverlay: OverlayPath registry key not found
[2026.06.15-12.00.33:268][  0]LogEOSSDK: LogEOSOverlay: Overlay will not load, because the binary's path is not configured
[2026.06.15-12.00.33:268][  0]LogEOSSDK: Warning: LogEOSOverlay: Failed to initialize overlay module: PATH_NOT_CONFIGURED
[2026.06.15-12.00.33:269][  0]LogEOSSDK: Warning: LogEOSAuth: FAccountPortalBrowserManager::Init: Failed to register overlay: EOS_NotConfigured
[2026.06.15-12.00.33:274][  0]LogEOSSDK: Warning: LogEOSUI: Hot key event ignored because there are no known users.
[2026.06.15-12.00.33:287][  0]LogEOSSDK: LogEOSAntiCheat: [AntiCheatClient] Anti-cheat client not available. Verify that the game was started using the anti-cheat bootstrapper if you intend to use it.
[2026.06.15-12.00.33:292][  0]LogEOSSDK: LogEOSRTC: [Core] Initializing LibRTC...
[2026.06.15-12.00.33:297][  0]LogEOSSDK: LogEOS: SetApplicationStatus - OldStatus: EOS_AS_Foreground, NewStatus: EOS_AS_Foreground, Current Time: 0001.01.01-00.00.00
[2026.06.15-12.00.33:297][  0]LogEOSSDK: LogEOS: SetNetworkStatus - OldStatus: EOS_NS_Online, NewStatus: EOS_NS_Online
[2026.06.15-12.00.33:297][  0]LogEOSSDK: LogEOS: Updating Platform SDK Config, Time: 0.000647
[2026.06.15-12.00.33:320][  0]LogOnlineSchema: Parsed Schema definition: SchemaId: [LobbyBase], SchemaCompatabilityId: [0x5F1D9C43215C9EC6]
[2026.06.15-12.00.33:320][  0]LogOnlineServices: Warning: Missing bUseBuildIdOverride= in [OnlineServices] of DefaultEngine.ini
[2026.06.15-12.00.33:320][  0]LogOnlineServices: Warning: Missing BuildIdOverride= in [OnlineServices] of DefaultEngine.ini
[2026.06.15-12.00.33:320][  0]LogOnlineServices: 00000275CF7560B0 Epic online services instance initialize
[2026.06.15-12.00.33:443][  0]LogStreamlineD3D12RHI: FStreamlineD3D12RHIModule::StartupModule Enter
[2026.06.15-12.00.33:447][  0]LogStreamlineAPI: [Info]: [15-00-33][streamline][info][tid:6632][0s:003ms:797us]pluginManager.cpp:489[setHostSDKVersion] Streamline v2.7.30.afa89bde - built on Mon Mar 31 10:49:36 2025 - host SDK v2.7.30
[2026.06.15-12.00.33:447][  0]LogStreamlineAPI: Warning: [Warn]: [15-00-33][streamline][warn][tid:6632][0s:003ms:899us]file.h:96[open] File 'C:\ProgramData/NVIDIA/NGX/models/nvngx_config.txt' does not exist
[2026.06.15-12.00.33:447][  0]LogStreamlineAPI: Warning: [Warn]: [15-00-33][streamline][warn][tid:6632][0s:003ms:935us]ota.cpp:255[readServerManifest] Failed to open manifest file at: C:\ProgramData/NVIDIA/NGX/models/nvngx_config.txt
[2026.06.15-12.00.33:454][  0]LogStreamlineAPI: [Info]: [15-00-33][streamline][info][tid:6632][0s:010ms:897us]pluginManager.cpp:618[findPlugins] Looking for plugins in C:/Program Files (x86)/Steam/steamapps/common/Satisfactory/FactoryGame/Plugins/StreamlineCore/Binaries/ThirdParty/Win64 ...
[2026.06.15-12.00.33:454][  0]LogStreamlineAPI: [Info]: [15-00-33][streamline][info][tid:6632][0s:011ms:042us]pluginManager.cpp:1087[loadPlugins] Searching for OTA'd plugins...
[2026.06.15-12.00.33:472][  0]LogStreamlineAPI: [Info]: [15-00-33][streamline][info][tid:6632][0s:029ms:383us]commonInterface.cpp:150[getSystemCaps] Enumerating up to 8 adapters but only one of them can be used to create a device - no mGPU support in this SDK
[2026.06.15-12.00.33:477][  0]LogStreamlineAPI: [Info]: [15-00-33][streamline][info][tid:6632][0s:033ms:148us]commonEntry.cpp:2055[getOSVersionAndUpdateTimerResolution] Changed high resolution timer resolution to 156250 [100 ns units].
[2026.06.15-12.00.33:477][  0]LogStreamlineAPI: [Info]: [15-00-33][streamline][info][tid:6632][0s:033ms:188us]commonEntry.cpp:2130[updateEmbeddedJSON] Detected Windows OS version 10.0.26200
[2026.06.15-12.00.33:477][  0]LogStreamlineAPI: [Info]: [15-00-33][streamline][info][tid:6632][0s:033ms:312us]pluginManager.cpp:1002[mapPlugins] Loaded plugin 'sl.common' - version 2.7.30.afa89bde - id 4294967295 - priority 0 - adapter mask 0x1 - interposer 'no'
[2026.06.15-12.00.33:487][  0]LogStreamlineAPI: [Info]: [15-00-33][streamline][info][tid:6632][0s:043ms:180us]pluginManager.cpp:1002[mapPlugins] Loaded plugin 'sl.deepdvc' - version 2.7.30.afa89bde - id 5 - priority 100 - adapter mask 0x0 - interposer 'no'
[2026.06.15-12.00.33:496][  0]LogStreamlineAPI: Warning: [Warn]: [15-00-33][streamline][warn][tid:6632][0s:052ms:565us]dlss_gEntry.cpp:144[updateEmbeddedJSON] Failed to obtain DLSS-G min spec requirements from NGX, using SL defaults
[2026.06.15-12.00.33:496][  0]LogStreamlineAPI: Warning: [Warn]: [15-00-33][streamline][warn][tid:6632][0s:052ms:622us]dlss_gEntry.cpp:327[updateEmbeddedJSON] Disabling DLSS-G since it is not supported on current hardware
[2026.06.15-12.00.33:496][  0]LogStreamlineAPI: [Info]: [15-00-33][streamline][info][tid:6632][0s:052ms:761us]pluginManager.cpp:1002[mapPlugins] Loaded plugin 'sl.dlss_g' - version 2.7.30.afa89bde - id 1000 - priority 1000 - adapter mask 0x0 - interposer 'no'
[2026.06.15-12.00.33:505][  0]LogStreamlineAPI: [Info]: [15-00-33][streamline][info][tid:6632][0s:063ms:564us]pluginManager.cpp:1002[mapPlugins] Loaded plugin 'sl.pcl' - version 2.7.30.afa89bde - id 4 - priority 2 - adapter mask 0x1 - interposer 'no'
[2026.06.15-12.00.33:519][  0]LogStreamlineAPI: [Info]: [15-00-33][streamline][info][tid:6632][0s:075ms:695us]pluginManager.cpp:1002[mapPlugins] Loaded plugin 'sl.reflex' - version 2.7.30.afa89bde - id 3 - priority 100 - adapter mask 0x1 - interposer 'no'
[2026.06.15-12.00.33:519][  0]LogStreamlineAPI: Warning: [Warn]: [15-00-33][streamline][warn][tid:6632][0s:075ms:731us]pluginManager.cpp:1141[loadPlugins] Ignoring plugin 'sl.deepdvc' since it is not supported on this platform
[2026.06.15-12.00.33:519][  0]LogStreamlineAPI: Warning: [Warn]: [15-00-33][streamline][warn][tid:6632][0s:075ms:762us]pluginManager.cpp:1141[loadPlugins] Ignoring plugin 'sl.dlss_g' since it is not supported on this platform
[2026.06.15-12.00.33:520][  0]LogStreamlineAPI: [Info]: [15-00-33][streamline][info][tid:6632][0s:076ms:012us]pluginManager.cpp:1241[loadPlugins] Plugin execution order based on priority:
[2026.06.15-12.00.33:520][  0]LogStreamlineAPI: [Info]: [15-00-33][streamline][info][tid:6632][0s:076ms:038us]pluginManager.cpp:1244[loadPlugins] P0 - sl.common
[2026.06.15-12.00.33:520][  0]LogStreamlineAPI: [Info]: [15-00-33][streamline][info][tid:6632][0s:076ms:052us]pluginManager.cpp:1244[loadPlugins] P2 - sl.pcl
[2026.06.15-12.00.33:520][  0]LogStreamlineAPI: [Info]: [15-00-33][streamline][info][tid:6632][0s:076ms:065us]pluginManager.cpp:1244[loadPlugins] P100 - sl.reflex
[2026.06.15-12.00.33:520][  0]LogStreamlineAPI: [Info]: [15-00-33][streamline][info][tid:6632][0s:076ms:079us]pluginManager.cpp:1436[initializePlugins] Initializing plugins - api 0.0.1 - application ID 100721531
[2026.06.15-12.00.33:521][  0]LogStreamlineAPI: [Info]: [15-00-33][streamline][info][tid:6632][0s:077ms:491us]pluginManager.cpp:1544[mapPluginCallbacks] Callback sl.common:slSetData:0x0
[2026.06.15-12.00.33:521][  0]LogStreamlineAPI: [Info]: [15-00-33][streamline][info][tid:6632][0s:077ms:524us]pluginManager.cpp:1545[mapPluginCallbacks] Callback sl.common:slGetData:0x0
[2026.06.15-12.00.33:521][  0]LogStreamlineAPI: [Info]: [15-00-33][streamline][info][tid:6632][0s:077ms:541us]pluginManager.cpp:1546[mapPluginCallbacks] Callback sl.common:slAllocateResources:0x0
[2026.06.15-12.00.33:521][  0]LogStreamlineAPI: [Info]: [15-00-33][streamline][info][tid:6632][0s:077ms:554us]pluginManager.cpp:1547[mapPluginCallbacks] Callback sl.common:slFreeResources:0x0
[2026.06.15-12.00.33:521][  0]LogStreamlineAPI: [Info]: [15-00-33][streamline][info][tid:6632][0s:077ms:568us]pluginManager.cpp:1548[mapPluginCallbacks] Callback sl.common:slEvaluateFeature:0x7ffa64701b30
[2026.06.15-12.00.33:521][  0]LogStreamlineAPI: [Info]: [15-00-33][streamline][info][tid:6632][0s:077ms:587us]pluginManager.cpp:1549[mapPluginCallbacks] Callback sl.common:slSetTag:0x7ffa64700a50
[2026.06.15-12.00.33:521][  0]LogStreamlineAPI: [Info]: [15-00-33][streamline][info][tid:6632][0s:077ms:602us]pluginManager.cpp:1550[mapPluginCallbacks] Callback sl.common:slSetTagForFrame:0x7ffa64700bb0
[2026.06.15-12.00.33:521][  0]LogStreamlineAPI: [Info]: [15-00-33][streamline][info][tid:6632][0s:077ms:620us]pluginManager.cpp:1551[mapPluginCallbacks] Callback sl.common:slSetConsts:0x7ffa647018e0
[2026.06.15-12.00.33:521][  0]LogStreamlineAPI: [Info]: [15-00-33][streamline][info][tid:6632][0s:077ms:634us]pluginManager.cpp:1320[processPluginHooks] Hook sl.common:slHookVkPresent:before - skipped
[2026.06.15-12.00.33:521][  0]LogStreamlineAPI: [Info]: [15-00-33][streamline][info][tid:6632][0s:077ms:647us]pluginManager.cpp:1320[processPluginHooks] Hook sl.common:slHookVkAfterPresent:after - skipped
[2026.06.15-12.00.33:521][  0]LogStreamlineAPI: [Info]: [15-00-33][streamline][info][tid:6632][0s:077ms:663us]pluginManager.cpp:1320[processPluginHooks] Hook sl.common:slHookVkCmdBindPipeline:after - skipped
[2026.06.15-12.00.33:521][  0]LogStreamlineAPI: [Info]: [15-00-33][streamline][info][tid:6632][0s:077ms:675us]pluginManager.cpp:1320[processPluginHooks] Hook sl.common:slHookVkCmdBindDescriptorSets:after - skipped
[2026.06.15-12.00.33:521][  0]LogStreamlineAPI: [Info]: [15-00-33][streamline][info][tid:6632][0s:077ms:687us]pluginManager.cpp:1320[processPluginHooks] Hook sl.common:slHookVkBeginCommandBuffer:after - skipped
[2026.06.15-12.00.33:521][  0]LogStreamlineAPI: [Info]: [15-00-33][streamline][info][tid:6632][0s:077ms:700us]pluginManager.cpp:1344[processPluginHooks] Hook sl.common:slHookResizeSwapChainPre:before - OK
[2026.06.15-12.00.33:521][  0]LogStreamlineAPI: [Info]: [15-00-33][streamline][info][tid:6632][0s:077ms:716us]pluginManager.cpp:1344[processPluginHooks] Hook sl.common:slHookPresent:before - OK
[2026.06.15-12.00.33:521][  0]LogStreamlineAPI: [Info]: [15-00-33][streamline][info][tid:6632][0s:077ms:733us]pluginManager.cpp:1344[processPluginHooks] Hook sl.common:slHookAfterPresent:after - OK
[2026.06.15-12.00.33:521][  0]LogStreamlineAPI: [Info]: [15-00-33][streamline][info][tid:6632][0s:077ms:746us]pluginManager.cpp:1344[processPluginHooks] Hook sl.common:slHookPresent1:before - OK
[2026.06.15-12.00.33:521][  0]LogStreamlineAPI: [Info]: [15-00-33][streamline][info][tid:6632][0s:077ms:794us]pluginManager.cpp:1544[mapPluginCallbacks] Callback sl.pcl:slSetData:0x7ffa646289e0
[2026.06.15-12.00.33:521][  0]LogStreamlineAPI: [Info]: [15-00-33][streamline][info][tid:6632][0s:077ms:822us]pluginManager.cpp:1545[mapPluginCallbacks] Callback sl.pcl:slGetData:0x7ffa646289f0
[2026.06.15-12.00.33:521][  0]LogStreamlineAPI: [Info]: [15-00-33][streamline][info][tid:6632][0s:077ms:836us]pluginManager.cpp:1546[mapPluginCallbacks] Callback sl.pcl:slAllocateResources:0x0
[2026.06.15-12.00.33:521][  0]LogStreamlineAPI: [Info]: [15-00-33][streamline][info][tid:6632][0s:077ms:848us]pluginManager.cpp:1547[mapPluginCallbacks] Callback sl.pcl:slFreeResources:0x0
[2026.06.15-12.00.33:521][  0]LogStreamlineAPI: [Info]: [15-00-33][streamline][info][tid:6632][0s:077ms:860us]pluginManager.cpp:1548[mapPluginCallbacks] Callback sl.pcl:slEvaluateFeature:0x0
[2026.06.15-12.00.33:521][  0]LogStreamlineAPI: [Info]: [15-00-33][streamline][info][tid:6632][0s:077ms:872us]pluginManager.cpp:1549[mapPluginCallbacks] Callback sl.pcl:slSetTag:0x0
[2026.06.15-12.00.33:521][  0]LogStreamlineAPI: [Info]: [15-00-33][streamline][info][tid:6632][0s:077ms:884us]pluginManager.cpp:1550[mapPluginCallbacks] Callback sl.pcl:slSetTagForFrame:0x0
[2026.06.15-12.00.33:521][  0]LogStreamlineAPI: [Info]: [15-00-33][streamline][info][tid:6632][0s:077ms:899us]pluginManager.cpp:1551[mapPluginCallbacks] Callback sl.pcl:slSetConsts:0x0
[2026.06.15-12.00.33:521][  0]LogStreamlineD3D12RHI: FStreamlineD3D12RHIModule::StartupModule Leave
[2026.06.15-12.00.33:521][  0]LogStreamlineAPI: [Info]: [15-00-33][streamline][info][tid:6632][0s:077ms:910us]pluginManager.cpp:1305[processPluginHooks] Plugin 'sl.pcl' has no registered hooks
[2026.06.15-12.00.33:521][  0]LogStreamlineAPI: [Info]: [15-00-33][streamline][info][tid:6632][0s:077ms:921us]pluginManager.cpp:1544[mapPluginCallbacks] Callback sl.reflex:slSetData:0x7ffa645e8d10
[2026.06.15-12.00.33:521][  0]LogStreamlineAPI: [Info]: [15-00-33][streamline][info][tid:6632][0s:077ms:931us]pluginManager.cpp:1545[mapPluginCallbacks] Callback sl.reflex:slGetData:0x7ffa645e9600
[2026.06.15-12.00.33:521][  0]LogStreamlineD3D12RHI: FStreamlineD3D12RHI::FStreamlineD3D12RHI Enter
[2026.06.15-12.00.33:521][  0]LogStreamlineAPI: [Info]: [15-00-33][streamline][info][tid:6632][0s:077ms:943us]pluginManager.cpp:1546[mapPluginCallbacks] Callback sl.reflex:slAllocateResources:0x0
[2026.06.15-12.00.33:521][  0]LogStreamlineAPI: [Info]: [15-00-33][streamline][info][tid:6632][0s:077ms:955us]pluginManager.cpp:1547[mapPluginCallbacks] Callback sl.reflex:slFreeResources:0x0
[2026.06.15-12.00.33:521][  0]LogStreamlineAPI: [Info]: [15-00-33][streamline][info][tid:6632][0s:077ms:967us]pluginManager.cpp:1548[mapPluginCallbacks] Callback sl.reflex:slEvaluateFeature:0x0
[2026.06.15-12.00.33:521][  0]LogStreamlineD3D12RHI: Skip registering IDXGISwapchainProvider, due to no supported feature needing a swap chain provider: (kFeatureDLSS_G, Result::eErrorFeatureMissing),(kFeatureLatewarp, Result::eErrorFeatureMissing),(kFeatureImGUI, Result::eErrorFeatureMissing). This can be overriden with -sl{no}swapchainprovider
[2026.06.15-12.00.33:521][  0]LogStreamlineD3D12RHI: FStreamlineD3D12RHI::FStreamlineD3D12RHI Leave
[2026.06.15-12.00.33:521][  0]LogStreamlineAPI: [Info]: [15-00-33][streamline][info][tid:6632][0s:077ms:978us]pluginManager.cpp:1549[mapPluginCallbacks] Callback sl.reflex:slSetTag:0x0
[2026.06.15-12.00.33:521][  0]LogStreamlineAPI: [Info]: [15-00-33][streamline][info][tid:6632][0s:077ms:989us]pluginManager.cpp:1550[mapPluginCallbacks] Callback sl.reflex:slSetTagForFrame:0x0
[2026.06.15-12.00.33:521][  0]LogStreamlineAPI: [Info]: [15-00-33][streamline][info][tid:6632][0s:078ms:030us]pluginManager.cpp:1551[mapPluginCallbacks] Callback sl.reflex:slSetConsts:0x0
[2026.06.15-12.00.33:521][  0]LogStreamlineAPI: [Info]: [15-00-33][streamline][info][tid:6632][0s:078ms:055us]pluginManager.cpp:1305[processPluginHooks] Plugin 'sl.reflex' has no registered hooks
[2026.06.15-12.00.33:521][  0]LogStreamlineAPI: Error: [Error]: [15-00-33][streamline][error][tid:6632][0s:078ms:070us]sl.cpp:190[slValidateFeatureContext] 'kFeatureDLSS_G' is missing.
[2026.06.15-12.00.33:521][  0]LogStreamlineAPI: Error: [Error]: [15-00-33][streamline][error][tid:6632][0s:078ms:095us]sl.cpp:190[slValidateFeatureContext] 'kFeatureDeepDVC' is missing.
[2026.06.15-12.00.33:521][  0]LogXeSSModule: XeSS plugin version: 1, version name: 2.0.10
[2026.06.15-12.00.33:554][  0]LogXeSSRHI: Loading XeSS library 2.0.1 on AMD RHI D3D12
[2026.06.15-12.00.33:572][  0]LogXeSSRHI: Intel XeSS effect supported
[2026.06.15-12.00.33:584][  0]LogXeSSModule: XeSS successfully initialized
[2026.06.15-12.00.33:590][  0]LogXeLLModule: Loaded XeLL SDK 1.1.0 on AMD RHI D3D12
[2026.06.15-12.00.33:598][  0]LogXeLLModule: Warning: failed to create XeLL, ret = -1!
[2026.06.15-12.00.33:956][  0]LogXeFGRHIModule: Loaded XeFG SDK 1.1.0 on AMD RHI D3D12
[2026.06.15-12.00.33:970][  0]LogXeFGRHI: Create XeFG swap chain context, result: -1
[2026.06.15-12.00.33:997][  0]LogD3D12RHI: Found a custom swapchain provider: 'FSR3SwapchainProvider'.
[2026.06.15-12.00.34:134][  0]LogShaderLibrary: Display: Using IoDispatcher for shader code library FactoryGame. Total 63322 unique shaders.
[2026.06.15-12.00.34:134][  0]LogShaderLibrary: Display: Cooked Context: Using Shared Shader Library FactoryGame
[2026.06.15-12.00.34:134][  0]LogShaderLibrary: Display: Logical shader library 'FactoryGame' has been created as a monolithic library
[2026.06.15-12.00.34:134][  0]LogRHI: FPipelineCacheFile Header Game Version: 493833
[2026.06.15-12.00.34:134][  0]LogRHI: FPipelineCacheFile Header Engine Data Version: 29
[2026.06.15-12.00.34:134][  0]LogRHI: FPipelineCacheFile Header TOC Offset: 2017
[2026.06.15-12.00.34:134][  0]LogRHI: FPipelineCacheFile File Size: 11406 Bytes
[2026.06.15-12.00.34:134][  0]LogRHI: Opened FPipelineCacheFile: ../../../FactoryGame/Content/PipelineCaches/Windows/FactoryGame_PCD3D_SM6.stable.upipelinecache (GUID: C026463A466976B57AF834B75233609B) with 82 entries.
[2026.06.15-12.00.34:134][  0]LogRHI: Display: FPipelineCacheFile[FactoryGame] opened FactoryGame, filename FactoryGame, guid C026463A466976B57AF834B75233609B. 
[2026.06.15-12.00.34:134][  0]LogRHI: FShaderPipelineCache::BeginNextPrecompileCacheTask() - FactoryGame begining compile.
[2026.06.15-12.00.34:134][  0]LogRHI: Display: FShaderPipelineCache starting pipeline cache 'FactoryGame' and enqueued 82 tasks for precompile. (cache contains 82, 82 eligible, 0 had missing shaders. 0 already compiled). BatchSize 50 and BatchTime 16.000000.
[2026.06.15-12.00.34:134][  0]LogRHI: Base name for record PSOs is C:/Users/cheva/AppData/Local/FactoryGame/Saved/CollectedPSOs/++FactoryGame+rel-main-1.2.0-CL-493833-FactoryGame_PCD3D_SM6_D7CE87E84515155B3638B8B20ACEA5C2.rec.upipelinecache
[2026.06.15-12.00.34:134][  0]LogRHI: FPipelineCacheFile: GarbageCollectUserCache() Begin
[2026.06.15-12.00.34:134][  0]LogRHI: User cache GC is disabled
[2026.06.15-12.00.34:134][  0]LogRHI: FPipelineCacheFile: GarbageCollectUserCache() End
[2026.06.15-12.00.34:136][  0]LogRHI: FPipelineCacheFile Header Game Version: 493833
[2026.06.15-12.00.34:136][  0]LogRHI: FPipelineCacheFile Header Engine Data Version: 29
[2026.06.15-12.00.34:136][  0]LogRHI: FPipelineCacheFile Header TOC Offset: 692715
[2026.06.15-12.00.34:136][  0]LogRHI: FPipelineCacheFile File Size: 958398 Bytes
[2026.06.15-12.00.34:139][  0]LogRHI: Opened FPipelineCacheFile: C:/Users/cheva/AppData/Local/FactoryGame/Saved/FactoryGame_PCD3D_SM6.upipelinecache (GUID: 43F733584760E665D28C48B0EC8CCB84) with 2023 entries.
[2026.06.15-12.00.34:139][  0]LogRHI: Display: FPipelineCacheFile User cache [key:FactoryGame_usr] opened 'FactoryGame'=1, filename FactoryGame, guid 43F733584760E665D28C48B0EC8CCB84. 
[2026.06.15-12.00.34:139][  0]LogShaderLibrary: Display: Tried to open again shader library 'FactoryGame', but could not find new components for it (existing components: 1).
[2026.06.15-12.00.34:139][  0]LogInit: Overriding language with engine language configuration option (ru).
[2026.06.15-12.00.34:139][  0]LogInit: Overriding language with engine locale configuration option (ru).
[2026.06.15-12.00.34:139][  0]LogTextLocalizationResource: LocRes '../../../FactoryGame/Content/Localization/Game/ru/Game.locres' could not be opened for reading!
[2026.06.15-12.00.34:139][  0]LogAssetRegistry: FAssetRegistry took 0.0002 seconds to start up
[2026.06.15-12.00.34:152][  0]LogPakFile: New pak file ../../../FactoryGame/Content/Paks/FactoryGame-Windows.pak added to pak precacher.
[2026.06.15-12.00.34:287][  0]LogRHI: Warning: FShaderPipelineCache FactoryGame completed 82 tasks in 0.00s (0.10s wall time since intial open).
[2026.06.15-12.00.34:604][  0]LogStreaming: Display: FlushAsyncLoading(1): 1 QueuedPackages, 0 AsyncPackages
[2026.06.15-12.00.34:611][  0]LogFilePackageStore: Updated: NewPackages=33505, OldPackages=0, TotalPackages=33506
[2026.06.15-12.00.34:624][  0]LogDeviceProfileManager: Active device profile: [00007FF40FA3F250][00000275F4774930 66] Windows
[2026.06.15-12.00.34:624][  0]LogRHI: FShaderPipelineCache::BeginNextPrecompileCacheTask() - FactoryGame_usr begining compile.
[2026.06.15-12.00.34:624][  0]LogRHI: Display: FShaderPipelineCache starting pipeline cache 'FactoryGame_usr' and enqueued 2023 tasks for precompile. (cache contains 2023, 2023 eligible, 0 had missing shaders. 0 already compiled). BatchSize 52 and BatchTime 16.000000.
[2026.06.15-12.00.34:822][  0]LogStringTable: Warning: Failed to find string table entry for 'Messages_UI' 'ConstructDisqualifiers/Generic/ThisShouldNeverBeSeen'. Did you forget to add a string table redirector?
[2026.06.15-12.00.34:874][  0]LogAudioCaptureCore: Display: No Audio Capture implementations found. Audio input will be silent.
[2026.06.15-12.00.34:874][  0]LogMetaSound: Display: MetaSound Page Target Initialized to 'Default'
[2026.06.15-12.00.34:905][  0]LogStringTable: Warning: Failed to find string table entry for 'Buildables_UI' 'Splitters/Smart/AddItem/AnyUndefined'. Did you forget to add a string table redirector?
[2026.06.15-12.00.34:905][  0]LogStringTable: Warning: Failed to find string table entry for 'Buildables_UI' 'Splitters/Smart/AddItem/AnyUndefined/Description'. Did you forget to add a string table redirector?
[2026.06.15-12.00.34:905][  0]LogStringTable: Warning: Failed to find string table entry for 'Units_UI' 'Meter/m/Pattern'. Did you forget to add a string table redirector?
[2026.06.15-12.00.34:921][  0]LogStringTable: Warning: Failed to find string table entry for 'Messages_UI' 'ConstructDisqualifiers/Generic/Initializing'. Did you forget to add a string table redirector?
[2026.06.15-12.00.34:921][  0]LogStringTable: Warning: Failed to find string table entry for 'Messages_UI' 'ConstructDisqualifiers/BuildMode/InvalidAimLocation'. Did you forget to add a string table redirector?
[2026.06.15-12.00.34:921][  0]LogStringTable: Warning: Failed to find string table entry for 'Messages_UI' 'ConstructDisqualifiers/BuildMode/CannotAfford'. Did you forget to add a string table redirector?
[2026.06.15-12.00.34:921][  0]LogStringTable: Warning: Failed to find string table entry for 'Messages_UI' 'ConstructDisqualifiers/BuildMode/InvalidPlacement'. Did you forget to add a string table redirector?
[2026.06.15-12.00.34:921][  0]LogStringTable: Warning: Failed to find string table entry for 'Messages_UI' 'ConstructDisqualifiers/BuildMode/Clearance'. Did you forget to add a string table redirector?
[2026.06.15-12.00.34:921][  0]LogStringTable: Warning: Failed to find string table entry for 'Messages_UI' 'ConstructDisqualifiers/BuildMode/OverlappingPossibleClipping'. Did you forget to add a string table redirector?
[2026.06.15-12.00.34:921][  0]LogStringTable: Warning: Failed to find string table entry for 'Messages_UI' 'ConstructDisqualifiers/BuildMode/PlayerInTheWay'. Did you forget to add a string table redirector?
[2026.06.15-12.00.34:921][  0]LogStringTable: Warning: Failed to find string table entry for 'Messages_UI' 'ConstructDisqualifiers/BuildMode/CreatureInTheWay'. Did you forget to add a string table redirector?
[2026.06.15-12.00.34:921][  0]LogStringTable: Warning: Failed to find string table entry for 'Messages_UI' 'ConstructDisqualifiers/BuildMode/VehicleInTheWay'. Did you forget to add a string table redirector?
[2026.06.15-12.00.34:921][  0]LogStringTable: Warning: Failed to find string table entry for 'Messages_UI' 'ConstructDisqualifiers/BuildMode/FloorTooSteep'. Did you forget to add a string table redirector?
[2026.06.15-12.00.34:921][  0]LogStringTable: Warning: Failed to find string table entry for 'Messages_UI' 'ConstructDisqualifiers/BuildMode/ThereCanBeOnlyOne'. Did you forget to add a string table redirector?
[2026.06.15-12.00.34:921][  0]LogStringTable: Warning: Failed to find string table entry for 'Messages_UI' 'ConstructDisqualifiers/BuildMode/RequiresSnapToFoundation'. Did you forget to add a string table redirector?
[2026.06.15-12.00.34:921][  0]LogStringTable: Warning: Failed to find string table entry for 'Messages_UI' 'ConstructDisqualifiers/BuildMode/RequiresSnapToWall'. Did you forget to add a string table redirector?
[2026.06.15-12.00.34:921][  0]LogStringTable: Warning: Failed to find string table entry for 'Messages_UI' 'ConstructDisqualifiers/BuildMode/RequiresSnapToRailroadTrack'. Did you forget to add a string table redirector?
[2026.06.15-12.00.34:921][  0]LogStringTable: Warning: Failed to find string table entry for 'Messages_UI' 'ConstructDisqualifiers/BuildMode/CeilingRequired'. Did you forget to add a string table redirector?
[2026.06.15-12.00.34:921][  0]LogStringTable: Warning: Failed to find string table entry for 'Messages_UI' 'ConstructDisqualifiers/BuildMode/CannotSnapToFoundation'. Did you forget to add a string table redirector?
[2026.06.15-12.00.34:921][  0]LogStringTable: Warning: Failed to find string table entry for 'Messages_UI' 'ConstructDisqualifiers/BuildMode/RequiresResourceNode'. Did you forget to add a string table redirector?
[2026.06.15-12.00.34:921][  0]LogStringTable: Warning: Failed to find string table entry for 'Messages_UI' 'ConstructDisqualifiers/Drones/RequiresSnapToPort'. Did you forget to add a string table redirector?
[2026.06.15-12.00.34:921][  0]LogStringTable: Warning: Failed to find string table entry for 'Messages_UI' 'ConstructDisqualifiers/Drones/PortOccupied'. Did you forget to add a string table redirector?
[2026.06.15-12.00.34:921][  0]LogStringTable: Warning: Failed to find string table entry for 'Messages_UI' 'ConstructDisqualifiers/Drones/AssignedToDronePort'. Did you forget to add a string table redirector?
[2026.06.15-12.00.34:921][  0]LogStringTable: Warning: Failed to find string table entry for 'Messages_UI' 'ConstructDisqualifiers/BuildMode/RequiresFrackingCoreNode'. Did you forget to add a string table redirector?
[2026.06.15-12.00.34:921][  0]LogStringTable: Warning: Failed to find string table entry for 'Messages_UI' 'ConstructDisqualifiers/BuildMode/RequiresFrackingSatelliteNode'. Did you forget to add a string table redirector?
[2026.06.15-12.00.34:921][  0]LogStringTable: Warning: Failed to find string table entry for 'Messages_UI' 'ConstructDisqualifiers/Resources/NodeOccupied'. Did you forget to add a string table redirector?
[2026.06.15-12.00.34:921][  0]LogStringTable: Warning: Failed to find string table entry for 'Messages_UI' 'ConstructDisqualifiers/Resources/NotDeepEnough'. Did you forget to add a string table redirector?
[2026.06.15-12.00.34:921][  0]LogStringTable: Warning: Failed to find string table entry for 'Messages_UI' 'ConstructDisqualifiers/BuildMode/RequiresDeepWater'. Did you forget to add a string table redirector?
[2026.06.15-12.00.34:921][  0]LogStringTable: Warning: Failed to find string table entry for 'Messages_UI' 'ConstructDisqualifiers/Resources/PlaceExtractorOnNode'. Did you forget to add a string table redirector?
[2026.06.15-12.00.34:921][  0]LogStringTable: Warning: Failed to find string table entry for 'Messages_UI' 'ConstructDisqualifiers/PowerLines/RequiresHookUpToConnection'. Did you forget to add a string table redirector?
[2026.06.15-12.00.34:921][  0]LogStringTable: Warning: Failed to find string table entry for 'Messages_UI' 'ConstructDisqualifiers/PowerLines/WireTooLong'. Did you forget to add a string table redirector?
[2026.06.15-12.00.34:921][  0]LogStringTable: Warning: Failed to find string table entry for 'Messages_UI' 'ConstructDisqualifiers/PowerLines/AlreadyConnected'. Did you forget to add a string table redirector?
[2026.06.15-12.00.34:921][  0]LogStringTable: Warning: Failed to find string table entry for 'Messages_UI' 'ConstructDisqualifiers/Signs/CannotSnap'. Did you forget to add a string table redirector?
[2026.06.15-12.00.34:921][  0]LogStringTable: Warning: Failed to find string table entry for 'Messages_UI' 'ConstructDisqualifiers/PowerLines/CantConnectMore'. Did you forget to add a string table redirector?
[2026.06.15-12.00.34:921][  0]LogStringTable: Warning: Failed to find string table entry for 'Messages_UI' 'ConstructDisqualifiers/Belts/SnapToConveyorPole'. Did you forget to add a string table redirector?
[2026.06.15-12.00.34:921][  0]LogStringTable: Warning: Failed to find string table entry for 'Messages_UI' 'ConstructDisqualifiers/Belts/TooLong'. Did you forget to add a string table redirector?
[2026.06.15-12.00.34:921][  0]LogStringTable: Warning: Failed to find string table entry for 'Messages_UI' 'ConstructDisqualifiers/Belts/TooShort'. Did you forget to add a string table redirector?
[2026.06.15-12.00.34:921][  0]LogStringTable: Warning: Failed to find string table entry for 'Messages_UI' 'ConstructDisqualifiers/Belts/TooSteep'. Did you forget to add a string table redirector?
[2026.06.15-12.00.34:921][  0]LogStringTable: Warning: Failed to find string table entry for 'Messages_UI' 'ConstructDisqualifiers/Belts/InvalidShape'. Did you forget to add a string table redirector?
[2026.06.15-12.00.34:921][  0]LogStringTable: Warning: Failed to find string table entry for 'Messages_UI' 'ConstructDisqualifiers/Belts/TooSharp'. Did you forget to add a string table redirector?
[2026.06.15-12.00.34:921][  0]LogStringTable: Warning: Failed to find string table entry for 'Messages_UI' 'ConstructDisqualifiers/BuildMode/RequiresRailroad'. Did you forget to add a string table redirector?
[2026.06.15-12.00.34:921][  0]LogStringTable: Warning: Failed to find string table entry for 'Messages_UI' 'ConstructDisqualifiers/RailroadTracks/NoSpace'. Did you forget to add a string table redirector?
[2026.06.15-12.00.34:921][  0]LogStringTable: Warning: Failed to find string table entry for 'Messages_UI' 'ConstructDisqualifiers/RailroadTracks/OtherSignal'. Did you forget to add a string table redirector?
[2026.06.15-12.00.34:921][  0]LogStringTable: Warning: Failed to find string table entry for 'Messages_UI' 'ConstructDisqualifiers/RailroadTracks/EndOfTrack'. Did you forget to add a string table redirector?
[2026.06.15-12.00.34:921][  0]LogStringTable: Warning: Failed to find string table entry for 'Messages_UI' 'ConstructDisqualifiers/BuildMode/SwitchTooClose'. Did you forget to add a string table redirector?
[2026.06.15-12.00.34:921][  0]LogStringTable: Warning: Failed to find string table entry for 'Messages_UI' 'ConstructDisqualifiers/BuildMode/SwitchPositionsTooMany'. Did you forget to add a string table redirector?
[2026.06.15-12.00.34:921][  0]LogStringTable: Warning: Failed to find string table entry for 'Messages_UI' 'ConstructDisqualifiers/RailroadTracks/RequiresPlacedInlineWithPlatform'. Did you forget to add a string table redirector?
[2026.06.15-12.00.34:921][  0]LogStringTable: Warning: Failed to find string table entry for 'Messages_UI' 'ConstructDisqualifiers/RailroadTracks/TooLong'. Did you forget to add a string table redirector?
[2026.06.15-12.00.34:921][  0]LogStringTable: Warning: Failed to find string table entry for 'Messages_UI' 'ConstructDisqualifiers/RailroadTracks/TooShort'. Did you forget to add a string table redirector?
[2026.06.15-12.00.34:921][  0]LogStringTable: Warning: Failed to find string table entry for 'Messages_UI' 'ConstructDisqualifiers/RailroadTracks/TooSteep'. Did you forget to add a string table redirector?
[2026.06.15-12.00.34:921][  0]LogStringTable: Warning: Failed to find string table entry for 'Messages_UI' 'ConstructDisqualifiers/RailroadTracks/TurnTooSharp'. Did you forget to add a string table redirector?
[2026.06.15-12.00.34:922][  0]LogStringTable: Warning: Failed to find string table entry for 'Messages_UI' 'ConstructDisqualifiers/Pipes/TooShort'. Did you forget to add a string table redirector?
[2026.06.15-12.00.34:922][  0]LogStringTable: Warning: Failed to find string table entry for 'Messages_UI' 'ConstructDisqualifiers/Pipes/TooLong'. Did you forget to add a string table redirector?
[2026.06.15-12.00.34:922][  0]LogStringTable: Warning: Failed to find string table entry for 'Messages_UI' 'ConstructDisqualifiers/Pipes/TooSharp'. Did you forget to add a string table redirector?
[2026.06.15-12.00.34:922][  0]LogStringTable: Warning: Failed to find string table entry for 'Messages_UI' 'ConstructDisqualifiers/Pipes/RequiresSnapToPipeSupport'. Did you forget to add a string table redirector?
[2026.06.15-12.00.34:922][  0]LogStringTable: Warning: Failed to find string table entry for 'Messages_UI' 'ConstructDisqualifiers/Pipes/DifferentFluids'. Did you forget to add a string table redirector?
[2026.06.15-12.00.34:922][  0]LogStringTable: Warning: Failed to find string table entry for 'Messages_UI' 'ConstructDisqualifiers/Pipes/InvalidShape'. Did you forget to add a string table redirector?
[2026.06.15-12.00.34:922][  0]LogStringTable: Warning: Failed to find string table entry for 'Messages_UI' 'ConstructDisqualifiers/Pipes/NoPath'. Did you forget to add a string table redirector?
[2026.06.15-12.00.34:922][  0]LogStringTable: Warning: Failed to find string table entry for 'Messages_UI' 'ConstructDisqualifiers/BuildMode/IdenticalBuildable'. Did you forget to add a string table redirector?
[2026.06.15-12.00.34:922][  0]LogStringTable: Warning: Failed to find string table entry for 'Messages_UI' 'ConstructDisqualifiers/BlueprintDesigner/CannotBePlaced'. Did you forget to add a string table redirector?
[2026.06.15-12.00.34:922][  0]LogStringTable: Warning: Failed to find string table entry for 'Messages_UI' 'ConstructDisqualifiers/BlueprintDesigner/Overlapping'. Did you forget to add a string table redirector?
[2026.06.15-12.00.34:922][  0]LogStringTable: Warning: Failed to find string table entry for 'Messages_UI' 'ConstructDisqualifiers/BlueprintDesigner/CannotConnect'. Did you forget to add a string table redirector?
[2026.06.15-12.00.34:922][  0]LogStringTable: Warning: Failed to find string table entry for 'Messages_UI' 'ConstructDisqualifiers/Upgrades/Invalid'. Did you forget to add a string table redirector?
[2026.06.15-12.00.34:922][  0]LogStringTable: Warning: Failed to find string table entry for 'Messages_UI' 'ConstructDisqualifiers/Customization/InvalidTarget'. Did you forget to add a string table redirector?
[2026.06.15-12.00.34:922][  0]LogStringTable: Warning: Failed to find string table entry for 'Messages_UI' 'ConstructDisqualifiers/Customization/AlreadyApplied'. Did you forget to add a string table redirector?
[2026.06.15-12.00.34:922][  0]LogStringTable: Warning: Failed to find string table entry for 'Messages_UI' 'ConstructDisqualifiers/DismantleMode/OccupiedBlueprintDesigner'. Did you forget to add a string table redirector?
[2026.06.15-12.00.34:922][  0]LogStringTable: Warning: Failed to find string table entry for 'Messages_UI' 'ConstructDisqualifiers/DismantleMode/OccupiedElevator'. Did you forget to add a string table redirector?
[2026.06.15-12.00.34:922][  0]LogStringTable: Warning: Failed to find string table entry for 'Messages_UI' 'ConstructDisqualifiers/DismantleMode/OccupiedTrainPlatform/TrainDocking'. Did you forget to add a string table redirector?
[2026.06.15-12.00.34:922][  0]LogStringTable: Warning: Failed to find string table entry for 'Messages_UI' 'ConstructDisqualifiers/DismantleMode/OccupiedTrainPlatform/VehiclesOnIt'. Did you forget to add a string table redirector?
[2026.06.15-12.00.34:922][  0]LogStringTable: Warning: Failed to find string table entry for 'Messages_UI' 'ConstructDisqualifiers/DismantleMode/OccupiedRailwaySegment'. Did you forget to add a string table redirector?
[2026.06.15-12.00.34:922][  0]LogStringTable: Warning: Failed to find string table entry for 'Messages_UI' 'ConstructDisqualifiers/DismantleMode/MovingVehicle'. Did you forget to add a string table redirector?
[2026.06.15-12.00.34:922][  0]LogStringTable: Warning: Failed to find string table entry for 'Messages_UI' 'ConstructDisqualifiers/DismantleMode/DockingVehicle'. Did you forget to add a string table redirector?
[2026.06.15-12.00.34:922][  0]LogStringTable: Warning: Failed to find string table entry for 'Messages_UI' 'ConstructDisqualifiers/DismantleMode/DerailedVehicle'. Did you forget to add a string table redirector?
[2026.06.15-12.00.34:922][  0]LogStringTable: Warning: Failed to find string table entry for 'Messages_UI' 'ConstructDisqualifiers/DismantleMode/OccupiedVehicle'. Did you forget to add a string table redirector?
[2026.06.15-12.00.34:922][  0]LogStringTable: Warning: Failed to find string table entry for 'Messages_UI' 'ConstructDisqualifiers/DismantleMode/UnopenedCrashSite'. Did you forget to add a string table redirector?
[2026.06.15-12.00.34:922][  0]LogStringTable: Warning: Failed to find string table entry for 'Messages_UI' 'ConstructDisqualifiers/DismantleMode/UnlootedCrashSite'. Did you forget to add a string table redirector?
[2026.06.15-12.00.34:922][  0]LogStringTable: Warning: Failed to find string table entry for 'Messages_UI' 'ConstructDisqualifiers/Elevator/RequiresSnapToElevator'. Did you forget to add a string table redirector?
[2026.06.15-12.00.34:922][  0]LogStringTable: Warning: Failed to find string table entry for 'Messages_UI' 'ConstructDisqualifiers/Elevator/MaxFloorStopCountReached'. Did you forget to add a string table redirector?
[2026.06.15-12.00.34:922][  0]LogStringTable: Warning: Failed to find string table entry for 'Messages_UI' 'ConstructDisqualifiers/Elevator/MaxElevatorHeight'. Did you forget to add a string table redirector?
[2026.06.15-12.00.34:922][  0]LogStringTable: Warning: Failed to find string table entry for 'Messages_UI' 'ConstructDisqualifiers/Elevator/ElevatorStopUpgradeMustChange'. Did you forget to add a string table redirector?
[2026.06.15-12.00.34:922][  0]LogStringTable: Warning: Failed to find string table entry for 'Messages_UI' 'ConstructDisqualifiers/Vehicles/InvalidDockingNodeElevation'. Did you forget to add a string table redirector?
[2026.06.15-12.00.34:922][  0]LogStringTable: Warning: Failed to find string table entry for 'Messages_UI' 'ConstructDisqualifiers/Vehicles/IncompatiblePath'. Did you forget to add a string table redirector?
[2026.06.15-12.00.34:923][  0]LogStats: UGameplayTagsManager::InitializeManager -  0.001 s
[2026.06.15-12.00.34:994][  0]LogStringTable: Warning: Failed to find string table entry for 'Player_UI' 'HUD/Compass/North'. Did you forget to add a string table redirector?
[2026.06.15-12.00.34:995][  0]LogStringTable: Warning: Failed to find string table entry for 'Player_UI' 'HUD/Compass/South'. Did you forget to add a string table redirector?
[2026.06.15-12.00.34:995][  0]LogStringTable: Warning: Failed to find string table entry for 'Player_UI' 'HUD/Compass/East'. Did you forget to add a string table redirector?
[2026.06.15-12.00.34:995][  0]LogStringTable: Warning: Failed to find string table entry for 'Player_UI' 'HUD/Compass/West'. Did you forget to add a string table redirector?
[2026.06.15-12.00.34:995][  0]LogStringTable: Warning: Failed to find string table entry for 'Buildables_UI' 'Splitters/Smart/AddItem/None'. Did you forget to add a string table redirector?
[2026.06.15-12.00.34:995][  0]LogStringTable: Warning: Failed to find string table entry for 'Buildables_UI' 'Splitters/Smart/AddItem/None/Description'. Did you forget to add a string table redirector?
[2026.06.15-12.00.34:995][  0]LogStringTable: Warning: Failed to find string table entry for 'Buildables_UI' 'Splitters/Smart/AddItem/Overflow'. Did you forget to add a string table redirector?
[2026.06.15-12.00.34:996][  0]LogStringTable: Warning: Failed to find string table entry for 'Buildables_UI' 'Splitters/Smart/AddItem/Overflow/Description'. Did you forget to add a string table redirector?
[2026.06.15-12.00.34:996][  0]LogStringTable: Warning: Failed to find string table entry for 'Messages_UI' 'Options/OfflinePlayer'. Did you forget to add a string table redirector?
[2026.06.15-12.00.34:998][  0]LogStringTable: Warning: Failed to find string table entry for 'Customization_Data' 'Categories/Standard'. Did you forget to add a string table redirector?
[2026.06.15-12.00.34:998][  0]LogStringTable: Warning: Failed to find string table entry for 'Customization_Data' 'Materials/Foundations/FICSIT'. Did you forget to add a string table redirector?
[2026.06.15-12.00.34:998][  0]LogStringTable: Warning: Failed to find string table entry for 'Customization_Data' 'Materials/Foundations/Concrete'. Did you forget to add a string table redirector?
[2026.06.15-12.00.34:998][  0]LogStringTable: Warning: Failed to find string table entry for 'Customization_Data' 'Materials/Foundations/CoatedConcrete'. Did you forget to add a string table redirector?
[2026.06.15-12.00.34:998][  0]LogStringTable: Warning: Failed to find string table entry for 'Customization_Data' 'Materials/Walls/Concrete'. Did you forget to add a string table redirector?
[2026.06.15-12.00.34:998][  0]LogStringTable: Warning: Failed to find string table entry for 'Customization_Data' 'Categories/Pipes'. Did you forget to add a string table redirector?
[2026.06.15-12.00.34:998][  0]LogStringTable: Warning: Failed to find string table entry for 'Customization_Data' 'Categories/Vehicles'. Did you forget to add a string table redirector?
[2026.06.15-12.00.34:998][  0]LogStringTable: Warning: Failed to find string table entry for 'ST_Options' 'QualityLow'. Did you forget to add a string table redirector?
[2026.06.15-12.00.34:998][  0]LogStringTable: Warning: Failed to find string table entry for 'ST_Options' 'QualityMedium'. Did you forget to add a string table redirector?
[2026.06.15-12.00.34:998][  0]LogStringTable: Warning: Failed to find string table entry for 'ST_Options' 'QualityHigh'. Did you forget to add a string table redirector?
[2026.06.15-12.00.34:998][  0]LogStringTable: Warning: Failed to find string table entry for 'ST_Options' 'QualityUltra'. Did you forget to add a string table redirector?
[2026.06.15-12.00.34:998][  0]LogStringTable: Warning: Failed to find string table entry for 'Buildables_UI' 'Splitters/Smart/AddItem/Any/Description'. Did you forget to add a string table redirector?
[2026.06.15-12.00.35:005][  0]LogPackageLocalizationCache: Processed 116 localized package path(s) for 1 prioritized culture(s) in 0.000545 seconds
[2026.06.15-12.00.35:043][  0]LogAudioCaptureCore: Display: No Audio Capture implementations found. Audio input will be silent.
[2026.06.15-12.00.35:067][  0]LogIris: FNetObjectFactoryRegistry::UnregisterFactory is unregistering factory: NetActorFactory name: NetActorFactory id: 0
[2026.06.15-12.00.35:067][  0]LogIris: FNetObjectFactoryRegistry::UnregisterFactory is unregistering factory: NetSubObjectFactory name: NetSubObjectFactory id: 1
[2026.06.15-12.00.35:198][  0]LogWwise: WwiseModule: Loading AkAudio
[2026.06.15-12.00.35:200][  0]LogLoad: Loading WwiseSoundEngine module: WwiseSoundEngine
[2026.06.15-12.00.35:200][  0]LogWwiseSoundEngine: Display: Loading Wwise SoundEngine 2023.1.14 (Integration 2023.1)
[2026.06.15-12.00.35:200][  0]LogAkAudio: FAkAudioModule::UpdateWwiseResourceLoaderSettings : Updating Resource Loader settings.
[2026.06.15-12.00.35:200][  0]LogLoad: Loading WwiseResourceLoader module: WwiseResourceLoader
[2026.06.15-12.00.35:200][  0]LogAkAudio: Wwise(R) SDK Version 2023.1.14 Build 8770 [Release(StaticCRT)]. (C) 2006-2025. Audiokinetic Inc. All rights reserved.
[2026.06.15-12.00.35:200][  0]LogLoad: Loading WwiseFileHandler module: WwiseFileHandler
[2026.06.15-12.00.35:205][  0]LogLoad: Loading WwiseProcessing module: WwiseProcessing
[2026.06.15-12.00.35:205][  0]LogWwiseProcessing: Display: Initializing default Processing.
[2026.06.15-12.00.35:205][  0]LogLoad: Loading WwiseSoundEngine module: WwiseSoundEngine
[2026.06.15-12.00.35:205][  0]LogLoad: Loading WwiseSoundEngine module: WwiseSoundEngine
[2026.06.15-12.00.35:206][  0]LogAkAudio: Wwise plug-in DLL path: C:/Program Files (x86)/Steam/steamapps/common/Satisfactory/Engine/Plugins/Wwise/ThirdParty/x64_vc170/Release/bin/
[2026.06.15-12.00.35:211][  0]LogAkAudio: Wwise SoundEngine successfully initialized.
[2026.06.15-12.00.35:211][  0]LogAkAudio: Initialization complete.
[2026.06.15-12.00.35:211][  0]LogAkAudio: Audiokinetic Audio Device initialized.
[2026.06.15-12.00.35:211][  0]LogLoad: Loading WwiseConcurrency module: WwiseConcurrency
[2026.06.15-12.00.35:211][  0]LogWwiseConcurrency: Display: Initializing default Concurrency.
[2026.06.15-12.00.36:154][  0]LogPakFile: Precache HighWater 16MB

[2026.06.15-12.00.36:213][  0]LogAkAudio: FAkAudioDevice::LoadDelayedObjects: Loading 4 delayed Wwise Objects after initialization.
[2026.06.15-12.00.36:291][  0]LogGauntlet: Display: Gauntlet Initialized
[2026.06.15-12.00.36:309][  0]LogSlate: Took 0.000940 seconds to synchronously load lazily loaded font '../../../Engine/Content/Slate/Fonts/Roboto-Bold.ttf' (160K)
[2026.06.15-12.00.36:367][  0]LogAudio: Display: Registering Engine Module Parameter Interfaces...
[2026.06.15-12.00.36:367][  0]LogMetaSound: MetaSound Engine Initialized
[2026.06.15-12.00.36:376][  0]LogWwiseNiagara: Display: Initializing default Niagara.
[2026.06.15-12.00.36:502][  0]LogCSLocTools: Deriving CSV String Table Root by combining Poject Content Dir [../../../FactoryGame/Content/] and Folder Path [Localization/StringTables]
[2026.06.15-12.00.36:502][  0]LogCSLocTools: Processing CSV String Table root [C:/Program Files (x86)/Steam/steamapps/common/Satisfactory/FactoryGame/Content/Localization/StringTables]
[2026.06.15-12.00.36:502][  0]LogCSLocTools: IterateDirectoryRecursively reached [../../../FactoryGame/Content/Localization/StringTables/Architecture_Data.csv]
[2026.06.15-12.00.36:502][  0]LogCSLocTools: IterateDirectoryRecursively reached (FullPath) [C:/Program Files (x86)/Steam/steamapps/common/Satisfactory/FactoryGame/Content/Localization/StringTables/Architecture_Data.csv]
[2026.06.15-12.00.36:502][  0]LogCSLocTools: Attempting to register CSV String Table with path [C:/Program Files (x86)/Steam/steamapps/common/Satisfactory/FactoryGame/Content/Localization/StringTables/Architecture_Data.csv] and root folder [C:/Program Files (x86)/Steam/steamapps/common/Satisfactory/FactoryGame/Content/Localization/StringTables]
[2026.06.15-12.00.36:502][  0]LogCSLocTools: Deriving CSV String Table ID: After removing root [Architecture_Data.csv]
[2026.06.15-12.00.36:502][  0]LogCSLocTools: Deriving CSV String Table ID: Final [Architecture_Data]
[2026.06.15-12.00.36:502][  0]LogCSLocTools: Registering CSV String Table Architecture_Data at Content/Localization/StringTables/Architecture_Data.csv
[2026.06.15-12.00.36:505][  0]LogCSLocTools: IterateDirectoryRecursively reached [../../../FactoryGame/Content/Localization/StringTables/AWESOME_Data.csv]
[2026.06.15-12.00.36:505][  0]LogCSLocTools: IterateDirectoryRecursively reached (FullPath) [C:/Program Files (x86)/Steam/steamapps/common/Satisfactory/FactoryGame/Content/Localization/StringTables/AWESOME_Data.csv]
[2026.06.15-12.00.36:505][  0]LogCSLocTools: Attempting to register CSV String Table with path [C:/Program Files (x86)/Steam/steamapps/common/Satisfactory/FactoryGame/Content/Localization/StringTables/AWESOME_Data.csv] and root folder [C:/Program Files (x86)/Steam/steamapps/common/Satisfactory/FactoryGame/Content/Localization/StringTables]
[2026.06.15-12.00.36:505][  0]LogCSLocTools: Deriving CSV String Table ID: After removing root [AWESOME_Data.csv]
[2026.06.15-12.00.36:505][  0]LogCSLocTools: Deriving CSV String Table ID: Final [AWESOME_Data]
[2026.06.15-12.00.36:505][  0]LogCSLocTools: Registering CSV String Table AWESOME_Data at Content/Localization/StringTables/AWESOME_Data.csv
[2026.06.15-12.00.36:507][  0]LogCSLocTools: IterateDirectoryRecursively reached [../../../FactoryGame/Content/Localization/StringTables/AWESOME_UI.csv]
[2026.06.15-12.00.36:507][  0]LogCSLocTools: IterateDirectoryRecursively reached (FullPath) [C:/Program Files (x86)/Steam/steamapps/common/Satisfactory/FactoryGame/Content/Localization/StringTables/AWESOME_UI.csv]
[2026.06.15-12.00.36:507][  0]LogCSLocTools: Attempting to register CSV String Table with path [C:/Program Files (x86)/Steam/steamapps/common/Satisfactory/FactoryGame/Content/Localization/StringTables/AWESOME_UI.csv] and root folder [C:/Program Files (x86)/Steam/steamapps/common/Satisfactory/FactoryGame/Content/Localization/StringTables]
[2026.06.15-12.00.36:507][  0]LogCSLocTools: Deriving CSV String Table ID: After removing root [AWESOME_UI.csv]
[2026.06.15-12.00.36:507][  0]LogCSLocTools: Deriving CSV String Table ID: Final [AWESOME_UI]
[2026.06.15-12.00.36:507][  0]LogCSLocTools: Registering CSV String Table AWESOME_UI at Content/Localization/StringTables/AWESOME_UI.csv
[2026.06.15-12.00.36:508][  0]LogCSLocTools: IterateDirectoryRecursively reached [../../../FactoryGame/Content/Localization/StringTables/Buildables_Data.csv]
[2026.06.15-12.00.36:508][  0]LogCSLocTools: IterateDirectoryRecursively reached (FullPath) [C:/Program Files (x86)/Steam/steamapps/common/Satisfactory/FactoryGame/Content/Localization/StringTables/Buildables_Data.csv]
[2026.06.15-12.00.36:508][  0]LogCSLocTools: Attempting to register CSV String Table with path [C:/Program Files (x86)/Steam/steamapps/common/Satisfactory/FactoryGame/Content/Localization/StringTables/Buildables_Data.csv] and root folder [C:/Program Files (x86)/Steam/steamapps/common/Satisfactory/FactoryGame/Content/Localization/StringTables]
[2026.06.15-12.00.36:508][  0]LogCSLocTools: Deriving CSV String Table ID: After removing root [Buildables_Data.csv]
[2026.06.15-12.00.36:508][  0]LogCSLocTools: Deriving CSV String Table ID: Final [Buildables_Data]
[2026.06.15-12.00.36:508][  0]LogCSLocTools: Registering CSV String Table Buildables_Data at Content/Localization/StringTables/Buildables_Data.csv
[2026.06.15-12.00.36:510][  0]LogCSLocTools: IterateDirectoryRecursively reached [../../../FactoryGame/Content/Localization/StringTables/Buildables_UI.csv]
[2026.06.15-12.00.36:510][  0]LogCSLocTools: IterateDirectoryRecursively reached (FullPath) [C:/Program Files (x86)/Steam/steamapps/common/Satisfactory/FactoryGame/Content/Localization/StringTables/Buildables_UI.csv]
[2026.06.15-12.00.36:510][  0]LogCSLocTools: Attempting to register CSV String Table with path [C:/Program Files (x86)/Steam/steamapps/common/Satisfactory/FactoryGame/Content/Localization/StringTables/Buildables_UI.csv] and root folder [C:/Program Files (x86)/Steam/steamapps/common/Satisfactory/FactoryGame/Content/Localization/StringTables]
[2026.06.15-12.00.36:510][  0]LogCSLocTools: Deriving CSV String Table ID: After removing root [Buildables_UI.csv]
[2026.06.15-12.00.36:510][  0]LogCSLocTools: Deriving CSV String Table ID: Final [Buildables_UI]
[2026.06.15-12.00.36:510][  0]LogCSLocTools: Registering CSV String Table Buildables_UI at Content/Localization/StringTables/Buildables_UI.csv
[2026.06.15-12.00.36:514][  0]LogCSLocTools: IterateDirectoryRecursively reached [../../../FactoryGame/Content/Localization/StringTables/Codex_UI.csv]
[2026.06.15-12.00.36:514][  0]LogCSLocTools: IterateDirectoryRecursively reached (FullPath) [C:/Program Files (x86)/Steam/steamapps/common/Satisfactory/FactoryGame/Content/Localization/StringTables/Codex_UI.csv]
[2026.06.15-12.00.36:514][  0]LogCSLocTools: Attempting to register CSV String Table with path [C:/Program Files (x86)/Steam/steamapps/common/Satisfactory/FactoryGame/Content/Localization/StringTables/Codex_UI.csv] and root folder [C:/Program Files (x86)/Steam/steamapps/common/Satisfactory/FactoryGame/Content/Localization/StringTables]
[2026.06.15-12.00.36:514][  0]LogCSLocTools: Deriving CSV String Table ID: After removing root [Codex_UI.csv]
[2026.06.15-12.00.36:514][  0]LogCSLocTools: Deriving CSV String Table ID: Final [Codex_UI]
[2026.06.15-12.00.36:514][  0]LogCSLocTools: Registering CSV String Table Codex_UI at Content/Localization/StringTables/Codex_UI.csv
[2026.06.15-12.00.36:514][  0]LogCSLocTools: IterateDirectoryRecursively reached [../../../FactoryGame/Content/Localization/StringTables/Credits_UI.csv]
[2026.06.15-12.00.36:514][  0]LogCSLocTools: IterateDirectoryRecursively reached (FullPath) [C:/Program Files (x86)/Steam/steamapps/common/Satisfactory/FactoryGame/Content/Localization/StringTables/Credits_UI.csv]
[2026.06.15-12.00.36:514][  0]LogCSLocTools: Attempting to register CSV String Table with path [C:/Program Files (x86)/Steam/steamapps/common/Satisfactory/FactoryGame/Content/Localization/StringTables/Credits_UI.csv] and root folder [C:/Program Files (x86)/Steam/steamapps/common/Satisfactory/FactoryGame/Content/Localization/StringTables]
[2026.06.15-12.00.36:514][  0]LogCSLocTools: Deriving CSV String Table ID: After removing root [Credits_UI.csv]
[2026.06.15-12.00.36:514][  0]LogCSLocTools: Deriving CSV String Table ID: Final [Credits_UI]
[2026.06.15-12.00.36:514][  0]LogCSLocTools: Registering CSV String Table Credits_UI at Content/Localization/StringTables/Credits_UI.csv
[2026.06.15-12.00.36:514][  0]LogCSLocTools: IterateDirectoryRecursively reached [../../../FactoryGame/Content/Localization/StringTables/Customization_Data.csv]
[2026.06.15-12.00.36:514][  0]LogCSLocTools: IterateDirectoryRecursively reached (FullPath) [C:/Program Files (x86)/Steam/steamapps/common/Satisfactory/FactoryGame/Content/Localization/StringTables/Customization_Data.csv]
[2026.06.15-12.00.36:514][  0]LogCSLocTools: Attempting to register CSV String Table with path [C:/Program Files (x86)/Steam/steamapps/common/Satisfactory/FactoryGame/Content/Localization/StringTables/Customization_Data.csv] and root folder [C:/Program Files (x86)/Steam/steamapps/common/Satisfactory/FactoryGame/Content/Localization/StringTables]
[2026.06.15-12.00.36:514][  0]LogCSLocTools: Deriving CSV String Table ID: After removing root [Customization_Data.csv]
[2026.06.15-12.00.36:514][  0]LogCSLocTools: Deriving CSV String Table ID: Final [Customization_Data]
[2026.06.15-12.00.36:514][  0]LogCSLocTools: Registering CSV String Table Customization_Data at Content/Localization/StringTables/Customization_Data.csv
[2026.06.15-12.00.36:514][  0]LogCSLocTools: IterateDirectoryRecursively reached [../../../FactoryGame/Content/Localization/StringTables/Customization_UI.csv]
[2026.06.15-12.00.36:514][  0]LogCSLocTools: IterateDirectoryRecursively reached (FullPath) [C:/Program Files (x86)/Steam/steamapps/common/Satisfactory/FactoryGame/Content/Localization/StringTables/Customization_UI.csv]
[2026.06.15-12.00.36:514][  0]LogCSLocTools: Attempting to register CSV String Table with path [C:/Program Files (x86)/Steam/steamapps/common/Satisfactory/FactoryGame/Content/Localization/StringTables/Customization_UI.csv] and root folder [C:/Program Files (x86)/Steam/steamapps/common/Satisfactory/FactoryGame/Content/Localization/StringTables]
[2026.06.15-12.00.36:520][  0]LogCSLocTools: Deriving CSV String Table ID: After removing root [Customization_UI.csv]
[2026.06.15-12.00.36:520][  0]LogCSLocTools: Deriving CSV String Table ID: Final [Customization_UI]
[2026.06.15-12.00.36:520][  0]LogCSLocTools: Registering CSV String Table Customization_UI at Content/Localization/StringTables/Customization_UI.csv
[2026.06.15-12.00.36:520][  0]LogCSLocTools: IterateDirectoryRecursively reached [../../../FactoryGame/Content/Localization/StringTables/Emotes_Data.csv]
[2026.06.15-12.00.36:520][  0]LogCSLocTools: IterateDirectoryRecursively reached (FullPath) [C:/Program Files (x86)/Steam/steamapps/common/Satisfactory/FactoryGame/Content/Localization/StringTables/Emotes_Data.csv]
[2026.06.15-12.00.36:520][  0]LogCSLocTools: Attempting to register CSV String Table with path [C:/Program Files (x86)/Steam/steamapps/common/Satisfactory/FactoryGame/Content/Localization/StringTables/Emotes_Data.csv] and root folder [C:/Program Files (x86)/Steam/steamapps/common/Satisfactory/FactoryGame/Content/Localization/StringTables]
[2026.06.15-12.00.36:520][  0]LogCSLocTools: Deriving CSV String Table ID: After removing root [Emotes_Data.csv]
[2026.06.15-12.00.36:520][  0]LogCSLocTools: Deriving CSV String Table ID: Final [Emotes_Data]
[2026.06.15-12.00.36:520][  0]LogCSLocTools: Registering CSV String Table Emotes_Data at Content/Localization/StringTables/Emotes_Data.csv
[2026.06.15-12.00.36:520][  0]LogCSLocTools: IterateDirectoryRecursively reached [../../../FactoryGame/Content/Localization/StringTables/Equipment_Data.csv]
[2026.06.15-12.00.36:520][  0]LogCSLocTools: IterateDirectoryRecursively reached (FullPath) [C:/Program Files (x86)/Steam/steamapps/common/Satisfactory/FactoryGame/Content/Localization/StringTables/Equipment_Data.csv]
[2026.06.15-12.00.36:520][  0]LogCSLocTools: Attempting to register CSV String Table with path [C:/Program Files (x86)/Steam/steamapps/common/Satisfactory/FactoryGame/Content/Localization/StringTables/Equipment_Data.csv] and root folder [C:/Program Files (x86)/Steam/steamapps/common/Satisfactory/FactoryGame/Content/Localization/StringTables]
[2026.06.15-12.00.36:520][  0]LogCSLocTools: Deriving CSV String Table ID: After removing root [Equipment_Data.csv]
[2026.06.15-12.00.36:520][  0]LogCSLocTools: Deriving CSV String Table ID: Final [Equipment_Data]
[2026.06.15-12.00.36:520][  0]LogCSLocTools: Registering CSV String Table Equipment_Data at Content/Localization/StringTables/Equipment_Data.csv
[2026.06.15-12.00.36:520][  0]LogCSLocTools: IterateDirectoryRecursively reached [../../../FactoryGame/Content/Localization/StringTables/FICSMAS_Data.csv]
[2026.06.15-12.00.36:520][  0]LogCSLocTools: IterateDirectoryRecursively reached (FullPath) [C:/Program Files (x86)/Steam/steamapps/common/Satisfactory/FactoryGame/Content/Localization/StringTables/FICSMAS_Data.csv]
[2026.06.15-12.00.36:520][  0]LogCSLocTools: Attempting to register CSV String Table with path [C:/Program Files (x86)/Steam/steamapps/common/Satisfactory/FactoryGame/Content/Localization/StringTables/FICSMAS_Data.csv] and root folder [C:/Program Files (x86)/Steam/steamapps/common/Satisfactory/FactoryGame/Content/Localization/StringTables]
[2026.06.15-12.00.36:520][  0]LogCSLocTools: Deriving CSV String Table ID: After removing root [FICSMAS_Data.csv]
[2026.06.15-12.00.36:520][  0]LogCSLocTools: Deriving CSV String Table ID: Final [FICSMAS_Data]
[2026.06.15-12.00.36:520][  0]LogCSLocTools: Registering CSV String Table FICSMAS_Data at Content/Localization/StringTables/FICSMAS_Data.csv
[2026.06.15-12.00.36:520][  0]LogCSLocTools: IterateDirectoryRecursively reached [../../../FactoryGame/Content/Localization/StringTables/FICSMAS_UI.csv]
[2026.06.15-12.00.36:520][  0]LogCSLocTools: IterateDirectoryRecursively reached (FullPath) [C:/Program Files (x86)/Steam/steamapps/common/Satisfactory/FactoryGame/Content/Localization/StringTables/FICSMAS_UI.csv]
[2026.06.15-12.00.36:520][  0]LogCSLocTools: Attempting to register CSV String Table with path [C:/Program Files (x86)/Steam/steamapps/common/Satisfactory/FactoryGame/Content/Localization/StringTables/FICSMAS_UI.csv] and root folder [C:/Program Files (x86)/Steam/steamapps/common/Satisfactory/FactoryGame/Content/Localization/StringTables]
[2026.06.15-12.00.36:520][  0]LogCSLocTools: Deriving CSV String Table ID: After removing root [FICSMAS_UI.csv]
[2026.06.15-12.00.36:520][  0]LogCSLocTools: Deriving CSV String Table ID: Final [FICSMAS_UI]
[2026.06.15-12.00.36:520][  0]LogCSLocTools: Registering CSV String Table FICSMAS_UI at Content/Localization/StringTables/FICSMAS_UI.csv
[2026.06.15-12.00.36:520][  0]LogCSLocTools: IterateDirectoryRecursively reached [../../../FactoryGame/Content/Localization/StringTables/Gamepads_UI.csv]
[2026.06.15-12.00.36:520][  0]LogCSLocTools: IterateDirectoryRecursively reached (FullPath) [C:/Program Files (x86)/Steam/steamapps/common/Satisfactory/FactoryGame/Content/Localization/StringTables/Gamepads_UI.csv]
[2026.06.15-12.00.36:520][  0]LogCSLocTools: Attempting to register CSV String Table with path [C:/Program Files (x86)/Steam/steamapps/common/Satisfactory/FactoryGame/Content/Localization/StringTables/Gamepads_UI.csv] and root folder [C:/Program Files (x86)/Steam/steamapps/common/Satisfactory/FactoryGame/Content/Localization/StringTables]
[2026.06.15-12.00.36:520][  0]LogCSLocTools: Deriving CSV String Table ID: After removing root [Gamepads_UI.csv]
[2026.06.15-12.00.36:520][  0]LogCSLocTools: Deriving CSV String Table ID: Final [Gamepads_UI]
[2026.06.15-12.00.36:520][  0]LogCSLocTools: Registering CSV String Table Gamepads_UI at Content/Localization/StringTables/Gamepads_UI.csv
[2026.06.15-12.00.36:524][  0]LogCSLocTools: IterateDirectoryRecursively reached [../../../FactoryGame/Content/Localization/StringTables/GamepadsMappings_UI.csv]
[2026.06.15-12.00.36:524][  0]LogCSLocTools: IterateDirectoryRecursively reached (FullPath) [C:/Program Files (x86)/Steam/steamapps/common/Satisfactory/FactoryGame/Content/Localization/StringTables/GamepadsMappings_UI.csv]
[2026.06.15-12.00.36:524][  0]LogCSLocTools: Attempting to register CSV String Table with path [C:/Program Files (x86)/Steam/steamapps/common/Satisfactory/FactoryGame/Content/Localization/StringTables/GamepadsMappings_UI.csv] and root folder [C:/Program Files (x86)/Steam/steamapps/common/Satisfactory/FactoryGame/Content/Localization/StringTables]
[2026.06.15-12.00.36:524][  0]LogCSLocTools: Deriving CSV String Table ID: After removing root [GamepadsMappings_UI.csv]
[2026.06.15-12.00.36:524][  0]LogCSLocTools: Deriving CSV String Table ID: Final [GamepadsMappings_UI]
[2026.06.15-12.00.36:524][  0]LogCSLocTools: Registering CSV String Table GamepadsMappings_UI at Content/Localization/StringTables/GamepadsMappings_UI.csv
[2026.06.15-12.00.36:525][  0]LogCSLocTools: IterateDirectoryRecursively reached [../../../FactoryGame/Content/Localization/StringTables/General_UI.csv]
[2026.06.15-12.00.36:525][  0]LogCSLocTools: IterateDirectoryRecursively reached (FullPath) [C:/Program Files (x86)/Steam/steamapps/common/Satisfactory/FactoryGame/Content/Localization/StringTables/General_UI.csv]
[2026.06.15-12.00.36:525][  0]LogCSLocTools: Attempting to register CSV String Table with path [C:/Program Files (x86)/Steam/steamapps/common/Satisfactory/FactoryGame/Content/Localization/StringTables/General_UI.csv] and root folder [C:/Program Files (x86)/Steam/steamapps/common/Satisfactory/FactoryGame/Content/Localization/StringTables]
[2026.06.15-12.00.36:525][  0]LogCSLocTools: Deriving CSV String Table ID: After removing root [General_UI.csv]
[2026.06.15-12.00.36:525][  0]LogCSLocTools: Deriving CSV String Table ID: Final [General_UI]
[2026.06.15-12.00.36:525][  0]LogCSLocTools: Registering CSV String Table General_UI at Content/Localization/StringTables/General_UI.csv
[2026.06.15-12.00.36:527][  0]LogCSLocTools: IterateDirectoryRecursively reached [../../../FactoryGame/Content/Localization/StringTables/HUB_UI.csv]
[2026.06.15-12.00.36:527][  0]LogCSLocTools: IterateDirectoryRecursively reached (FullPath) [C:/Program Files (x86)/Steam/steamapps/common/Satisfactory/FactoryGame/Content/Localization/StringTables/HUB_UI.csv]
[2026.06.15-12.00.36:527][  0]LogCSLocTools: Attempting to register CSV String Table with path [C:/Program Files (x86)/Steam/steamapps/common/Satisfactory/FactoryGame/Content/Localization/StringTables/HUB_UI.csv] and root folder [C:/Program Files (x86)/Steam/steamapps/common/Satisfactory/FactoryGame/Content/Localization/StringTables]
[2026.06.15-12.00.36:527][  0]LogCSLocTools: Deriving CSV String Table ID: After removing root [HUB_UI.csv]
[2026.06.15-12.00.36:527][  0]LogCSLocTools: Deriving CSV String Table ID: Final [HUB_UI]
[2026.06.15-12.00.36:527][  0]LogCSLocTools: Registering CSV String Table HUB_UI at Content/Localization/StringTables/HUB_UI.csv
[2026.06.15-12.00.36:527][  0]LogCSLocTools: IterateDirectoryRecursively reached [../../../FactoryGame/Content/Localization/StringTables/IconLibrary_Data.csv]
[2026.06.15-12.00.36:527][  0]LogCSLocTools: IterateDirectoryRecursively reached (FullPath) [C:/Program Files (x86)/Steam/steamapps/common/Satisfactory/FactoryGame/Content/Localization/StringTables/IconLibrary_Data.csv]
[2026.06.15-12.00.36:527][  0]LogCSLocTools: Attempting to register CSV String Table with path [C:/Program Files (x86)/Steam/steamapps/common/Satisfactory/FactoryGame/Content/Localization/StringTables/IconLibrary_Data.csv] and root folder [C:/Program Files (x86)/Steam/steamapps/common/Satisfactory/FactoryGame/Content/Localization/StringTables]
[2026.06.15-12.00.36:527][  0]LogCSLocTools: Deriving CSV String Table ID: After removing root [IconLibrary_Data.csv]
[2026.06.15-12.00.36:527][  0]LogCSLocTools: Deriving CSV String Table ID: Final [IconLibrary_Data]
[2026.06.15-12.00.36:527][  0]LogCSLocTools: Registering CSV String Table IconLibrary_Data at Content/Localization/StringTables/IconLibrary_Data.csv
[2026.06.15-12.00.36:528][  0]LogCSLocTools: IterateDirectoryRecursively reached [../../../FactoryGame/Content/Localization/StringTables/Items_Data.csv]
[2026.06.15-12.00.36:528][  0]LogCSLocTools: IterateDirectoryRecursively reached (FullPath) [C:/Program Files (x86)/Steam/steamapps/common/Satisfactory/FactoryGame/Content/Localization/StringTables/Items_Data.csv]
[2026.06.15-12.00.36:528][  0]LogCSLocTools: Attempting to register CSV String Table with path [C:/Program Files (x86)/Steam/steamapps/common/Satisfactory/FactoryGame/Content/Localization/StringTables/Items_Data.csv] and root folder [C:/Program Files (x86)/Steam/steamapps/common/Satisfactory/FactoryGame/Content/Localization/StringTables]
[2026.06.15-12.00.36:528][  0]LogCSLocTools: Deriving CSV String Table ID: After removing root [Items_Data.csv]
[2026.06.15-12.00.36:528][  0]LogCSLocTools: Deriving CSV String Table ID: Final [Items_Data]
[2026.06.15-12.00.36:528][  0]LogCSLocTools: Registering CSV String Table Items_Data at Content/Localization/StringTables/Items_Data.csv
[2026.06.15-12.00.36:533][  0]LogCSLocTools: IterateDirectoryRecursively reached [../../../FactoryGame/Content/Localization/StringTables/MAM_Data.csv]
[2026.06.15-12.00.36:533][  0]LogCSLocTools: IterateDirectoryRecursively reached (FullPath) [C:/Program Files (x86)/Steam/steamapps/common/Satisfactory/FactoryGame/Content/Localization/StringTables/MAM_Data.csv]
[2026.06.15-12.00.36:533][  0]LogCSLocTools: Attempting to register CSV String Table with path [C:/Program Files (x86)/Steam/steamapps/common/Satisfactory/FactoryGame/Content/Localization/StringTables/MAM_Data.csv] and root folder [C:/Program Files (x86)/Steam/steamapps/common/Satisfactory/FactoryGame/Content/Localization/StringTables]
[2026.06.15-12.00.36:533][  0]LogCSLocTools: Deriving CSV String Table ID: After removing root [MAM_Data.csv]
[2026.06.15-12.00.36:533][  0]LogCSLocTools: Deriving CSV String Table ID: Final [MAM_Data]
[2026.06.15-12.00.36:533][  0]LogCSLocTools: Registering CSV String Table MAM_Data at Content/Localization/StringTables/MAM_Data.csv
[2026.06.15-12.00.36:534][  0]LogCSLocTools: IterateDirectoryRecursively reached [../../../FactoryGame/Content/Localization/StringTables/MAM_UI.csv]
[2026.06.15-12.00.36:534][  0]LogCSLocTools: IterateDirectoryRecursively reached (FullPath) [C:/Program Files (x86)/Steam/steamapps/common/Satisfactory/FactoryGame/Content/Localization/StringTables/MAM_UI.csv]
[2026.06.15-12.00.36:534][  0]LogCSLocTools: Attempting to register CSV String Table with path [C:/Program Files (x86)/Steam/steamapps/common/Satisfactory/FactoryGame/Content/Localization/StringTables/MAM_UI.csv] and root folder [C:/Program Files (x86)/Steam/steamapps/common/Satisfactory/FactoryGame/Content/Localization/StringTables]
[2026.06.15-12.00.36:536][  0]LogCSLocTools: Deriving CSV String Table ID: After removing root [MAM_UI.csv]
[2026.06.15-12.00.36:536][  0]LogCSLocTools: Deriving CSV String Table ID: Final [MAM_UI]
[2026.06.15-12.00.36:536][  0]LogCSLocTools: Registering CSV String Table MAM_UI at Content/Localization/StringTables/MAM_UI.csv
[2026.06.15-12.00.36:536][  0]LogCSLocTools: IterateDirectoryRecursively reached [../../../FactoryGame/Content/Localization/StringTables/Map_UI.csv]
[2026.06.15-12.00.36:536][  0]LogCSLocTools: IterateDirectoryRecursively reached (FullPath) [C:/Program Files (x86)/Steam/steamapps/common/Satisfactory/FactoryGame/Content/Localization/StringTables/Map_UI.csv]
[2026.06.15-12.00.36:536][  0]LogCSLocTools: Attempting to register CSV String Table with path [C:/Program Files (x86)/Steam/steamapps/common/Satisfactory/FactoryGame/Content/Localization/StringTables/Map_UI.csv] and root folder [C:/Program Files (x86)/Steam/steamapps/common/Satisfactory/FactoryGame/Content/Localization/StringTables]
[2026.06.15-12.00.36:536][  0]LogCSLocTools: Deriving CSV String Table ID: After removing root [Map_UI.csv]
[2026.06.15-12.00.36:536][  0]LogCSLocTools: Deriving CSV String Table ID: Final [Map_UI]
[2026.06.15-12.00.36:536][  0]LogCSLocTools: Registering CSV String Table Map_UI at Content/Localization/StringTables/Map_UI.csv
[2026.06.15-12.00.36:536][  0]LogCSLocTools: IterateDirectoryRecursively reached [../../../FactoryGame/Content/Localization/StringTables/Menus_UI.csv]
[2026.06.15-12.00.36:536][  0]LogCSLocTools: IterateDirectoryRecursively reached (FullPath) [C:/Program Files (x86)/Steam/steamapps/common/Satisfactory/FactoryGame/Content/Localization/StringTables/Menus_UI.csv]
[2026.06.15-12.00.36:536][  0]LogCSLocTools: Attempting to register CSV String Table with path [C:/Program Files (x86)/Steam/steamapps/common/Satisfactory/FactoryGame/Content/Localization/StringTables/Menus_UI.csv] and root folder [C:/Program Files (x86)/Steam/steamapps/common/Satisfactory/FactoryGame/Content/Localization/StringTables]
[2026.06.15-12.00.36:536][  0]LogCSLocTools: Deriving CSV String Table ID: After removing root [Menus_UI.csv]
[2026.06.15-12.00.36:536][  0]LogCSLocTools: Deriving CSV String Table ID: Final [Menus_UI]
[2026.06.15-12.00.36:536][  0]LogCSLocTools: Registering CSV String Table Menus_UI at Content/Localization/StringTables/Menus_UI.csv
[2026.06.15-12.00.36:541][  0]LogCSLocTools: IterateDirectoryRecursively reached [../../../FactoryGame/Content/Localization/StringTables/Messages_UI.csv]
[2026.06.15-12.00.36:541][  0]LogCSLocTools: IterateDirectoryRecursively reached (FullPath) [C:/Program Files (x86)/Steam/steamapps/common/Satisfactory/FactoryGame/Content/Localization/StringTables/Messages_UI.csv]
[2026.06.15-12.00.36:541][  0]LogCSLocTools: Attempting to register CSV String Table with path [C:/Program Files (x86)/Steam/steamapps/common/Satisfactory/FactoryGame/Content/Localization/StringTables/Messages_UI.csv] and root folder [C:/Program Files (x86)/Steam/steamapps/common/Satisfactory/FactoryGame/Content/Localization/StringTables]
[2026.06.15-12.00.36:541][  0]LogCSLocTools: Deriving CSV String Table ID: After removing root [Messages_UI.csv]
[2026.06.15-12.00.36:541][  0]LogCSLocTools: Deriving CSV String Table ID: Final [Messages_UI]
[2026.06.15-12.00.36:541][  0]LogCSLocTools: Registering CSV String Table Messages_UI at Content/Localization/StringTables/Messages_UI.csv
[2026.06.15-12.00.36:545][  0]LogCSLocTools: IterateDirectoryRecursively reached [../../../FactoryGame/Content/Localization/StringTables/Minigame_UI.csv]
[2026.06.15-12.00.36:545][  0]LogCSLocTools: IterateDirectoryRecursively reached (FullPath) [C:/Program Files (x86)/Steam/steamapps/common/Satisfactory/FactoryGame/Content/Localization/StringTables/Minigame_UI.csv]
[2026.06.15-12.00.36:545][  0]LogCSLocTools: Attempting to register CSV String Table with path [C:/Program Files (x86)/Steam/steamapps/common/Satisfactory/FactoryGame/Content/Localization/StringTables/Minigame_UI.csv] and root folder [C:/Program Files (x86)/Steam/steamapps/common/Satisfactory/FactoryGame/Content/Localization/StringTables]
[2026.06.15-12.00.36:545][  0]LogCSLocTools: Deriving CSV String Table ID: After removing root [Minigame_UI.csv]
[2026.06.15-12.00.36:545][  0]LogCSLocTools: Deriving CSV String Table ID: Final [Minigame_UI]
[2026.06.15-12.00.36:545][  0]LogCSLocTools: Registering CSV String Table Minigame_UI at Content/Localization/StringTables/Minigame_UI.csv
[2026.06.15-12.00.36:545][  0]LogCSLocTools: IterateDirectoryRecursively reached [../../../FactoryGame/Content/Localization/StringTables/Onboarding.csv]
[2026.06.15-12.00.36:545][  0]LogCSLocTools: IterateDirectoryRecursively reached (FullPath) [C:/Program Files (x86)/Steam/steamapps/common/Satisfactory/FactoryGame/Content/Localization/StringTables/Onboarding.csv]
[2026.06.15-12.00.36:545][  0]LogCSLocTools: Attempting to register CSV String Table with path [C:/Program Files (x86)/Steam/steamapps/common/Satisfactory/FactoryGame/Content/Localization/StringTables/Onboarding.csv] and root folder [C:/Program Files (x86)/Steam/steamapps/common/Satisfactory/FactoryGame/Content/Localization/StringTables]
[2026.06.15-12.00.36:545][  0]LogCSLocTools: Deriving CSV String Table ID: After removing root [Onboarding.csv]
[2026.06.15-12.00.36:545][  0]LogCSLocTools: Deriving CSV String Table ID: Final [Onboarding]
[2026.06.15-12.00.36:545][  0]LogCSLocTools: Registering CSV String Table Onboarding at Content/Localization/StringTables/Onboarding.csv
[2026.06.15-12.00.36:547][  0]LogCSLocTools: IterateDirectoryRecursively reached [../../../FactoryGame/Content/Localization/StringTables/Options_Data.csv]
[2026.06.15-12.00.36:547][  0]LogCSLocTools: IterateDirectoryRecursively reached (FullPath) [C:/Program Files (x86)/Steam/steamapps/common/Satisfactory/FactoryGame/Content/Localization/StringTables/Options_Data.csv]
[2026.06.15-12.00.36:547][  0]LogCSLocTools: Attempting to register CSV String Table with path [C:/Program Files (x86)/Steam/steamapps/common/Satisfactory/FactoryGame/Content/Localization/StringTables/Options_Data.csv] and root folder [C:/Program Files (x86)/Steam/steamapps/common/Satisfactory/FactoryGame/Content/Localization/StringTables]
[2026.06.15-12.00.36:547][  0]LogCSLocTools: Deriving CSV String Table ID: After removing root [Options_Data.csv]
[2026.06.15-12.00.36:547][  0]LogCSLocTools: Deriving CSV String Table ID: Final [Options_Data]
[2026.06.15-12.00.36:547][  0]LogCSLocTools: Registering CSV String Table Options_Data at Content/Localization/StringTables/Options_Data.csv
[2026.06.15-12.00.36:554][  0]LogCSLocTools: IterateDirectoryRecursively reached [../../../FactoryGame/Content/Localization/StringTables/OptionsInputs_Data.csv]
[2026.06.15-12.00.36:554][  0]LogCSLocTools: IterateDirectoryRecursively reached (FullPath) [C:/Program Files (x86)/Steam/steamapps/common/Satisfactory/FactoryGame/Content/Localization/StringTables/OptionsInputs_Data.csv]
[2026.06.15-12.00.36:554][  0]LogCSLocTools: Attempting to register CSV String Table with path [C:/Program Files (x86)/Steam/steamapps/common/Satisfactory/FactoryGame/Content/Localization/StringTables/OptionsInputs_Data.csv] and root folder [C:/Program Files (x86)/Steam/steamapps/common/Satisfactory/FactoryGame/Content/Localization/StringTables]
[2026.06.15-12.00.36:554][  0]LogCSLocTools: Deriving CSV String Table ID: After removing root [OptionsInputs_Data.csv]
[2026.06.15-12.00.36:554][  0]LogCSLocTools: Deriving CSV String Table ID: Final [OptionsInputs_Data]
[2026.06.15-12.00.36:554][  0]LogCSLocTools: Registering CSV String Table OptionsInputs_Data at Content/Localization/StringTables/OptionsInputs_Data.csv
[2026.06.15-12.00.36:556][  0]LogCSLocTools: IterateDirectoryRecursively reached [../../../FactoryGame/Content/Localization/StringTables/Player_UI.csv]
[2026.06.15-12.00.36:556][  0]LogCSLocTools: IterateDirectoryRecursively reached (FullPath) [C:/Program Files (x86)/Steam/steamapps/common/Satisfactory/FactoryGame/Content/Localization/StringTables/Player_UI.csv]
[2026.06.15-12.00.36:556][  0]LogCSLocTools: Attempting to register CSV String Table with path [C:/Program Files (x86)/Steam/steamapps/common/Satisfactory/FactoryGame/Content/Localization/StringTables/Player_UI.csv] and root folder [C:/Program Files (x86)/Steam/steamapps/common/Satisfactory/FactoryGame/Content/Localization/StringTables]
[2026.06.15-12.00.36:556][  0]LogCSLocTools: Deriving CSV String Table ID: After removing root [Player_UI.csv]
[2026.06.15-12.00.36:556][  0]LogCSLocTools: Deriving CSV String Table ID: Final [Player_UI]
[2026.06.15-12.00.36:556][  0]LogCSLocTools: Registering CSV String Table Player_UI at Content/Localization/StringTables/Player_UI.csv
[2026.06.15-12.00.36:560][  0]LogCSLocTools: IterateDirectoryRecursively reached [../../../FactoryGame/Content/Localization/StringTables/Schematics_Data.csv]
[2026.06.15-12.00.36:560][  0]LogCSLocTools: IterateDirectoryRecursively reached (FullPath) [C:/Program Files (x86)/Steam/steamapps/common/Satisfactory/FactoryGame/Content/Localization/StringTables/Schematics_Data.csv]
[2026.06.15-12.00.36:560][  0]LogCSLocTools: Attempting to register CSV String Table with path [C:/Program Files (x86)/Steam/steamapps/common/Satisfactory/FactoryGame/Content/Localization/StringTables/Schematics_Data.csv] and root folder [C:/Program Files (x86)/Steam/steamapps/common/Satisfactory/FactoryGame/Content/Localization/StringTables]
[2026.06.15-12.00.36:560][  0]LogCSLocTools: Deriving CSV String Table ID: After removing root [Schematics_Data.csv]
[2026.06.15-12.00.36:560][  0]LogCSLocTools: Deriving CSV String Table ID: Final [Schematics_Data]
[2026.06.15-12.00.36:560][  0]LogCSLocTools: Registering CSV String Table Schematics_Data at Content/Localization/StringTables/Schematics_Data.csv
[2026.06.15-12.00.36:560][  0]LogCSLocTools: IterateDirectoryRecursively reached [../../../FactoryGame/Content/Localization/StringTables/Transportation_UI.csv]
[2026.06.15-12.00.36:560][  0]LogCSLocTools: IterateDirectoryRecursively reached (FullPath) [C:/Program Files (x86)/Steam/steamapps/common/Satisfactory/FactoryGame/Content/Localization/StringTables/Transportation_UI.csv]
[2026.06.15-12.00.36:561][  0]LogCSLocTools: Attempting to register CSV String Table with path [C:/Program Files (x86)/Steam/steamapps/common/Satisfactory/FactoryGame/Content/Localization/StringTables/Transportation_UI.csv] and root folder [C:/Program Files (x86)/Steam/steamapps/common/Satisfactory/FactoryGame/Content/Localization/StringTables]
[2026.06.15-12.00.36:561][  0]LogCSLocTools: Deriving CSV String Table ID: After removing root [Transportation_UI.csv]
[2026.06.15-12.00.36:561][  0]LogCSLocTools: Deriving CSV String Table ID: Final [Transportation_UI]
[2026.06.15-12.00.36:561][  0]LogCSLocTools: Registering CSV String Table Transportation_UI at Content/Localization/StringTables/Transportation_UI.csv
[2026.06.15-12.00.36:564][  0]LogCSLocTools: IterateDirectoryRecursively reached [../../../FactoryGame/Content/Localization/StringTables/Units_UI.csv]
[2026.06.15-12.00.36:564][  0]LogCSLocTools: IterateDirectoryRecursively reached (FullPath) [C:/Program Files (x86)/Steam/steamapps/common/Satisfactory/FactoryGame/Content/Localization/StringTables/Units_UI.csv]
[2026.06.15-12.00.36:564][  0]LogCSLocTools: Attempting to register CSV String Table with path [C:/Program Files (x86)/Steam/steamapps/common/Satisfactory/FactoryGame/Content/Localization/StringTables/Units_UI.csv] and root folder [C:/Program Files (x86)/Steam/steamapps/common/Satisfactory/FactoryGame/Content/Localization/StringTables]
[2026.06.15-12.00.36:564][  0]LogCSLocTools: Deriving CSV String Table ID: After removing root [Units_UI.csv]
[2026.06.15-12.00.36:564][  0]LogCSLocTools: Deriving CSV String Table ID: Final [Units_UI]
[2026.06.15-12.00.36:564][  0]LogCSLocTools: Registering CSV String Table Units_UI at Content/Localization/StringTables/Units_UI.csv
[2026.06.15-12.00.36:564][  0]LogCSLocTools: IterateDirectoryRecursively reached [../../../FactoryGame/Content/Localization/StringTables/World_Data.csv]
[2026.06.15-12.00.36:564][  0]LogCSLocTools: IterateDirectoryRecursively reached (FullPath) [C:/Program Files (x86)/Steam/steamapps/common/Satisfactory/FactoryGame/Content/Localization/StringTables/World_Data.csv]
[2026.06.15-12.00.36:564][  0]LogCSLocTools: Attempting to register CSV String Table with path [C:/Program Files (x86)/Steam/steamapps/common/Satisfactory/FactoryGame/Content/Localization/StringTables/World_Data.csv] and root folder [C:/Program Files (x86)/Steam/steamapps/common/Satisfactory/FactoryGame/Content/Localization/StringTables]
[2026.06.15-12.00.36:564][  0]LogCSLocTools: Deriving CSV String Table ID: After removing root [World_Data.csv]
[2026.06.15-12.00.36:564][  0]LogCSLocTools: Deriving CSV String Table ID: Final [World_Data]
[2026.06.15-12.00.36:564][  0]LogCSLocTools: Registering CSV String Table World_Data at Content/Localization/StringTables/World_Data.csv
[2026.06.15-12.00.36:782][  0]LogSockets: SteamSockets: Initializing Network Relay
[2026.06.15-12.00.36:797][  0]LogNativeHookManager: Display: Size of member pointer is 16
[2026.06.15-12.00.36:797][  0]LogNativeHookManager: Display: Attempting to discover UFGWorkBench::SetRecipe at 00007FFA6AB188B0
[2026.06.15-12.00.36:799][  0]LogNativeHookManager: Display: Hooking function UFGWorkBench::SetRecipe: Provided address: 00007FFA6AB188B0, resolved address: 00007FFA6AB188B0
[2026.06.15-12.00.36:799][  0]LogNativeHookManager: Display: Overriding UFGWorkBench::SetRecipe at 00007FFA6AB188B0 to 00007FFA69E744E0
[2026.06.15-12.00.36:803][  0]LogNativeHookManager: Display: Successfully hooked function UFGWorkBench::SetRecipe at 00007FFA6AB188B0
[2026.06.15-12.00.36:803][  0]LogNativeHookManager: Display: Size of member pointer is 16
[2026.06.15-12.00.36:803][  0]LogNativeHookManager: Display: Attempting to discover UFGWorkBench::SetWorkBenchUser at 00007FFA6AB18F00
[2026.06.15-12.00.36:803][  0]LogNativeHookManager: Display: Hooking function UFGWorkBench::SetWorkBenchUser: Provided address: 00007FFA6AB18F00, resolved address: 00007FFA6AB18F00
[2026.06.15-12.00.36:803][  0]LogNativeHookManager: Display: Overriding UFGWorkBench::SetWorkBenchUser at 00007FFA6AB18F00 to 00007FFA69E74300
[2026.06.15-12.00.36:803][  0]LogNativeHookManager: Display: Successfully hooked function UFGWorkBench::SetWorkBenchUser at 00007FFA6AB18F00
[2026.06.15-12.00.36:803][  0]LogNativeHookManager: Display: Size of member pointer is 16
[2026.06.15-12.00.36:803][  0]LogNativeHookManager: Display: Attempting to discover UFGWorkBench::TickProducing at 00007FFA6AB1D530
[2026.06.15-12.00.36:803][  0]LogNativeHookManager: Display: Hooking function UFGWorkBench::TickProducing: Provided address: 00007FFA6AB1D530, resolved address: 00007FFA6AB1D530
[2026.06.15-12.00.36:803][  0]LogNativeHookManager: Display: Overriding UFGWorkBench::TickProducing at 00007FFA6AB1D530 to 00007FFA69E74110
[2026.06.15-12.00.36:803][  0]LogNativeHookManager: Display: Successfully hooked function UFGWorkBench::TickProducing at 00007FFA6AB1D530
[2026.06.15-12.00.36:804][  0]LogNativeHookManager: Display: Size of member pointer is 16
[2026.06.15-12.00.36:804][  0]LogNativeHookManager: Display: Attempting to discover AFGScannableSubsystem::OnDropPodLooted at 00007FFA6AA86690
[2026.06.15-12.00.36:804][  0]LogNativeHookManager: Display: Hooking function AFGScannableSubsystem::OnDropPodLooted: Provided address: 00007FFA6AA86690, resolved address: 00007FFA6AA86690
[2026.06.15-12.00.36:804][  0]LogNativeHookManager: Display: Overriding AFGScannableSubsystem::OnDropPodLooted at 00007FFA6AA86690 to 00007FFA69DE3FD0
[2026.06.15-12.00.36:804][  0]LogNativeHookManager: Display: Successfully hooked function AFGScannableSubsystem::OnDropPodLooted at 00007FFA6AA86690
[2026.06.15-12.00.36:804][  0]LogNativeHookManager: Display: Attempting to discover UFGBuildDescriptor::GetHologramClass at 00007FFA6AC1C3E0
[2026.06.15-12.00.36:805][  0]LogNativeHookManager: Display: Hooking function UFGBuildDescriptor::GetHologramClass: Provided address: 00007FFA6AC1C3E0, resolved address: 00007FFA6AC1C3E0
[2026.06.15-12.00.36:805][  0]LogNativeHookManager: Display: Overriding UFGBuildDescriptor::GetHologramClass at 00007FFA6AC1C3E0 to 00007FFA69D7BFC0
[2026.06.15-12.00.36:805][  0]LogNativeHookManager: Display: Successfully hooked function UFGBuildDescriptor::GetHologramClass at 00007FFA6AC1C3E0
[2026.06.15-12.00.36:805][  0]LogNativeHookManager: Display: Size of member pointer is 16
[2026.06.15-12.00.36:805][  0]LogNativeHookManager: Display: Attempting to discover AFGHologram::LockHologramPosition at 00007FFA6AB96310
[2026.06.15-12.00.36:805][  0]LogNativeHookManager: Display: Hooking function AFGHologram::LockHologramPosition: Provided address: 00007FFA6AB96310, resolved address: 00007FFA6AB96310
[2026.06.15-12.00.36:805][  0]LogNativeHookManager: Display: Overriding AFGHologram::LockHologramPosition at 00007FFA6AB96310 to 00007FFA69D7D150
[2026.06.15-12.00.36:805][  0]LogNativeHookManager: Display: Successfully hooked function AFGHologram::LockHologramPosition at 00007FFA6AB96310
[2026.06.15-12.00.36:805][  0]LogNativeHookManager: Display: Size of member pointer is 16
[2026.06.15-12.00.36:805][  0]LogNativeHookManager: Display: Attempting to discover AFGHologram::GetNudgeDistance at 00007FFA69D7A4C8
[2026.06.15-12.00.36:806][  0]LogNativeHookManager: Display: Attempting to resolve virtual function AFGHologram::GetNudgeDistance. This adjustment: 0x0, virtual function table offset: 0x8f0
[2026.06.15-12.00.36:806][  0]LogNativeHookManager: Display: Successfully resolved virtual function thunk AFGHologram::GetNudgeDistance at 00007FFA69D7A4C8 to function implementation at 00007FFA6AB91430
[2026.06.15-12.00.36:806][  0]LogNativeHookManager: Display: Hooking function AFGHologram::GetNudgeDistance: Provided address: 00007FFA69D7A4C8, resolved address: 00007FFA6AB91430
[2026.06.15-12.00.36:806][  0]LogNativeHookManager: Display: Overriding AFGHologram::GetNudgeDistance at 00007FFA6AB91430 to 00007FFA69D7C970
[2026.06.15-12.00.36:807][  0]LogNativeHookManager: Display: Successfully hooked function AFGHologram::GetNudgeDistance at 00007FFA6AB91430
[2026.06.15-12.00.36:807][  0]LogNativeHookManager: Display: Size of member pointer is 16
[2026.06.15-12.00.36:807][  0]LogNativeHookManager: Display: Attempting to discover AFGConveyorLiftHologram::CanNudgeHologram at 00007FFA69D7A4B0
[2026.06.15-12.00.36:807][  0]LogNativeHookManager: Display: Attempting to resolve virtual function AFGConveyorLiftHologram::CanNudgeHologram. This adjustment: 0x0, virtual function table offset: 0x8e0
[2026.06.15-12.00.36:807][  0]LogNativeHookManager: Display: Successfully resolved virtual function thunk AFGConveyorLiftHologram::CanNudgeHologram at 00007FFA69D7A4B0 to function implementation at 00007FFA6AB35830
[2026.06.15-12.00.36:807][  0]LogNativeHookManager: Display: Hooking function AFGConveyorLiftHologram::CanNudgeHologram: Provided address: 00007FFA69D7A4B0, resolved address: 00007FFA6AB35830
[2026.06.15-12.00.36:807][  0]LogNativeHookManager: Display: Overriding AFGConveyorLiftHologram::CanNudgeHologram at 00007FFA6AB35830 to 00007FFA69D7C680
[2026.06.15-12.00.36:807][  0]LogNativeHookManager: Display: Successfully hooked function AFGConveyorLiftHologram::CanNudgeHologram at 00007FFA6AB35830
[2026.06.15-12.00.36:807][  0]LogNativeHookManager: Display: Size of member pointer is 16
[2026.06.15-12.00.36:807][  0]LogNativeHookManager: Display: Attempting to discover AFGConveyorAttachmentHologram::CanNudgeHologram at 00007FFA69D7A4B0
[2026.06.15-12.00.36:807][  0]LogNativeHookManager: Display: Attempting to resolve virtual function AFGConveyorAttachmentHologram::CanNudgeHologram. This adjustment: 0x0, virtual function table offset: 0x8e0
[2026.06.15-12.00.36:807][  0]LogNativeHookManager: Display: Successfully resolved virtual function thunk AFGConveyorAttachmentHologram::CanNudgeHologram at 00007FFA69D7A4B0 to function implementation at 00007FFA6AB357F0
[2026.06.15-12.00.36:807][  0]LogNativeHookManager: Display: Hooking function AFGConveyorAttachmentHologram::CanNudgeHologram: Provided address: 00007FFA69D7A4B0, resolved address: 00007FFA6AB357F0
[2026.06.15-12.00.36:807][  0]LogNativeHookManager: Display: Overriding AFGConveyorAttachmentHologram::CanNudgeHologram at 00007FFA6AB357F0 to 00007FFA69D7C390
[2026.06.15-12.00.36:807][  0]LogNativeHookManager: Display: Successfully hooked function AFGConveyorAttachmentHologram::CanNudgeHologram at 00007FFA6AB357F0
[2026.06.15-12.00.36:807][  0]LogNativeHookManager: Display: Size of member pointer is 16
[2026.06.15-12.00.36:807][  0]LogNativeHookManager: Display: Attempting to discover AFGPipeAttachmentHologram::CanNudgeHologram at 00007FFA69D7A4B0
[2026.06.15-12.00.36:807][  0]LogNativeHookManager: Display: Attempting to resolve virtual function AFGPipeAttachmentHologram::CanNudgeHologram. This adjustment: 0x0, virtual function table offset: 0x8e0
[2026.06.15-12.00.36:807][  0]LogNativeHookManager: Display: Successfully resolved virtual function thunk AFGPipeAttachmentHologram::CanNudgeHologram at 00007FFA69D7A4B0 to function implementation at 00007FFA6AB858D0
[2026.06.15-12.00.36:807][  0]LogNativeHookManager: Display: Hooking function AFGPipeAttachmentHologram::CanNudgeHologram: Provided address: 00007FFA69D7A4B0, resolved address: 00007FFA6AB858D0
[2026.06.15-12.00.36:807][  0]LogNativeHookManager: Display: Overriding AFGPipeAttachmentHologram::CanNudgeHologram at 00007FFA6AB858D0 to 00007FFA69D7CC80
[2026.06.15-12.00.36:807][  0]LogNativeHookManager: Display: Successfully hooked function AFGPipeAttachmentHologram::CanNudgeHologram at 00007FFA6AB858D0
[2026.06.15-12.00.36:807][  0]LogNativeHookManager: Display: Size of member pointer is 16
[2026.06.15-12.00.36:807][  0]LogNativeHookManager: Display: Attempting to discover AFGHologram::Scroll at 00007FFA69D7A4BC
[2026.06.15-12.00.36:807][  0]LogNativeHookManager: Display: Attempting to resolve virtual function AFGHologram::Scroll. This adjustment: 0x0, virtual function table offset: 0x7f0
[2026.06.15-12.00.36:807][  0]LogNativeHookManager: Display: Successfully resolved virtual function thunk AFGHologram::Scroll at 00007FFA69D7A4BC to function implementation at 00007FFA6AB9A990
[2026.06.15-12.00.36:807][  0]LogNativeHookManager: Display: Hooking function AFGHologram::Scroll: Provided address: 00007FFA69D7A4BC, resolved address: 00007FFA6AB9A990
[2026.06.15-12.00.36:807][  0]LogNativeHookManager: Display: Overriding AFGHologram::Scroll at 00007FFA6AB9A990 to 00007FFA69D7CF70
[2026.06.15-12.00.36:807][  0]LogNativeHookManager: Display: Successfully hooked function AFGHologram::Scroll at 00007FFA6AB9A990
[2026.06.15-12.00.36:807][  0]LogNativeHookManager: Display: Size of member pointer is 16
[2026.06.15-12.00.36:809][  0]LogNativeHookManager: Display: Attempting to discover AFGRailroadSignalHologram::ConfigureActor at 00007FFA69D7A4D4
[2026.06.15-12.00.36:809][  0]LogNativeHookManager: Display: Attempting to resolve virtual function AFGRailroadSignalHologram::ConfigureActor. This adjustment: 0x0, virtual function table offset: 0xa30
[2026.06.15-12.00.36:809][  0]LogNativeHookManager: Display: Successfully resolved virtual function thunk AFGRailroadSignalHologram::ConfigureActor at 00007FFA69D7A4D4 to function implementation at 00007FFA6AB88950
[2026.06.15-12.00.36:809][  0]LogNativeHookManager: Display: Hooking function AFGRailroadSignalHologram::ConfigureActor: Provided address: 00007FFA69D7A4D4, resolved address: 00007FFA6AB88950
[2026.06.15-12.00.36:809][  0]LogNativeHookManager: Display: Overriding AFGRailroadSignalHologram::ConfigureActor at 00007FFA6AB88950 to 00007FFA69D7D330
[2026.06.15-12.00.36:809][  0]LogNativeHookManager: Display: Successfully hooked function AFGRailroadSignalHologram::ConfigureActor at 00007FFA6AB88950
[2026.06.15-12.00.36:809][  0]LogNativeHookManager: Display: Size of member pointer is 16
[2026.06.15-12.00.36:809][  0]LogNativeHookManager: Display: Attempting to discover AFGBuildableHologram::ConfigureActor at 00007FFA69D38970
[2026.06.15-12.00.36:809][  0]LogNativeHookManager: Display: Attempting to resolve virtual function AFGBuildableHologram::ConfigureActor. This adjustment: 0x0, virtual function table offset: 0xa30
[2026.06.15-12.00.36:809][  0]LogNativeHookManager: Display: Successfully resolved virtual function thunk AFGBuildableHologram::ConfigureActor at 00007FFA69D38970 to function implementation at 00007FFA6AB36D80
[2026.06.15-12.00.36:809][  0]LogNativeHookManager: Display: Hooking function AFGBuildableHologram::ConfigureActor: Provided address: 00007FFA69D38970, resolved address: 00007FFA6AB36D80
[2026.06.15-12.00.36:809][  0]LogNativeHookManager: Display: Overriding AFGBuildableHologram::ConfigureActor at 00007FFA6AB36D80 to 00007FFA69D3ABA0
[2026.06.15-12.00.36:809][  0]LogNativeHookManager: Display: Successfully hooked function AFGBuildableHologram::ConfigureActor at 00007FFA6AB36D80
[2026.06.15-12.00.36:809][  0]LogNativeHookManager: Display: Size of member pointer is 16
[2026.06.15-12.00.36:809][  0]LogNativeHookManager: Display: Attempting to discover AFGBuildableHologram::OnRep_DesiredZoop at 00007FFA6AB4FB50
[2026.06.15-12.00.36:809][  0]LogNativeHookManager: Display: Hooking function AFGBuildableHologram::OnRep_DesiredZoop: Provided address: 00007FFA6AB4FB50, resolved address: 00007FFA6AB4FB50
[2026.06.15-12.00.36:809][  0]LogNativeHookManager: Display: Overriding AFGBuildableHologram::OnRep_DesiredZoop at 00007FFA6AB4FB50 to 00007FFA69D3A9E0
[2026.06.15-12.00.36:809][  0]LogNativeHookManager: Display: Successfully hooked function AFGBuildableHologram::OnRep_DesiredZoop at 00007FFA6AB4FB50
[2026.06.15-12.00.36:809][  0]LogNativeHookManager: Display: Size of member pointer is 16
[2026.06.15-12.00.36:809][  0]LogNativeHookManager: Display: Attempting to discover AFGBuildableHologram::SetZoopAmount at 00007FFA6AB57AC0
[2026.06.15-12.00.36:809][  0]LogNativeHookManager: Display: Hooking function AFGBuildableHologram::SetZoopAmount: Provided address: 00007FFA6AB57AC0, resolved address: 00007FFA6AB57AC0
[2026.06.15-12.00.36:809][  0]LogNativeHookManager: Display: Overriding AFGBuildableHologram::SetZoopAmount at 00007FFA6AB57AC0 to 00007FFA69D3A810
[2026.06.15-12.00.36:809][  0]LogNativeHookManager: Display: Successfully hooked function AFGBuildableHologram::SetZoopAmount at 00007FFA6AB57AC0
[2026.06.15-12.00.36:809][  0]LogNativeHookManager: Display: Size of member pointer is 8
[2026.06.15-12.00.36:809][  0]LogNativeHookManager: Display: Attempting to discover UFGBuildGunStateBuild::OnZoopUpdated at 00007FFA6A2EC130
[2026.06.15-12.00.36:809][  0]LogNativeHookManager: Display: Hooking function UFGBuildGunStateBuild::OnZoopUpdated: Provided address: 00007FFA6A2EC130, resolved address: 00007FFA6A2EC130
[2026.06.15-12.00.36:809][  0]LogNativeHookManager: Display: Overriding UFGBuildGunStateBuild::OnZoopUpdated at 00007FFA6A2EC130 to 00007FFA69D3B850
[2026.06.15-12.00.36:809][  0]LogNativeHookManager: Display: Successfully hooked function UFGBuildGunStateBuild::OnZoopUpdated at 00007FFA6A2EC130
[2026.06.15-12.00.36:809][  0]LogNativeHookManager: Display: Size of member pointer is 8
[2026.06.15-12.00.36:809][  0]LogNativeHookManager: Display: Attempting to discover UFGBuildGunState::SecondaryFire at 00007FFA6A2EC340
[2026.06.15-12.00.36:809][  0]LogNativeHookManager: Display: Hooking function UFGBuildGunState::SecondaryFire: Provided address: 00007FFA6A2EC340, resolved address: 00007FFA6A2EC340
[2026.06.15-12.00.36:809][  0]LogNativeHookManager: Display: Overriding UFGBuildGunState::SecondaryFire at 00007FFA6A2EC340 to 00007FFA69D3B690
[2026.06.15-12.00.36:809][  0]LogNativeHookManager: Display: Successfully hooked function UFGBuildGunState::SecondaryFire at 00007FFA6A2EC340
[2026.06.15-12.00.36:809][  0]LogNativeHookManager: Display: Size of member pointer is 16
[2026.06.15-12.00.36:809][  0]LogNativeHookManager: Display: Attempting to discover AFGBuildableHologram::GetBaseCostMultiplier at 00007FFA69D38964
[2026.06.15-12.00.36:809][  0]LogNativeHookManager: Display: Attempting to resolve virtual function AFGBuildableHologram::GetBaseCostMultiplier. This adjustment: 0x0, virtual function table offset: 0x888
[2026.06.15-12.00.36:810][  0]LogNativeHookManager: Display: Successfully resolved virtual function thunk AFGBuildableHologram::GetBaseCostMultiplier at 00007FFA69D38964 to function implementation at 00007FFA6AB489B0
[2026.06.15-12.00.36:810][  0]LogNativeHookManager: Display: Hooking function AFGBuildableHologram::GetBaseCostMultiplier: Provided address: 00007FFA69D38964, resolved address: 00007FFA6AB489B0
[2026.06.15-12.00.36:810][  0]LogNativeHookManager: Display: Overriding AFGBuildableHologram::GetBaseCostMultiplier at 00007FFA6AB489B0 to 00007FFA69D3A520
[2026.06.15-12.00.36:810][  0]LogNativeHookManager: Display: Successfully hooked function AFGBuildableHologram::GetBaseCostMultiplier at 00007FFA6AB489B0
[2026.06.15-12.00.36:810][  0]LogNativeHookManager: Display: Size of member pointer is 16
[2026.06.15-12.00.36:810][  0]LogNativeHookManager: Display: Attempting to discover AFGFoundationHologram::CreateDefaultFoundationZoop at 00007FFA6AB3E730
[2026.06.15-12.00.36:810][  0]LogNativeHookManager: Display: Hooking function AFGFoundationHologram::CreateDefaultFoundationZoop: Provided address: 00007FFA6AB3E730, resolved address: 00007FFA6AB3E730
[2026.06.15-12.00.36:810][  0]LogNativeHookManager: Display: Overriding AFGFoundationHologram::CreateDefaultFoundationZoop at 00007FFA6AB3E730 to 00007FFA69D3AD80
[2026.06.15-12.00.36:810][  0]LogNativeHookManager: Display: Successfully hooked function AFGFoundationHologram::CreateDefaultFoundationZoop at 00007FFA6AB3E730
[2026.06.15-12.00.36:810][  0]LogNativeHookManager: Display: Size of member pointer is 16
[2026.06.15-12.00.36:810][  0]LogNativeHookManager: Display: Attempting to discover AFGHologram::ValidatePlacementAndCost at 00007FFA6ABB8440
[2026.06.15-12.00.36:810][  0]LogNativeHookManager: Display: Hooking function AFGHologram::ValidatePlacementAndCost: Provided address: 00007FFA6ABB8440, resolved address: 00007FFA6ABB8440
[2026.06.15-12.00.36:810][  0]LogNativeHookManager: Display: Overriding AFGHologram::ValidatePlacementAndCost at 00007FFA6ABB8440 to 00007FFA69D3B130
[2026.06.15-12.00.36:810][  0]LogNativeHookManager: Display: Successfully hooked function AFGHologram::ValidatePlacementAndCost at 00007FFA6ABB8440
[2026.06.15-12.00.36:810][  0]LogNativeHookManager: Display: Size of member pointer is 16
[2026.06.15-12.00.36:810][  0]LogNativeHookManager: Display: Attempting to discover AFGHologram::Scroll at 00007FFA69D38994
[2026.06.15-12.00.36:810][  0]LogNativeHookManager: Display: Attempting to resolve virtual function AFGHologram::Scroll. This adjustment: 0x0, virtual function table offset: 0x7f0
[2026.06.15-12.00.36:811][  0]LogNativeHookManager: Display: Successfully resolved virtual function thunk AFGHologram::Scroll at 00007FFA69D38994 to function implementation at 00007FFA69D7CF70
[2026.06.15-12.00.36:811][  0]LogNativeHookManager: Display: Hooking function AFGHologram::Scroll: Provided address: 00007FFA69D38994, resolved address: 00007FFA69D7CF70
[2026.06.15-12.00.36:811][  0]LogNativeHookManager: Display: Overriding AFGHologram::Scroll at 00007FFA69D7CF70 to 00007FFA69D3AF50
[2026.06.15-12.00.36:811][  0]LogNativeHookManager: Display: Successfully hooked function AFGHologram::Scroll at 00007FFA69D7CF70
[2026.06.15-12.00.36:811][  0]LogNativeHookManager: Display: Size of member pointer is 16
[2026.06.15-12.00.36:811][  0]LogNativeHookManager: Display: Attempting to discover AFGHologram::Destroyed at 00007FFA69D38988
[2026.06.15-12.00.36:811][  0]LogNativeHookManager: Display: Attempting to resolve virtual function AFGHologram::Destroyed. This adjustment: 0x0, virtual function table offset: 0x658
[2026.06.15-12.00.36:811][  0]LogNativeHookManager: Display: Successfully resolved virtual function thunk AFGHologram::Destroyed at 00007FFA69D38988 to function implementation at 00007FFA6AB8ADB0
[2026.06.15-12.00.36:811][  0]LogNativeHookManager: Display: Hooking function AFGHologram::Destroyed: Provided address: 00007FFA69D38988, resolved address: 00007FFA6AB8ADB0
[2026.06.15-12.00.36:811][  0]LogNativeHookManager: Display: Overriding AFGHologram::Destroyed at 00007FFA6AB8ADB0 to 00007FFA69D3B4D0
[2026.06.15-12.00.36:811][  0]LogNativeHookManager: Display: Successfully hooked function AFGHologram::Destroyed at 00007FFA6AB8ADB0
[2026.06.15-12.00.36:811][  0]LogNativeHookManager: Display: Size of member pointer is 16
[2026.06.15-12.00.36:811][  0]LogNativeHookManager: Display: Attempting to discover AFGHologram::BeginPlay at 00007FFA69D3897C
[2026.06.15-12.00.36:811][  0]LogNativeHookManager: Display: Attempting to resolve virtual function AFGHologram::BeginPlay. This adjustment: 0x0, virtual function table offset: 0x3b0
[2026.06.15-12.00.36:811][  0]LogNativeHookManager: Display: Successfully resolved virtual function thunk AFGHologram::BeginPlay at 00007FFA69D3897C to function implementation at 00007FFA6AB831A0
[2026.06.15-12.00.36:811][  0]LogNativeHookManager: Display: Hooking function AFGHologram::BeginPlay: Provided address: 00007FFA69D3897C, resolved address: 00007FFA6AB831A0
[2026.06.15-12.00.36:811][  0]LogNativeHookManager: Display: Overriding AFGHologram::BeginPlay at 00007FFA6AB831A0 to 00007FFA69D3B310
[2026.06.15-12.00.36:811][  0]LogNativeHookManager: Display: Successfully hooked function AFGHologram::BeginPlay at 00007FFA6AB831A0
[2026.06.15-12.00.36:813][  0]LogSatisfactoryModLoader: Display: Satisfactory Mod Loader v.3.12.0+827 pre-initializing...
[2026.06.15-12.00.36:813][  0]LogSatisfactoryModLoader: Display: Build Date: Jun  6 2026 16:29:13
[2026.06.15-12.00.36:821][  0]LogSatisfactoryModLoader: Display: Successfully loaded SML configuration from disk
[2026.06.15-12.00.36:824][  0]LogSatisfactoryModLoader: Display: Version check passed successfully! Game Changelist: 493833
[2026.06.15-12.00.36:824][  0]LogSatisfactoryModLoader: Display: Pre-initialization finished!
[2026.06.15-12.00.36:844][  0]LogUObjectArray: 43343 objects as part of root set at end of initial load.
[2026.06.15-12.00.36:844][  0]LogUObjectArray: 9 objects are not in the root set, but can never be destroyed because they are in the DisregardForGC set.
[2026.06.15-12.00.36:844][  0]LogUObjectArray: CloseDisregardForGC: 43343/43343 objects in disregard for GC pool
[2026.06.15-12.00.36:894][  0]LogMoviePlayer: Warning: PassLoadingScreenWindowBackToGame failed.  No Window
[2026.06.15-12.00.36:894][  0]LogEngine: Initializing Engine...
[2026.06.15-12.00.36:896][  0]LogGameFeatures: Initializing game features subsystem
[2026.06.15-12.00.36:896][  0]LogSentrySdk: Sentry plugin auto initialization: false
[2026.06.15-12.00.36:900][  0]LogSentrySdk: Using current project name and version as Sentry release.
[2026.06.15-12.00.36:901][  0]LogSentrySdk: Using current build configuration as Sentry environment.
[2026.06.15-12.00.36:901][  0]LogSentrySdk: using database path "C:\Users\cheva\AppData\Local\FactoryGame\.sentry-native"
[2026.06.15-12.00.36:906][  0]LogSentrySdk: Verbose: starting transport
[2026.06.15-12.00.36:908][  0]LogSentrySdk: Verbose: starting background worker thread
[2026.06.15-12.00.36:908][  0]LogSentrySdk: Verbose: starting backend
[2026.06.15-12.00.36:908][  0]LogSentrySdk: Verbose: starting crashpad backend with handler "C:\Program Files (x86)\Steam\steamapps\common\Satisfactory\FactoryGame\Plugins\Sentry\Binaries\Win64\crashpad_handler.exe"
[2026.06.15-12.00.36:908][  0]LogSentrySdk: Verbose: background worker thread started
[2026.06.15-12.00.36:917][  0]LogSentrySdk: Verbose: using minidump URL "https://o4510000618995712.ingest.de.sentry.io:443/api/4510000622141520/minidump/?sentry_client=sentry.native.unreal/0.10.1&sentry_key=ce9e39afc0e16e3b66a9b309fe98f23b"
[2026.06.15-12.00.36:995][  0]LogSentrySdk: Verbose: registering crashpad WER handler "C:\Program Files (x86)\Steam\steamapps\common\Satisfactory\FactoryGame\Plugins\Sentry\Binaries\Win64\crashpad_wer.dll"
[2026.06.15-12.00.36:995][  0]LogSentrySdk: started crashpad client handler
[2026.06.15-12.00.37:001][  0]LogSentrySdk: Verbose: processing and pruning old runs
[2026.06.15-12.00.37:009][  0]LogSentrySdk: Sentry initialization completed with result 0 (0 on success).
[2026.06.15-12.00.37:009][  0]LogSentrySdk: Using current build configuration as Sentry environment.
[2026.06.15-12.00.37:009][  0]LogSentrySdk: Using current project name and version as Sentry release.
[2026.06.15-12.00.37:012][  0]LogWindows: Attached monitors:
[2026.06.15-12.00.37:012][  0]LogWindows:     resolution: 1600x1000, work area: (0, 0) -> (1600, 952), device: '\\.\DISPLAY1' [PRIMARY]
[2026.06.15-12.00.37:012][  0]LogWindows: Found 1 attached monitors.
[2026.06.15-12.00.37:012][  0]LogWindows: Gathering driver information using Windows Setup API
[2026.06.15-12.00.37:125][  0]LogAssetManager: Display: Ignoring PrimaryAssetType Profiling - Conflicts with Map - Asset: Map_UI-Profile
[2026.06.15-12.00.37:125][  0]LogGameFeatures: Scanning for built-in game feature plugins
[2026.06.15-12.00.37:125][  0]LogGameFeatures: Loading 233 builtins. Not Amortized
[2026.06.15-12.00.37:133][  0]LogGameFeatures: Game feature '../../../FactoryGame/Mods/GameFeatures/HighlightScannedObject/HighlightScannedObject.uplugin' has no BuiltInInitialFeatureState key, using legacy BuiltInAutoRegister(1)/BuiltInAutoLoad(1)/BuiltInAutoActivate(1) values to arrive at initial state.
[2026.06.15-12.00.37:137][  0]LogPluginManager: Warning: Cannot mount plugin localization for 'HighlightScannedObject' as the plugin isn't explicitly loaded.
[2026.06.15-12.00.37:137][  0]LogAssetManager: Warning: Invalid Primary Asset Type FGGameFeatureData:HighlightScannedObject: ChangeBundleStateForPrimaryAssets failed to find NameData
[2026.06.15-12.00.37:137][  0]LogGameFeatures: Display: Game feature 'HighlightScannedObject' transitioned successfully. Ending state: Active [Active, Active]
[2026.06.15-12.00.37:139][  0]LogGameFeatures: Game feature '../../../FactoryGame/Mods/GameFeatures/CrashSiteBeacons/CrashSiteBeacons.uplugin' has no BuiltInInitialFeatureState key, using legacy BuiltInAutoRegister(1)/BuiltInAutoLoad(1)/BuiltInAutoActivate(1) values to arrive at initial state.
[2026.06.15-12.00.37:141][  0]LogPluginManager: Warning: Cannot mount plugin localization for 'CrashSiteBeacons' as the plugin isn't explicitly loaded.
[2026.06.15-12.00.37:142][  0]LogAssetManager: Warning: Invalid Primary Asset Type FGGameFeatureData:CrashSiteBeacons: ChangeBundleStateForPrimaryAssets failed to find NameData
[2026.06.15-12.00.37:142][  0]LogGameFeatures: Display: Game feature 'CrashSiteBeacons' transitioned successfully. Ending state: Active [Active, Active]
[2026.06.15-12.00.37:142][  0]LogGameFeatures: Game feature '../../../FactoryGame/Mods/GameFeatures/BlueprintHighlighted/BlueprintHighlighted.uplugin' has no BuiltInInitialFeatureState key, using legacy BuiltInAutoRegister(1)/BuiltInAutoLoad(1)/BuiltInAutoActivate(1) values to arrive at initial state.
[2026.06.15-12.00.37:146][  0]LogPluginManager: Warning: Cannot mount plugin localization for 'BlueprintHighlighted' as the plugin isn't explicitly loaded.
[2026.06.15-12.00.37:146][  0]LogAssetManager: Warning: Invalid Primary Asset Type FGGameFeatureData:BlueprintHighlighted: ChangeBundleStateForPrimaryAssets failed to find NameData
[2026.06.15-12.00.37:146][  0]LogGameFeatures: Display: Game feature 'BlueprintHighlighted' transitioned successfully. Ending state: Active [Active, Active]
[2026.06.15-12.00.37:146][  0]LogGameFeatures: Game feature '../../../FactoryGame/Mods/GameFeatures/NoSplash/NoSplash.uplugin' has no BuiltInInitialFeatureState key, using legacy BuiltInAutoRegister(1)/BuiltInAutoLoad(1)/BuiltInAutoActivate(1) values to arrive at initial state.
[2026.06.15-12.00.37:153][  0]LogPluginManager: Warning: Cannot mount plugin localization for 'NoSplash' as the plugin isn't explicitly loaded.
[2026.06.15-12.00.37:153][  0]LogAssetManager: Warning: Invalid Primary Asset Type FGGameFeatureData:NoSplash: ChangeBundleStateForPrimaryAssets failed to find NameData
[2026.06.15-12.00.37:153][  0]LogGameFeatures: Display: Game feature 'NoSplash' transitioned successfully. Ending state: Active [Active, Active]
[2026.06.15-12.00.37:153][  0]LogGameFeatures: Game feature '../../../FactoryGame/Mods/GameFeatures/FlashlightSettings/FlashlightSettings.uplugin' has no BuiltInInitialFeatureState key, using legacy BuiltInAutoRegister(1)/BuiltInAutoLoad(1)/BuiltInAutoActivate(1) values to arrive at initial state.
[2026.06.15-12.00.37:160][  0]LogPluginManager: Warning: Cannot mount plugin localization for 'FlashlightSettings' as the plugin isn't explicitly loaded.
[2026.06.15-12.00.37:160][  0]LogAssetManager: Warning: Invalid Primary Asset Type FGGameFeatureData:FlashlightSettings: ChangeBundleStateForPrimaryAssets failed to find NameData
[2026.06.15-12.00.37:160][  0]LogGameFeatures: Display: Game feature 'FlashlightSettings' transitioned successfully. Ending state: Active [Active, Active]
[2026.06.15-12.00.37:160][  0]LogGameFeatures: Game feature '../../../FactoryGame/Mods/GameFeatures/InfiniteNudge/InfiniteNudge.uplugin' has no BuiltInInitialFeatureState key, using legacy BuiltInAutoRegister(1)/BuiltInAutoLoad(1)/BuiltInAutoActivate(1) values to arrive at initial state.
[2026.06.15-12.00.37:171][  0]LogPluginManager: Warning: Cannot mount plugin localization for 'InfiniteNudge' as the plugin isn't explicitly loaded.
[2026.06.15-12.00.37:172][  0]LogAssetManager: Warning: Invalid Primary Asset Type FGGameFeatureData:InfiniteNudge: ChangeBundleStateForPrimaryAssets failed to find NameData
[2026.06.15-12.00.37:172][  0]LogGameFeatures: Display: Game feature 'InfiniteNudge' transitioned successfully. Ending state: Active [Active, Active]
[2026.06.15-12.00.37:172][  0]LogGameFeatures: Game feature '../../../FactoryGame/Mods/GameFeatures/InfiniteZoop/InfiniteZoop.uplugin' has no BuiltInInitialFeatureState key, using legacy BuiltInAutoRegister(1)/BuiltInAutoLoad(1)/BuiltInAutoActivate(1) values to arrive at initial state.
[2026.06.15-12.00.37:192][  0]LogPluginManager: Warning: Cannot mount plugin localization for 'InfiniteZoop' as the plugin isn't explicitly loaded.
[2026.06.15-12.00.37:193][  0]LogAssetManager: Warning: Invalid Primary Asset Type FGGameFeatureData:InfiniteZoop: ChangeBundleStateForPrimaryAssets failed to find NameData
[2026.06.15-12.00.37:193][  0]LogGameFeatures: Display: Game feature 'InfiniteZoop' transitioned successfully. Ending state: Active [Active, Active]
[2026.06.15-12.00.37:193][  0]LogGameFeatures: Game feature '../../../FactoryGame/Mods/GameFeatures/SkyUI/SkyUI.uplugin' has no BuiltInInitialFeatureState key, using legacy BuiltInAutoRegister(1)/BuiltInAutoLoad(1)/BuiltInAutoActivate(1) values to arrive at initial state.
[2026.06.15-12.00.37:201][  0]LogPluginManager: Warning: Cannot mount plugin localization for 'SkyUI' as the plugin isn't explicitly loaded.
[2026.06.15-12.00.37:202][  0]LogGameFeatures: Display: Game feature 'SkyUI' transitioned successfully. Ending state: Active [Active, Active]
[2026.06.15-12.00.37:214][  0]LogPluginManager: Warning: Cannot mount plugin localization for 'minerplus' as the plugin isn't explicitly loaded.
[2026.06.15-12.00.37:216][  0]LogAssetManager: Warning: Invalid Primary Asset Type FGGameFeatureData:minerplus: ChangeBundleStateForPrimaryAssets failed to find NameData
[2026.06.15-12.00.37:216][  0]LogGameFeatures: Display: Game feature 'minerplus' transitioned successfully. Ending state: Active [Active, Active]
[2026.06.15-12.00.37:216][  0]LogStats: BuiltInGameFeaturePlugins loaded. -  0.085 s
[2026.06.15-12.00.37:216][  0]LogNetVersion: Set ProjectVersion to 0. Version Checksum will be recalculated on next use.
[2026.06.15-12.00.37:216][  0]LogInit: Texture streaming: Enabled
[2026.06.15-12.00.37:218][  0]LogAudio: Display: Initializing Audio Device Manager...
[2026.06.15-12.00.37:290][  0]LogAudio: Display: Loading Default Audio Settings Objects...
[2026.06.15-12.00.37:290][  0]LogStreaming: Warning: LoadPackage: SkipPackage: /Engine/EngineSounds/Master (0x2E389D768EDF70E6) - The package to load does not exist on disk or in the loader
[2026.06.15-12.00.37:291][  0]LogUObjectGlobals: Warning: Не удалось найти объект 'Object /Engine/EngineSounds/Master.Master'
[2026.06.15-12.00.37:291][  0]LogAudio: Warning: Failed to load Default SoundClassObject from path '/Engine/EngineSounds/Master.Master'.  Attempting to fall back to engine default.
[2026.06.15-12.00.37:292][  0]LogUObjectGlobals: Warning: Не удалось найти объект 'Object Нет./Engine/EngineSounds/Master'
[2026.06.15-12.00.37:293][  0]LogAudio: Error: Failed to load Default SoundClassObject from path '/Engine/EngineSounds/Master'.
[2026.06.15-12.00.37:293][  0]LogAudio: Display: No default MediaSoundClassObject specified (or failed to load).
[2026.06.15-12.00.37:293][  0]LogAudio: Display: No default SoundConcurrencyObject specified (or failed to load).
[2026.06.15-12.00.37:293][  0]LogAudio: Display: Audio Device Manager Initialized
[2026.06.15-12.00.37:293][  0]LogAudio: Display: Creating Audio Device:                 Id: 1, Scope: Shared, Realtime: True
[2026.06.15-12.00.37:293][  0]LogAudioMixer: Display: Audio Mixer Platform Settings:
[2026.06.15-12.00.37:293][  0]LogAudioMixer: Display: 	Sample Rate:						  48000
[2026.06.15-12.00.37:293][  0]LogAudioMixer: Display: 	Callback Buffer Frame Size Requested: 1024
[2026.06.15-12.00.37:293][  0]LogAudioMixer: Display: 	Callback Buffer Frame Size To Use:	  1024
[2026.06.15-12.00.37:293][  0]LogAudioMixer: Display: 	Number of buffers to queue:			  1
[2026.06.15-12.00.37:293][  0]LogAudioMixer: Display: 	Max Channels (voices):				  32
[2026.06.15-12.00.37:293][  0]LogAudioMixer: Display: 	Number of Async Source Workers:		  4
[2026.06.15-12.00.37:293][  0]LogAudio: Display: AudioDevice MaxSources: 32
[2026.06.15-12.00.37:294][  0]LogAudio: Display: Audio Spatialization Plugin: None (built-in).
[2026.06.15-12.00.37:294][  0]LogAudio: Display: Audio Reverb Plugin: None (built-in).
[2026.06.15-12.00.37:294][  0]LogAudio: Display: Audio Occlusion Plugin: None (built-in).
[2026.06.15-12.00.37:310][  0]LogAudioMixer: Display: Initializing audio mixer using platform API: 'XAudio2'
[2026.06.15-12.00.37:631][  0]LogAudioMixer: Display: Using Audio Hardware Device Headphones (Realtek(R) Audio)
[2026.06.15-12.00.37:631][  0]LogAudioMixer: Display: Initializing Sound Submixes...
[2026.06.15-12.00.37:633][  0]LogStreaming: Warning: LoadPackage: SkipPackage: /Engine/EngineSounds/Submixes/MasterSubmixDefault (0x41D2CF6042D559B0) - The package to load does not exist on disk or in the loader
[2026.06.15-12.00.37:633][  0]LogUObjectGlobals: Warning: Не удалось найти объект 'Object /Engine/EngineSounds/Submixes/MasterSubmixDefault.MasterSubmixDefault'
[2026.06.15-12.00.37:633][  0]LogAudioMixer: Display: Submix unset or invalid in 'AudioSettings': Using engine asset 'MasterSubmixDefault'
[2026.06.15-12.00.37:633][  0]LogAudioMixer: Error: Failed to load submix from engine asset path '/Engine/EngineSounds/Submixes/MasterSubmixDefault.MasterSubmixDefault'. Creating 'MasterSubmixDefault' as a stub.
[2026.06.15-12.00.37:633][  0]LogAudioMixer: Display: Creating Master Submix 'MasterSubmixDefault'
[2026.06.15-12.00.37:633][  0]LogStreaming: Warning: LoadPackage: SkipPackage: /Engine/EngineSounds/Submixes/MasterReverbSubmixDefault (0x5773467E2BCA0CD) - The package to load does not exist on disk or in the loader
[2026.06.15-12.00.37:635][  0]LogUObjectGlobals: Warning: Не удалось найти объект 'Object /Engine/EngineSounds/Submixes/MasterReverbSubmixDefault.MasterReverbSubmixDefault'
[2026.06.15-12.00.37:635][  0]LogAudioMixer: Display: Submix unset or invalid in 'AudioSettings': Using engine asset 'MasterReverbSubmixDefault'
[2026.06.15-12.00.37:635][  0]LogAudioMixer: Error: Failed to load submix from engine asset path '/Engine/EngineSounds/Submixes/MasterReverbSubmixDefault.MasterReverbSubmixDefault'. Creating 'MasterReverbSubmixDefault' as a stub.
[2026.06.15-12.00.37:635][  0]LogAudioMixer: Display: Creating Master Submix 'MasterReverbSubmixDefault'
[2026.06.15-12.00.37:635][  0]LogAudioMixer: FMixerPlatformXAudio2::StartAudioStream() called. InstanceID=1
[2026.06.15-12.00.37:635][  0]LogAudioMixer: Display: Output buffers initialized: Frames=1024, Channels=2, Samples=2048, InstanceID=1
[2026.06.15-12.00.37:637][  0]LogAudioMixer: Display: Starting AudioMixerPlatformInterface::RunInternal(), InstanceID=1
[2026.06.15-12.00.37:637][  0]LogAudioMixer: Display: FMixerPlatformXAudio2::SubmitBuffer() called for the first time. InstanceID=1
[2026.06.15-12.00.37:637][  0]LogInit: FAudioDevice initialized with ID 1.
[2026.06.15-12.00.37:639][  0]LogUserSetting: DLSS is supported but not loaded, waiting for the module to be loaded before initializing user settings
[2026.06.15-12.00.37:639][  0]LogAudioMixer: Initializing Audio Bus Subsystem for audio device with ID 1
[2026.06.15-12.00.37:996][  0]LogGame: Error: IFGOptionInterfaceImpl::GetOptionValue - Could not find user setting with id 't.MaxFPS'
[2026.06.15-12.00.38:157][  0]LogPackageLocalizationCache: Processed 9 localized package path(s) for 1 prioritized culture(s) in 0.000033 seconds
[2026.06.15-12.00.38:484][  0]LogStaticMesh: [SM_Beanata_01] Mesh is marked for CPU read.
[2026.06.15-12.00.39:353][  0]LogOnlineServices: Steam User is subscribed 1
[2026.06.15-12.00.39:353][  0]LogOnlineServices: [AppId: 526870] Client API initialized 1
[2026.06.15-12.00.39:354][  0]LogOnlineServices: 00000275C7639080 Steam online services instance initialize
[2026.06.15-12.00.39:354][  0]LogOnlineIntegration: Initialized 'STEAM' online backend
[2026.06.15-12.00.39:354][  0]LogOnlineIntegration: Initialized 'Epic' online backend
[2026.06.15-12.00.39:356][  0]LogCommonUser: Warning: HandleNetworkConnectionStatusChanged(Context:Platform, ServiceName:, OldStatus:Connected, NewStatus:Connected)
[2026.06.15-12.00.39:357][  0]LogCommonUser: Warning: HandleNetworkConnectionStatusChanged(Context:CrossPlay, ServiceName:, OldStatus:Connected, NewStatus:Connected)
[2026.06.15-12.00.39:361][  0]LogSatisfactoryModLoader: Display: List of loaded mods:
[2026.06.15-12.00.39:361][  0]LogSatisfactoryModLoader: Display: AdvancedLogistics: 0.3.13
[2026.06.15-12.00.39:361][  0]LogSatisfactoryModLoader: Display: minerplus: 4.1.5
[2026.06.15-12.00.39:361][  0]LogSatisfactoryModLoader: Display: ContainerScreen: 1.0.38
[2026.06.15-12.00.39:361][  0]LogSatisfactoryModLoader: Display: ContainerWithScreen: 1.0.4
[2026.06.15-12.00.39:361][  0]LogSatisfactoryModLoader: Display: CrashSiteBeacons: 3.1.0
[2026.06.15-12.00.39:361][  0]LogSatisfactoryModLoader: Display: MovePlayerInventory: 1.4.1
[2026.06.15-12.00.39:361][  0]LogSatisfactoryModLoader: Display: DaisyChainPowerCables: 2.0.20
[2026.06.15-12.00.39:361][  0]LogSatisfactoryModLoader: Display: DeepMining: 2.0.9
[2026.06.15-12.00.39:361][  0]LogSatisfactoryModLoader: Display: FasterManualCraftingRedux: 2.4.1
[2026.06.15-12.00.39:361][  0]LogSatisfactoryModLoader: Display: FlashlightSettings: 1.2.0
[2026.06.15-12.00.39:361][  0]LogSatisfactoryModLoader: Display: FloorHole: 2.0.32
[2026.06.15-12.00.39:361][  0]LogSatisfactoryModLoader: Display: InfiniteNudge: 3.0.4
[2026.06.15-12.00.39:361][  0]LogSatisfactoryModLoader: Display: InfiniteZoop: 1.10.8
[2026.06.15-12.00.39:361][  0]LogSatisfactoryModLoader: Display: InventorySpace2: 2.0.11
[2026.06.15-12.00.39:361][  0]LogSatisfactoryModLoader: Display: MAMTips: 1.9.1
[2026.06.15-12.00.39:361][  0]LogSatisfactoryModLoader: Display: moidu21_lib: 1.0.0
[2026.06.15-12.00.39:361][  0]LogSatisfactoryModLoader: Display: NoSplash: 1.1.0
[2026.06.15-12.00.39:361][  0]LogSatisfactoryModLoader: Display: HighlightScannedObject: 1.1.0
[2026.06.15-12.00.39:361][  0]LogSatisfactoryModLoader: Display: OrganizedCrates: 2.0.11
[2026.06.15-12.00.39:361][  0]LogSatisfactoryModLoader: Display: BlueprintHighlighted: 1.4.1
[2026.06.15-12.00.39:361][  0]LogSatisfactoryModLoader: Display: FactoryGame: 493833.0.0
[2026.06.15-12.00.39:361][  0]LogSatisfactoryModLoader: Display: SML: 3.12.0
[2026.06.15-12.00.39:361][  0]LogSatisfactoryModLoader: Display: SkyUI: 1.0.18
[2026.06.15-12.00.39:361][  0]LogSatisfactoryModLoader: Display: SmallAwesomeSink: 1.0.15
[2026.06.15-12.00.39:361][  0]LogSatisfactoryModLoader: Display: TenTimesAwesomePoints: 1.0.8
[2026.06.15-12.00.39:361][  0]LogSatisfactoryModLoader: Display: UndergroundBelts: 3.0.28
[2026.06.15-12.00.39:361][  0]LogSatisfactoryModLoader: Display: UtilityMod: 1.0.0
[2026.06.15-12.00.39:912][  0]LogStaticMesh: [PowerSnail] Mesh is marked for CPU read.
[2026.06.15-12.00.39:912][  0]LogStaticMesh: [PowerSnail] Mesh is marked for CPU read.
[2026.06.15-12.00.39:912][  0]LogStaticMesh: [PowerSnail] Mesh is marked for CPU read.
[2026.06.15-12.00.39:918][  0]LogMaterial: Error: Loading a material resource None with an invalid ShaderMap!
[2026.06.15-12.00.39:918][  0]LogMaterial: Error: Loading a material resource None with an invalid ShaderMap!
[2026.06.15-12.00.39:918][  0]LogMaterial: Error: Loading a material resource None with an invalid ShaderMap!
[2026.06.15-12.00.39:919][  0]LogMaterial: Error: Loading a material resource None with an invalid ShaderMap!
[2026.06.15-12.00.39:927][  0]LogMaterial: Error: Tried to access an uncooked shader map ID in a cooked application
[2026.06.15-12.00.39:927][  0]LogMaterial: Warning: Invalid shader map ID caching shaders for 'Mat-Diamond', will use default material.
[2026.06.15-12.00.39:927][  0]LogMaterial: Can't compile Mat-Diamond with cooked content, will use default material instead
[2026.06.15-12.00.39:927][  0]LogMaterial: Warning: [AssetLog] C:\Program Files (x86)\Steam\steamapps\common\Satisfactory\FactoryGame\Mods\DeepMining\Content\Assets\Mat-Diamond: Failed to compile Material for platform PCD3D_SM6, Default Material will be used in game.

[2026.06.15-12.00.40:560][  0]LogUObjectGlobals: Warning: Duplicating object 'BP_ConfigPropertySection_C /UtilityMod/UtilityModConfig.Default__UtilityModConfig_C:BP_ConfigPropertySection_C_0.BP_ConfigPropertyArray_C_0.BP_ConfigPropertySection_C_10' that's still being async loaded
[2026.06.15-12.00.40:561][  0]LogUObjectGlobals: Warning: Duplicating object 'BP_ConfigPropertySection_C /UtilityMod/UtilityModConfig.Default__UtilityModConfig_C:BP_ConfigPropertySection_C_0.BP_ConfigPropertyArray_C_0.BP_ConfigPropertySection_C_11' that's still being async loaded
[2026.06.15-12.00.40:561][  0]LogUObjectGlobals: Warning: Duplicating object 'BP_ConfigPropertySection_C /UtilityMod/UtilityModConfig.Default__UtilityModConfig_C:BP_ConfigPropertySection_C_0.BP_ConfigPropertyArray_C_0.BP_ConfigPropertySection_C_12' that's still being async loaded
[2026.06.15-12.00.40:561][  0]LogUObjectGlobals: Warning: Duplicating object 'BP_ConfigPropertySection_C /UtilityMod/UtilityModConfig.Default__UtilityModConfig_C:BP_ConfigPropertySection_C_0.BP_ConfigPropertyArray_C_0.BP_ConfigPropertySection_C_13' that's still being async loaded
[2026.06.15-12.00.40:788][  0]LogSatisfactoryModLoader: Discovered 16 game instance modules
[2026.06.15-12.00.40:789][  0]LogSatisfactoryModLoader: Dispatching lifecycle event CONSTRUCTION to game instance modules
[2026.06.15-12.00.40:790][  0]LogSatisfactoryModLoader: Dispatching lifecycle event INITIALIZATION to game instance modules
[2026.06.15-12.00.40:790][  0]LogSatisfactoryModLoader: Registering configuration /FasterManualCraftingRedux/FMC_FasterManualCraftingReduxConfig.FMC_FasterManualCraftingReduxConfig_C
[2026.06.15-12.00.40:803][  0]LogConfigManager: Display: Successfully loaded configuration from ../../../FactoryGame/Configs/FasterManualCraftingRedux.cfg
[2026.06.15-12.00.40:814][  0]LogSatisfactoryModLoader: Registering configuration /MAMTips/Configuration/MAMTips_Configuration.MAMTips_Configuration_C
[2026.06.15-12.00.40:822][  0]LogConfigManager: Display: Successfully loaded configuration from ../../../FactoryGame/Configs/MAMTips.cfg
[2026.06.15-12.00.40:827][  0]LogWidgetBlueprintHookManager: Installed widget blueprint hook /Engine/Transient.FGGameEngine_2147482615:FGGameInstance_2147482543.GameInstanceModuleManager_2147482421.MAMTips.WidgetBlueprintHookData_0 on WidgetBlueprint /MAMTips/Widgets/ResourceSinkShop/Widget_ResourceSinkShop_Item_InjectCartButton.Widget_ResourceSinkShop_Item_InjectCartButton_C
[2026.06.15-12.00.40:827][  0]LogWidgetBlueprintHookManager: Installed widget blueprint hook /Engine/Transient.FGGameEngine_2147482615:FGGameInstance_2147482543.GameInstanceModuleManager_2147482421.MAMTips.WidgetBlueprintHookData_1 on WidgetBlueprint /MAMTips/Widgets/Widget_WhatMod_SinkShop.Widget_WhatMod_SinkShop_C
[2026.06.15-12.00.40:827][  0]LogSatisfactoryModLoader: Registering configuration /MovePlayerInventory/Configuration/MovePlayerInventory_Configuration.MovePlayerInventory_Configuration_C
[2026.06.15-12.00.40:836][  0]LogConfigManager: Display: Successfully loaded configuration from ../../../FactoryGame/Configs/MovePlayerInventory.cfg
[2026.06.15-12.00.40:841][  0]LogWidgetBlueprintHookManager: Installed widget blueprint hook /Engine/Transient.FGGameEngine_2147482615:FGGameInstance_2147482543.GameInstanceModuleManager_2147482421.SML.WidgetBlueprintHookData_1 on WidgetBlueprint /SML/Interface/UI/Menu/MainMenu/Widget_MainMenuButtonExtensions.Widget_MainMenuButtonExtensions_C
[2026.06.15-12.00.40:841][  0]LogWidgetBlueprintHookManager: Installed widget blueprint hook /Engine/Transient.FGGameEngine_2147482615:FGGameInstance_2147482543.GameInstanceModuleManager_2147482421.SML.WidgetBlueprintHookData_2 on WidgetBlueprint /SML/Interface/UI/Menu/Mods/Widget_ModList.Widget_ModList_C
[2026.06.15-12.00.40:841][  0]LogWidgetBlueprintHookManager: Installed widget blueprint hook /Engine/Transient.FGGameEngine_2147482615:FGGameInstance_2147482543.GameInstanceModuleManager_2147482421.SML.WidgetBlueprintHookData_10 on WidgetBlueprint /SML/Interface/UI/Menu/PauseMenu/Widget_PauseMenuButtonMods.Widget_PauseMenuButtonMods_C
[2026.06.15-12.00.40:841][  0]LogWidgetBlueprintHookManager: Installed widget blueprint hook /Engine/Transient.FGGameEngine_2147482615:FGGameInstance_2147482543.GameInstanceModuleManager_2147482421.SML.WidgetBlueprintHookData_11 on WidgetBlueprint /SML/Interface/UI/Menu/Mods/Widget_ModList.Widget_ModList_C
[2026.06.15-12.00.40:841][  0]LogWidgetBlueprintHookManager: Installed widget blueprint hook /Engine/Transient.FGGameEngine_2147482615:FGGameInstance_2147482543.GameInstanceModuleManager_2147482421.SML.WidgetBlueprintHookData_7 on WidgetBlueprint /SML/Interface/UI/Menu/PlayMenu/Widget_PlayMenu_SML.Widget_PlayMenu_SML_C
[2026.06.15-12.00.40:841][  0]LogWidgetBlueprintHookManager: Installed widget blueprint hook /Engine/Transient.FGGameEngine_2147482615:FGGameInstance_2147482543.GameInstanceModuleManager_2147482421.SML.WidgetBlueprintHookData_6 on WidgetBlueprint /SML/Interface/UI/Menu/PauseMenu/Widget_PauseMenuButtonSessionSettings.Widget_PauseMenuButtonSessionSettings_C
[2026.06.15-12.00.40:841][  0]LogWidgetBlueprintHookManager: Installed widget blueprint hook /Engine/Transient.FGGameEngine_2147482615:FGGameInstance_2147482543.GameInstanceModuleManager_2147482421.SML.WidgetBlueprintHookData_5 on WidgetBlueprint /SML/Interface/UI/Menu/PauseMenu/Widget_PauseMenu_SessionSettings.Widget_PauseMenu_SessionSettings_C
[2026.06.15-12.00.40:841][  0]LogWidgetBlueprintHookManager: Installed widget blueprint hook /Engine/Transient.FGGameEngine_2147482615:FGGameInstance_2147482543.GameInstanceModuleManager_2147482421.SML.WidgetBlueprintHookData_4 on WidgetBlueprint /SML/Interface/UI/Menu/InfoLabel/Widget_InfoLabels.Widget_InfoLabels_C
[2026.06.15-12.00.40:842][  0]LogSatisfactoryModLoader: Registering configuration /UtilityMod/UtilityModConfig.UtilityModConfig_C
[2026.06.15-12.00.40:850][  0]LogConfigManager: Display: Successfully loaded configuration from ../../../FactoryGame/Configs/UtilityMod.cfg
[2026.06.15-12.00.40:850][  0]LogSatisfactoryModLoader: Registering configuration /HighlightScannedObject/HSO_Configuration.HSO_Configuration_C
[2026.06.15-12.00.40:858][  0]LogConfigManager: Display: Successfully loaded configuration from ../../../FactoryGame/Configs/HighlightScannedObject.cfg
[2026.06.15-12.00.40:859][  0]LogSatisfactoryModLoader: Registering configuration /minerplus/content/config/minerplus_configs.minerplus_configs_C
[2026.06.15-12.00.40:867][  0]LogConfigManager: Display: Successfully loaded configuration from ../../../FactoryGame/Configs/minerplus.cfg
[2026.06.15-12.00.40:867][  0]LogSatisfactoryModLoader: Registering configuration /FlashlightSettings/FlashlightSettings_ModConfig.FlashlightSettings_ModConfig_C
[2026.06.15-12.00.40:874][  0]LogConfigManager: Display: Successfully loaded configuration from ../../../FactoryGame/Configs/FlashlightSettings.cfg
[2026.06.15-12.00.40:875][  0]LogSatisfactoryModLoader: Registering configuration /InfiniteNudge/InfiniteNudge_Configuration.InfiniteNudge_Configuration_C
[2026.06.15-12.00.40:883][  0]LogConfigManager: Display: Successfully loaded configuration from ../../../FactoryGame/Configs/InfiniteNudge.cfg
[2026.06.15-12.00.40:885][  0]LogSatisfactoryModLoader: Registering configuration /InfiniteZoop/InfiniteZoop_Configuration.InfiniteZoop_Configuration_C
[2026.06.15-12.00.40:894][  0]LogConfigManager: Display: Successfully loaded configuration from ../../../FactoryGame/Configs/InfiniteZoop.cfg
[2026.06.15-12.00.40:901][  0]LogSatisfactoryModLoader: Registering configuration /SkyUI/SkyUI_Config.SkyUI_Config_C
[2026.06.15-12.00.40:910][  0]LogConfigManager: Display: Successfully loaded configuration from ../../../FactoryGame/Configs/SkyUI.cfg
[2026.06.15-12.00.40:910][  0]LogSatisfactoryModLoader: Dispatching lifecycle event POST_INITIALIZATION to game instance modules
[2026.06.15-12.00.40:914][  0]LogGame: Importing test saves....
[2026.06.15-12.00.40:914][  0]LogGame: Test saves imported!....
[2026.06.15-12.00.40:915][  0]LogGame: MaxNumBackupsaves: 25
[2026.06.15-12.00.40:919][  0]LogAudio: Display: Audio Device (ID: 1) registered with world 'Untitled'.
[2026.06.15-12.00.40:920][  0]LogSlate: Updating window title bar state: overlay mode, drag disabled, window buttons hidden, title bar hidden
[2026.06.15-12.00.40:924][  0]LogInit: Display: Game Engine Initialized.
[2026.06.15-12.00.40:924][  0]LogNetVersion: Set ProjectVersion to ++FactoryGame+rel-main-1.2.0-CL-493833. Version Checksum will be recalculated on next use.
[2026.06.15-12.00.40:926][  0]LogSatisfactoryModLoader: Display: Parsing ExecCmds
[2026.06.15-12.00.40:926][  0]LogSatisfactoryModLoader: Display: Performing mod loader initialization
[2026.06.15-12.00.40:926][  0]LogNativeHookManager: Display: Size of member pointer is 16
[2026.06.15-12.00.40:926][  0]LogNativeHookManager: Display: Attempting to discover UWorld::WelcomePlayer at 00007FFA7CF50590
[2026.06.15-12.00.40:926][  0]LogNativeHookManager: Display: Hooking function UWorld::WelcomePlayer: Provided address: 00007FFA7CF50590, resolved address: 00007FFA7CF50590
[2026.06.15-12.00.40:926][  0]LogNativeHookManager: Display: Overriding UWorld::WelcomePlayer at 00007FFA7CF50590 to 00007FFA69F19370
[2026.06.15-12.00.40:926][  0]LogNativeHookManager: Display: Successfully hooked function UWorld::WelcomePlayer at 00007FFA7CF50590
[2026.06.15-12.00.40:926][  0]LogNativeHookManager: Display: Size of member pointer is 16
[2026.06.15-12.00.40:926][  0]LogNativeHookManager: Display: Attempting to discover UPendingNetGame::SendInitialJoin at 00007FFA7C912FE0
[2026.06.15-12.00.40:926][  0]LogNativeHookManager: Display: Hooking function UPendingNetGame::SendInitialJoin: Provided address: 00007FFA7C912FE0, resolved address: 00007FFA7C912FE0
[2026.06.15-12.00.40:926][  0]LogNativeHookManager: Display: Overriding UPendingNetGame::SendInitialJoin at 00007FFA7C912FE0 to 00007FFA69F191B0
[2026.06.15-12.00.40:926][  0]LogNativeHookManager: Display: Successfully hooked function UPendingNetGame::SendInitialJoin at 00007FFA7C912FE0
[2026.06.15-12.00.40:926][  0]LogNativeHookManager: Display: Size of member pointer is 16
[2026.06.15-12.00.40:926][  0]LogNativeHookManager: Display: Attempting to discover UWorld::NotifyControlMessage at 00007FFA69F13A1C
[2026.06.15-12.00.40:926][  0]LogNativeHookManager: Display: Attempting to resolve virtual function UWorld::NotifyControlMessage. This adjustment: 0x28, virtual function table offset: 0x18
[2026.06.15-12.00.40:926][  0]LogNativeHookManager: Display: Successfully resolved virtual function thunk UWorld::NotifyControlMessage at 00007FFA69F13A1C to function implementation at 00007FFA7CF36040
[2026.06.15-12.00.40:926][  0]LogNativeHookManager: Display: Hooking function UWorld::NotifyControlMessage: Provided address: 00007FFA69F13A1C, resolved address: 00007FFA7CF36040
[2026.06.15-12.00.40:926][  0]LogNativeHookManager: Display: Overriding UWorld::NotifyControlMessage at 00007FFA7CF36040 to 00007FFA69F19550
[2026.06.15-12.00.40:927][  0]LogNativeHookManager: Display: Successfully hooked function UWorld::NotifyControlMessage at 00007FFA7CF36040
[2026.06.15-12.00.40:927][  0]LogNativeHookManager: Display: Size of member pointer is 16
[2026.06.15-12.00.40:927][  0]LogNativeHookManager: Display: Attempting to discover UPendingNetGame::NotifyControlMessage at 00007FFA69F13A1C
[2026.06.15-12.00.40:927][  0]LogNativeHookManager: Display: Attempting to resolve virtual function UPendingNetGame::NotifyControlMessage. This adjustment: 0x28, virtual function table offset: 0x18
[2026.06.15-12.00.40:927][  0]LogNativeHookManager: Display: Successfully resolved virtual function thunk UPendingNetGame::NotifyControlMessage at 00007FFA69F13A1C to function implementation at 00007FFA7C907D20
[2026.06.15-12.00.40:927][  0]LogNativeHookManager: Display: Hooking function UPendingNetGame::NotifyControlMessage: Provided address: 00007FFA69F13A1C, resolved address: 00007FFA7C907D20
[2026.06.15-12.00.40:927][  0]LogNativeHookManager: Display: Overriding UPendingNetGame::NotifyControlMessage at 00007FFA7C907D20 to 00007FFA69F18F90
[2026.06.15-12.00.40:927][  0]LogNativeHookManager: Display: Successfully hooked function UPendingNetGame::NotifyControlMessage at 00007FFA7C907D20
[2026.06.15-12.00.40:927][  0]LogNativeHookManager: Display: Size of member pointer is 16
[2026.06.15-12.00.40:927][  0]LogNativeHookManager: Display: Attempting to discover APlayerController::EnableCheats at 00007FFA69F13A10
[2026.06.15-12.00.40:927][  0]LogNativeHookManager: Display: Attempting to resolve virtual function APlayerController::EnableCheats. This adjustment: 0x0, virtual function table offset: 0xb98
[2026.06.15-12.00.40:927][  0]LogNativeHookManager: Display: Successfully resolved virtual function thunk APlayerController::EnableCheats at 00007FFA69F13A10 to function implementation at 00007FFA7CA6EEF3
[2026.06.15-12.00.40:927][  0]LogNativeHookManager: Display: Hooking function APlayerController::EnableCheats: Provided address: 00007FFA69F13A10, resolved address: 00007FFA7CA6EEF3
[2026.06.15-12.00.40:927][  0]LogNativeHookManager: Display: Overriding APlayerController::EnableCheats at 00007FFA7CA6EEF3 to 00007FFA69F18DD0
[2026.06.15-12.00.40:927][  0]LogNativeHookManager: Display: Successfully hooked function APlayerController::EnableCheats at 00007FFA7CA6EEF3
[2026.06.15-12.00.40:927][  0]LogModNetworkHandler: Display: Registering message type SML:1
[2026.06.15-12.00.40:927][  0]LogSatisfactoryModLoader: Display: Initialization finished!
[2026.06.15-12.00.40:950][  0]LogInit: OnPostEngineInit has been broadcasted successfully.
[2026.06.15-12.00.41:040][  0]LogDLSS: FDLSSModule::StartupModule Enter
[2026.06.15-12.00.41:040][  0]LogDLSS: PluginBaseDir ../../../FactoryGame/Plugins/DLSS
[2026.06.15-12.00.41:040][  0]LogDLSS: NGXBinariesDir ../../../FactoryGame/Plugins/DLSS/Binaries/ThirdParty/Win64/
[2026.06.15-12.00.41:040][  0]LogDLSS: GDynamicRHIName AMD D3D12
[2026.06.15-12.00.41:040][  0]LogDLSS: NVIDIA NGX DLSS requires an NVIDIA RTX series graphics card
[2026.06.15-12.00.41:040][  0]LogDLSS: NVIDIA NGX DLSS supported SR=0 RR=0
[2026.06.15-12.00.41:040][  0]LogDLSS: FDLSSModule::StartupModule Leave
[2026.06.15-12.00.41:040][  0]LogUserSetting: Initializing user settings
[2026.06.15-12.00.41:086][  0]LogSynthBenchmark: Display: FSynthBenchmark (V0.95):  requested WorkScale=10.00
[2026.06.15-12.00.41:086][  0]LogSynthBenchmark: Display: ===============
[2026.06.15-12.00.41:086][  0]LogSynthBenchmark: Display: Main Processor:
[2026.06.15-12.00.41:397][  0]LogSynthBenchmark: Display:          ... 0.015496 s/Run 'RayIntersect'
[2026.06.15-12.00.41:397][  0]LogSynthBenchmark: Display:          ... 0.015575 s/Run 'Fractal'
[2026.06.15-12.00.41:397][  0]LogSynthBenchmark: Display: 
[2026.06.15-12.00.41:397][  0]LogSynthBenchmark: Display:   CompiledTarget_x_Bits: 64
[2026.06.15-12.00.41:397][  0]LogSynthBenchmark: Display:   UE_BUILD_SHIPPING: 1
[2026.06.15-12.00.41:397][  0]LogSynthBenchmark: Display:   UE_BUILD_TEST: 0
[2026.06.15-12.00.41:397][  0]LogSynthBenchmark: Display:   UE_BUILD_DEBUG: 0
[2026.06.15-12.00.41:397][  0]LogSynthBenchmark: Display:   TotalPhysicalGBRam: 14
[2026.06.15-12.00.41:397][  0]LogSynthBenchmark: Display:   NumberOfCores (physical): 8
[2026.06.15-12.00.41:397][  0]LogSynthBenchmark: Display:   NumberOfCores (logical): 16
[2026.06.15-12.00.41:397][  0]LogSynthBenchmark: Display:   CPU Perf Index 0: 165.3 (weight 1.00)
[2026.06.15-12.00.41:397][  0]LogSynthBenchmark: Display:   CPU Perf Index 1: 183.6 (weight 1.50)
[2026.06.15-12.00.41:397][  0]LogSynthBenchmark: Display:  
[2026.06.15-12.00.41:397][  0]LogSynthBenchmark: Display: Graphics:
[2026.06.15-12.00.41:397][  0]LogSynthBenchmark: Display:   Adapter Name: 'AMD Radeon(TM) Graphics'
[2026.06.15-12.00.41:397][  0]LogSynthBenchmark: Display:   (On Optimus the name might be wrong, memory should be ok)
[2026.06.15-12.00.41:397][  0]LogSynthBenchmark: Display:   Vendor Id: 0x1002
[2026.06.15-12.00.41:397][  0]LogSynthBenchmark: Display:   Device Id: 0x1681
[2026.06.15-12.00.41:397][  0]LogSynthBenchmark: Display:   Device Revision: 0xA
[2026.06.15-12.00.41:397][  0]LogSynthBenchmark: Display:   GPU Memory: 2020/0/7011 MB
[2026.06.15-12.00.42:520][  0]LogSynthBenchmark: Display:   GPU warmup (round 1) test: 0.82s
[2026.06.15-12.00.42:520][  0]LogSynthBenchmark: Display:          ... 6.876 s/GigaPix, Confidence=60% 'ALUHeavyNoise' (likely to be inaccurate)
[2026.06.15-12.00.42:520][  0]LogSynthBenchmark: Display:          ... 5.933 s/GigaPix, Confidence=89% 'TexHeavy' (likely to be inaccurate)
[2026.06.15-12.00.42:520][  0]LogSynthBenchmark: Display:          ... 5.646 s/GigaPix, Confidence=100% 'DepTexHeavy' (likely to be inaccurate)
[2026.06.15-12.00.42:520][  0]LogSynthBenchmark: Display:          ... 53.784 s/GigaPix, Confidence=100% 'FillOnly' (likely to be inaccurate)
[2026.06.15-12.00.42:520][  0]LogSynthBenchmark: Display:          ... 0.590 s/GigaPix, Confidence=100% 'Bandwidth' (likely to be inaccurate)
[2026.06.15-12.00.42:520][  0]LogSynthBenchmark: Display:          ... 0.750 s/GigaVert, Confidence=100% 'VertThroughPut1' (likely to be inaccurate)
[2026.06.15-12.00.42:520][  0]LogSynthBenchmark: Display:          ... 1.622 s/GigaVert, Confidence=100% 'VertThroughPut2' (likely to be inaccurate)
[2026.06.15-12.00.44:201][  0]LogSynthBenchmark: Display:   GPU warmup (round 2) test: 0.76s
[2026.06.15-12.00.44:202][  0]LogSynthBenchmark: Display:          ... 8.380 s/GigaPix, Confidence=89% 'ALUHeavyNoise' (likely to be inaccurate)
[2026.06.15-12.00.44:202][  0]LogSynthBenchmark: Display:          ... 6.409 s/GigaPix, Confidence=89% 'TexHeavy' (likely to be inaccurate)
[2026.06.15-12.00.44:202][  0]LogSynthBenchmark: Display:          ... 6.380 s/GigaPix, Confidence=89% 'DepTexHeavy' (likely to be inaccurate)
[2026.06.15-12.00.44:202][  0]LogSynthBenchmark: Display:          ... 58.908 s/GigaPix, Confidence=100% 'FillOnly' (likely to be inaccurate)
[2026.06.15-12.00.44:202][  0]LogSynthBenchmark: Display:          ... 0.667 s/GigaPix, Confidence=100% 'Bandwidth' (likely to be inaccurate)
[2026.06.15-12.00.44:202][  0]LogSynthBenchmark: Display:          ... 0.795 s/GigaVert, Confidence=100% 'VertThroughPut1' (likely to be inaccurate)
[2026.06.15-12.00.44:202][  0]LogSynthBenchmark: Display:          ... 1.833 s/GigaVert, Confidence=100% 'VertThroughPut2' (likely to be inaccurate)
[2026.06.15-12.00.45:814][  0]LogSynthBenchmark: Display:   GPU warmup (round 3) test: 0.74s
[2026.06.15-12.00.45:814][  0]LogSynthBenchmark: Display:          ... 8.323 s/GigaPix, Confidence=89% 'ALUHeavyNoise' (likely to be inaccurate)
[2026.06.15-12.00.45:814][  0]LogSynthBenchmark: Display:          ... 6.040 s/GigaPix, Confidence=100% 'TexHeavy' (likely to be inaccurate)
[2026.06.15-12.00.45:814][  0]LogSynthBenchmark: Display:          ... 6.079 s/GigaPix, Confidence=100% 'DepTexHeavy' (likely to be inaccurate)
[2026.06.15-12.00.45:814][  0]LogSynthBenchmark: Display:          ... 58.469 s/GigaPix, Confidence=89% 'FillOnly' (likely to be inaccurate)
[2026.06.15-12.00.45:814][  0]LogSynthBenchmark: Display:          ... 0.677 s/GigaPix, Confidence=100% 'Bandwidth' (likely to be inaccurate)
[2026.06.15-12.00.45:814][  0]LogSynthBenchmark: Display:          ... 0.811 s/GigaVert, Confidence=100% 'VertThroughPut1' (likely to be inaccurate)
[2026.06.15-12.00.45:814][  0]LogSynthBenchmark: Display:          ... 1.856 s/GigaVert, Confidence=100% 'VertThroughPut2' (likely to be inaccurate)
[2026.06.15-12.00.51:691][  0]LogSynthBenchmark: Display:   GPU final test: 4.97s
[2026.06.15-12.00.51:691][  0]LogSynthBenchmark: Display:          ... 8.049 s/GigaPix, Confidence=100% 'ALUHeavyNoise'
[2026.06.15-12.00.51:691][  0]LogSynthBenchmark: Display:          ... 5.881 s/GigaPix, Confidence=100% 'TexHeavy'
[2026.06.15-12.00.51:691][  0]LogSynthBenchmark: Display:          ... 5.647 s/GigaPix, Confidence=100% 'DepTexHeavy'
[2026.06.15-12.00.51:691][  0]LogSynthBenchmark: Display:          ... 56.821 s/GigaPix, Confidence=89% 'FillOnly'
[2026.06.15-12.00.51:691][  0]LogSynthBenchmark: Display:          ... 0.668 s/GigaPix, Confidence=100% 'Bandwidth'
[2026.06.15-12.00.51:691][  0]LogSynthBenchmark: Display:          ... 0.809 s/GigaVert, Confidence=100% 'VertThroughPut1'
[2026.06.15-12.00.51:691][  0]LogSynthBenchmark: Display:          ... 1.849 s/GigaVert, Confidence=100% 'VertThroughPut2'
[2026.06.15-12.00.51:691][  0]LogSynthBenchmark: Display:   GPU Final Results:
[2026.06.15-12.00.51:691][  0]LogSynthBenchmark: Display:          ... 8.049 s/GigaPix, Confidence=100% 'ALUHeavyNoise'
[2026.06.15-12.00.51:691][  0]LogSynthBenchmark: Display:          ... 5.881 s/GigaPix, Confidence=100% 'TexHeavy'
[2026.06.15-12.00.51:691][  0]LogSynthBenchmark: Display:          ... 5.647 s/GigaPix, Confidence=100% 'DepTexHeavy'
[2026.06.15-12.00.51:691][  0]LogSynthBenchmark: Display:          ... 56.821 s/GigaPix, Confidence=89% 'FillOnly'
[2026.06.15-12.00.51:691][  0]LogSynthBenchmark: Display:          ... 0.668 s/GigaPix, Confidence=100% 'Bandwidth'
[2026.06.15-12.00.51:691][  0]LogSynthBenchmark: Display:          ... 0.809 s/GigaVert, Confidence=100% 'VertThroughPut1'
[2026.06.15-12.00.51:691][  0]LogSynthBenchmark: Display:          ... 1.849 s/GigaVert, Confidence=100% 'VertThroughPut2'
[2026.06.15-12.00.51:691][  0]LogSynthBenchmark: Display: 
[2026.06.15-12.00.51:691][  0]LogSynthBenchmark: Display:   GPU Perf Index 0: 174.9 (weight 1.00)
[2026.06.15-12.00.51:691][  0]LogSynthBenchmark: Display:   GPU Perf Index 1: 79.0 (weight 0.10)
[2026.06.15-12.00.51:691][  0]LogSynthBenchmark: Display:   GPU Perf Index 2: 146.8 (weight 0.10)
[2026.06.15-12.00.51:692][  0]LogSynthBenchmark: Display:   GPU Perf Index 3: 223.2 (weight 3.00)
[2026.06.15-12.00.51:692][  0]LogSynthBenchmark: Display:   GPU Perf Index 4: 62.3 (weight 1.00)
[2026.06.15-12.00.51:692][  0]LogSynthBenchmark: Display:   GPU Perf Index 5: 52.7 (weight 0.00)
[2026.06.15-12.00.51:692][  0]LogSynthBenchmark: Display:   GPU Perf Index 6: 104.6 (weight 0.00)
[2026.06.15-12.00.51:692][  0]LogSynthBenchmark: Display:   GPUIndex: 178.7
[2026.06.15-12.00.51:692][  0]LogSynthBenchmark: Display:   CPUIndex: 176.3
[2026.06.15-12.00.51:692][  0]LogSynthBenchmark: Display: 
[2026.06.15-12.00.51:692][  0]LogSynthBenchmark: Display:          ... Total Time: 10.605288 sec
[2026.06.15-12.00.51:704][  0]LogUserSetting: DLSS module was loaded, initializing user settings
[2026.06.15-12.00.51:704][  0]LogDLSSNGXRHI: FNGXRHIModule::StartupModule Enter
[2026.06.15-12.00.51:704][  0]LogDLSSNGXRHI: FNGXRHIModule::StartupModule Leave
[2026.06.15-12.00.51:705][  0]LogStreamline: FStreamlineCoreModule::StartupModule Enter
[2026.06.15-12.00.51:705][  0]LogStreamline: RegisterStreamlineReflexHooks Enter
[2026.06.15-12.00.51:706][  0]LogStreamline: FStreamlineMaxTickRateHandler::Initialize sl::ReflexState::lowLatencyAvailable=0
[2026.06.15-12.00.51:706][  0]LogStreamline: FStreamlineMaxTickRateHandler::Initialize sl::ReflexState::latencyReportAvailable=0
[2026.06.15-12.00.51:706][  0]LogStreamline: FStreamlineLatencyMarkers::Initialize sl::ReflexState::flashIndicatorDriverControlled=0
[2026.06.15-12.00.51:706][  0]LogStreamline: RegisterStreamlineReflexHooks Leave
[2026.06.15-12.00.51:706][  0]LogStreamline: NVIDIA Streamline supported 1
[2026.06.15-12.00.51:706][  0]LogStreamline: FStreamlineCoreModule::StartupModule Leave
[2026.06.15-12.00.51:708][  0]LogInit: Display: Starting Game.
[2026.06.15-12.00.51:709][  0]LogGlobalStatus: UEngine::Browse Started Browse: "/Game/FactoryGame/Map/MenuScenes/Map_Menu_1_02?Name=Player"
[2026.06.15-12.00.51:709][  0]LogNet: Browse: /Game/FactoryGame/Map/MenuScenes/Map_Menu_1_02?Name=Player
[2026.06.15-12.00.51:720][  0]LogLoad: LoadMap: /Game/FactoryGame/Map/MenuScenes/Map_Menu_1_02?Name=Player
[2026.06.15-12.00.51:720][  0]LogWorld: BeginTearingDown for /Temp/Untitled_0
[2026.06.15-12.00.51:721][  0]LogWorld: UWorld::CleanupWorld for Untitled, bSessionEnded=true, bCleanupResources=true
[2026.06.15-12.00.51:765][  0]LogAudio: Display: Audio Device unregistered from world 'None'.
[2026.06.15-12.00.51:843][  0]LogUObjectHash: Compacting FUObjectHashTables data took   2.49ms
[2026.06.15-12.00.51:999][  0]LogStaticMesh: [DioTree_03] Mesh is marked for CPU read.
[2026.06.15-12.00.51:999][  0]LogStaticMesh: [DioTree_03] Mesh is marked for CPU read.
[2026.06.15-12.00.51:999][  0]LogStaticMesh: [DioTree_03] Mesh is marked for CPU read.
[2026.06.15-12.00.51:999][  0]LogStaticMesh: [DioTree_03] Mesh is marked for CPU read.
[2026.06.15-12.00.52:002][  0]LogStaticMesh: [SM_SnakeLegs_Tree_02] Mesh is marked for CPU read.
[2026.06.15-12.00.52:002][  0]LogStaticMesh: [SM_SnakeLegs_Tree_02] Mesh is marked for CPU read.
[2026.06.15-12.00.52:002][  0]LogStaticMesh: [SM_SnakeLegs_Tree_02] Mesh is marked for CPU read.
[2026.06.15-12.00.52:002][  0]LogStaticMesh: [SM_SnakeLegs_Tree_02] Mesh is marked for CPU read.
[2026.06.15-12.00.52:004][  0]LogStaticMesh: [SM_GreenTree_01] Mesh is marked for CPU read.
[2026.06.15-12.00.52:004][  0]LogStaticMesh: [SM_GreenTree_01] Mesh is marked for CPU read.
[2026.06.15-12.00.52:004][  0]LogStaticMesh: [SM_GreenTree_01] Mesh is marked for CPU read.
[2026.06.15-12.00.52:004][  0]LogStaticMesh: [SM_GreenTree_01] Mesh is marked for CPU read.
[2026.06.15-12.00.52:004][  0]LogStaticMesh: [SM_GreenTree_02] Mesh is marked for CPU read.
[2026.06.15-12.00.52:004][  0]LogStaticMesh: [SM_GreenTree_02] Mesh is marked for CPU read.
[2026.06.15-12.00.52:004][  0]LogStaticMesh: [SM_GreenTree_02] Mesh is marked for CPU read.
[2026.06.15-12.00.52:004][  0]LogStaticMesh: [SM_GreenTree_02] Mesh is marked for CPU read.
[2026.06.15-12.00.52:006][  0]LogStaticMesh: [SM_SnakeLegs_Tree_01] Mesh is marked for CPU read.
[2026.06.15-12.00.52:006][  0]LogStaticMesh: [SM_SnakeLegs_Tree_01] Mesh is marked for CPU read.
[2026.06.15-12.00.52:006][  0]LogStaticMesh: [SM_SnakeLegs_Tree_01] Mesh is marked for CPU read.
[2026.06.15-12.00.52:006][  0]LogStaticMesh: [SM_SnakeLegs_Tree_01] Mesh is marked for CPU read.
[2026.06.15-12.00.52:030][  0]LogStaticMesh: [CliffPillar_03] Mesh is marked for CPU read.
[2026.06.15-12.00.52:030][  0]LogStaticMesh: [CliffPillar_03] Mesh is marked for CPU read.
[2026.06.15-12.00.52:030][  0]LogStaticMesh: [CliffPillar_03] Mesh is marked for CPU read.
[2026.06.15-12.00.52:030][  0]LogStaticMesh: [CliffPillar_03] Mesh is marked for CPU read.
[2026.06.15-12.00.52:031][  0]LogStaticMesh: [CliffFlat_03] Mesh is marked for CPU read.
[2026.06.15-12.00.52:031][  0]LogStaticMesh: [CliffFlat_03] Mesh is marked for CPU read.
[2026.06.15-12.00.52:031][  0]LogStaticMesh: [CliffFlat_03] Mesh is marked for CPU read.
[2026.06.15-12.00.52:031][  0]LogStaticMesh: [CliffFlat_03] Mesh is marked for CPU read.
[2026.06.15-12.00.52:032][  0]LogStaticMesh: [CliffPillar_01] Mesh is marked for CPU read.
[2026.06.15-12.00.52:032][  0]LogStaticMesh: [CliffPillar_01] Mesh is marked for CPU read.
[2026.06.15-12.00.52:032][  0]LogStaticMesh: [CliffPillar_01] Mesh is marked for CPU read.
[2026.06.15-12.00.52:032][  0]LogStaticMesh: [CliffPillar_01] Mesh is marked for CPU read.
[2026.06.15-12.00.52:033][  0]LogStaticMesh: [CliffPillar_01_Bot] Mesh is marked for CPU read.
[2026.06.15-12.00.52:033][  0]LogStaticMesh: [CliffPillar_01_Bot] Mesh is marked for CPU read.
[2026.06.15-12.00.52:033][  0]LogStaticMesh: [CliffPillar_01_Bot] Mesh is marked for CPU read.
[2026.06.15-12.00.52:033][  0]LogStaticMesh: [CliffPillar_01_Bot] Mesh is marked for CPU read.
[2026.06.15-12.00.52:033][  0]LogStaticMesh: [CliffPillar_01_Front] Mesh is marked for CPU read.
[2026.06.15-12.00.52:033][  0]LogStaticMesh: [CliffPillar_01_Front] Mesh is marked for CPU read.
[2026.06.15-12.00.52:033][  0]LogStaticMesh: [CliffPillar_01_Front] Mesh is marked for CPU read.
[2026.06.15-12.00.52:033][  0]LogStaticMesh: [CliffPillar_01_Front] Mesh is marked for CPU read.
[2026.06.15-12.00.52:034][  0]LogStaticMesh: [CliffFormation_05_CollisionPH] Mesh is marked for CPU read.
[2026.06.15-12.00.52:034][  0]LogStaticMesh: [CliffFormation_05_CollisionPH] Mesh is marked for CPU read.
[2026.06.15-12.00.52:034][  0]LogStaticMesh: [CliffFormation_05_CollisionPH] Mesh is marked for CPU read.
[2026.06.15-12.00.52:034][  0]LogStaticMesh: [CliffFormation_05_CollisionPH] Mesh is marked for CPU read.
[2026.06.15-12.00.52:035][  0]LogStaticMesh: [CliffPillar_02] Mesh is marked for CPU read.
[2026.06.15-12.00.52:035][  0]LogStaticMesh: [CliffPillar_02] Mesh is marked for CPU read.
[2026.06.15-12.00.52:035][  0]LogStaticMesh: [CliffPillar_02] Mesh is marked for CPU read.
[2026.06.15-12.00.52:035][  0]LogStaticMesh: [CliffPillar_02] Mesh is marked for CPU read.
[2026.06.15-12.00.52:037][  0]LogStaticMesh: [PowerSnail] Mesh is marked for CPU read.
[2026.06.15-12.00.52:037][  0]LogStaticMesh: [PowerSnail] Mesh is marked for CPU read.
[2026.06.15-12.00.52:037][  0]LogStaticMesh: [PowerSnail] Mesh is marked for CPU read.
[2026.06.15-12.00.52:247][  0]LogMaterial: Warning: TranslucentWater: Requesting an invalid TextureIndex! (6 / 8)
[2026.06.15-12.00.52:281][  0]LogAudio: Display: Audio Device (ID: 1) registered with world 'Map_Menu_1_02'.
[2026.06.15-12.00.52:310][  0]LogLoad: Game class is 'BP_GameModeMenu_C'
[2026.06.15-12.00.52:435][  0]LogWorld: Bringing World /Game/FactoryGame/Map/MenuScenes/Map_Menu_1_02.Map_Menu_1_02 up for play (max tick rate 60) at 2026.06.15-15.00.52
[2026.06.15-12.00.52:438][  0]LogGame: Discovered 0 Remote Call Objects on AFGGameMode::InitGame
[2026.06.15-12.00.52:914][  0]LogMaterial: Error: Loading a material resource None with an invalid ShaderMap!
[2026.06.15-12.00.52:914][  0]LogMaterial: Error: Loading a material resource None with an invalid ShaderMap!
[2026.06.15-12.00.52:914][  0]LogMaterial: Error: Loading a material resource None with an invalid ShaderMap!
[2026.06.15-12.00.52:915][  0]LogMaterial: Error: Loading a material resource None with an invalid ShaderMap!
[2026.06.15-12.00.52:932][  0]LogMaterial: Error: Tried to access an uncooked shader map ID in a cooked application
[2026.06.15-12.00.52:932][  0]LogMaterial: Warning: Invalid shader map ID caching shaders for 'Mat-Diamond', will use default material.
[2026.06.15-12.00.52:932][  0]LogMaterial: Can't compile Mat-Diamond with cooked content, will use default material instead
[2026.06.15-12.00.52:933][  0]LogMaterial: Warning: [AssetLog] C:\Program Files (x86)\Steam\steamapps\common\Satisfactory\FactoryGame\Mods\DeepMining\Content\Assets\Mat-Diamond: Failed to compile Material for platform PCD3D_SM6, Default Material will be used in game.

[2026.06.15-12.00.53:369][  0]LogSatisfactoryModLoader: Discovered 2 world modules of class MenuWorldModule
[2026.06.15-12.00.53:369][  0]LogSatisfactoryModLoader: Dispatching lifecycle event CONSTRUCTION to world Map_Menu_1_02 modules
[2026.06.15-12.00.53:369][  0]LogSatisfactoryModLoader: Dispatching lifecycle event INITIALIZATION to world Map_Menu_1_02 modules
[2026.06.15-12.00.53:369][  0]LogWorld: Bringing up level for play took: 1.058472
[2026.06.15-12.00.53:372][  0]LogWindows: WindowsPlatformFeatures enabled
[2026.06.15-12.00.53:373][  0]LogEnhancedInput: Enhanced Input local player subsystem has initalized the user settings!
[2026.06.15-12.00.53:373][  0]LogOnlineVoice: OSS: Voice interface disabled by config [OnlineSubsystem].bHasVoiceEnabled
[2026.06.15-12.00.53:374][  0]LogGameMode: Display: Match State Changed from EnteringMap to WaitingToStart
[2026.06.15-12.00.53:374][  0]LogGameState: Match State Changed from EnteringMap to WaitingToStart
[2026.06.15-12.00.53:374][  0]LogGameMode: Display: Match State Changed from WaitingToStart to InProgress
[2026.06.15-12.00.53:374][  0]LogAkAudio: AFGPlayerControllerBase::SetupWwise
[2026.06.15-12.00.53:447][  0]LogScript: Warning: UAkGameplayStatics::PostAkEvent: NULL Actor specified!
[2026.06.15-12.00.53:448][  0]LogGame: Apply Lightweight Instances from Load took: 0.000006 seconds
[2026.06.15-12.00.53:519][  0]LogBlueprintUserMessages: [BPW_UserIcon] -- Avatar request failed URL: 
[2026.06.15-12.00.53:520][  0]LogBlueprintUserMessages: [BPW_OnlineStatus] Trying to check permission but SessionInfoModel is invalid
[2026.06.15-12.00.53:527][  0]LogSlate: Took 0.000739 seconds to synchronously load lazily loaded font '../../../FactoryGame/Content/FactoryGame/Interface/Font/OpenSans-Regular.ufont' (213K)
[2026.06.15-12.00.53:561][  0]LogUI: UpdateFocusHighlights [Widget_PlayMenu_Alpha] -- FORCE FOCUS LOST
[2026.06.15-12.00.53:561][  0]LogUI: UpdateFocusHighlights [Widget_PlayMenu_Alpha] -- FORCE FOCUS LOST
[2026.06.15-12.00.53:666][  0]LogBlueprintUserMessages: [BPW_UserIcon] -- Avatar request failed URL: 
[2026.06.15-12.00.53:705][  0]LogUI: UpdateFocusHighlights [mCreateNewGame] -- FORCE FOCUS LOST
[2026.06.15-12.00.53:705][  0]LogUI: UpdateFocusHighlights [mCreateNewGame] -- FORCE FOCUS LOST
[2026.06.15-12.00.53:714][  0]LogSlate: Took 0.001276 seconds to synchronously load lazily loaded font '../../../Engine/Content/Slate/Fonts/Roboto-Regular.ttf' (155K)
[2026.06.15-12.00.53:740][  0]LogUI: UpdateFocusHighlights Widget_ServerManager NO CDO
[2026.06.15-12.00.53:742][  0]LogBlueprintUserMessages: [BPW_ReadOnlySessionInfo] Trying to check permissions but SessionInfoModel is not valid
[2026.06.15-12.00.53:744][  0]Model View Viewmodel: Error: При инициализации источник 'SessionInformationModel' был рассчитан как недопустимый. BPW_JoinGame_SessionMenu
[2026.06.15-12.00.53:744][  0]Model View Viewmodel: Error: Недопустимый источник 'SessionInformationModel', невозможно инициализировать привязки. BPW_JoinGame_SessionMenu
[2026.06.15-12.00.53:744][  0]Model View Viewmodel: Error: При инициализации источник 'SessionInformationModel_mOnlineSessionInfo' был рассчитан как недопустимый. BPW_JoinGame_SessionMenu
[2026.06.15-12.00.53:744][  0]Model View Viewmodel: Error: Недопустимый источник 'SessionInformationModel_mOnlineSessionInfo', невозможно инициализировать привязки. BPW_JoinGame_SessionMenu
[2026.06.15-12.00.53:745][  0]Model View Viewmodel: Error: При инициализации источник 'SessionInformationModel_mOnlineSessionInfo_SessionBackend' был рассчитан как недопустимый. BPW_JoinGame_SessionMenu
[2026.06.15-12.00.53:745][  0]Model View Viewmodel: Error: Недопустимый источник 'SessionInformationModel_mOnlineSessionInfo_SessionBackend', невозможно инициализировать привязки. BPW_JoinGame_SessionMenu
[2026.06.15-12.00.53:746][  0]Model View Viewmodel: Error: Привязка '1' на выполнена. Имеются недопустимые источники. BPW_JoinGame_SessionMenu
[2026.06.15-12.00.53:746][  0]Model View Viewmodel: Error: Привязка '2' на выполнена. Имеются недопустимые источники. BPW_JoinGame_SessionMenu
[2026.06.15-12.00.53:747][  0]Model View Viewmodel: Error: При инициализации источник 'SelectedSessionInformation' был рассчитан как недопустимый. BPW_JoinGame
[2026.06.15-12.00.53:748][  0]Model View Viewmodel: Error: Недопустимый источник 'SelectedSessionInformation', невозможно инициализировать привязки. BPW_JoinGame
[2026.06.15-12.00.53:778][  0]LogBlueprint: Error: Array_Sort failed: Failed to find comparator function Widget_SessionSettingsUser Setting Category Mapping Structure_Comparator inside of Object /SML/Interface/UI/Menu/Widget_SessionSettings.Widget_SessionSettings_C
[2026.06.15-12.00.53:805][  0]LogBlueprint: Error: Array_Sort failed: Failed to find comparator function Widget_SessionSettingsUser Setting Category Mapping Structure_Comparator inside of Object /SML/Interface/UI/Menu/Widget_SessionSettings.Widget_SessionSettings_C
[2026.06.15-12.00.53:820][  0]LogMovieScene: Initializing a legacy player for sequence 'mSwitchImageAnim_INST'.
[2026.06.15-12.00.53:828][  0]LogMovieScene: Initializing a legacy player for sequence 'mSwitchImageAnim_INST'.
[2026.06.15-12.00.53:842][  0]Model View Viewmodel: Error: При инициализации источник 'OnlineIntegrationState_PendingSessionMigration' был рассчитан как недопустимый. Widget_PendingSessionMigration
[2026.06.15-12.00.53:842][  0]Model View Viewmodel: Error: Недопустимый источник 'OnlineIntegrationState_PendingSessionMigration', невозможно инициализировать привязки. Widget_PendingSessionMigration
[2026.06.15-12.00.53:848][  0]LogGame: Error: IFGOptionInterfaceImpl::GetOptionValue - Could not find user setting with id 'conveyor.UseExperimental'
[2026.06.15-12.00.53:848][  0]LogLoad: Loading WwiseSoundEngine module: WwiseSoundEngine
[2026.06.15-12.00.53:855][  0]LogGameState: Match State Changed from WaitingToStart to InProgress
[2026.06.15-12.00.53:855][  0]LogSatisfactoryModLoader: Dispatching lifecycle event POST_INITIALIZATION to world Map_Menu_1_02 modules
[2026.06.15-12.00.53:856][  0]LogLoad: Took 2.135838 seconds to LoadMap(/Game/FactoryGame/Map/MenuScenes/Map_Menu_1_02)
[2026.06.15-12.00.53:856][  0]LogGlobalStatus: UEngine::LoadMap Load map complete /Game/FactoryGame/Map/MenuScenes/Map_Menu_1_02
[2026.06.15-12.00.53:858][  0]LogRHI: Display: ShaderPipelineCache: Paused Batching. 1
[2026.06.15-12.00.53:858][  0]LogRHI: Display: ShaderPipelineCache: Resumed Batching. 0
[2026.06.15-12.00.53:858][  0]LogRHI: Display: ShaderPipelineCache: Batching Resumed.
[2026.06.15-12.00.53:907][  0]LogInit: Display: Engine is initialized. Leaving FEngineLoop::Init()
[2026.06.15-12.00.53:907][  0]LogLoad: (Engine Initialization) Total time: 36.21 seconds
[2026.06.15-12.00.53:950][  0]LogContentStreaming: Texture pool size now 400 MB
[2026.06.15-12.00.53:971][  0]LogSlate: Took 0.000592 seconds to synchronously load lazily loaded font '../../../FactoryGame/Content/FactoryGame/Interface/Font/OpenSans-Bold.ufont' (220K)
[2026.06.15-12.00.53:972][  0]LogSlate: Took 0.000397 seconds to synchronously load lazily loaded font '../../../FactoryGame/Content/FactoryGame/Interface/Font/OpenSans-SemiBold.ufont' (216K)
[2026.06.15-12.00.53:974][  0]LogSlate: Took 0.000635 seconds to synchronously load lazily loaded font '../../../Engine/Content/EngineFonts/Faces/RobotoBold.ufont' (160K)
[2026.06.15-12.00.54:230][  0]LogD3D12RHI: Swapchain Resized:
	Before: Viewport=0x00000275D790BF80, Num=3, Size=(1600,1000), PF=18, DXGIFormat=0x18, Fullscreen=0, AllowTearing=1
	After: Viewport=0x00000275D790BF80, Num=3, Size=(1600,1000), PF=18, DXGIFormat=0x18, Fullscreen=1, AllowTearing=1
[2026.06.15-12.00.54:252][  0]LogStreaming: Display: FlushAsyncLoading(622): 1 QueuedPackages, 0 AsyncPackages
[2026.06.15-12.00.54:269][  0]LogMoviePlayer: Initializing movie player
[2026.06.15-12.00.54:314][  0]LogStreamableManager: Display: RequestAsyncLoad() called with empty or only null assets!
[2026.06.15-12.00.54:320][  0]LogSlate: InvalidateAllWidgets triggered.  All widgets were invalidated
[2026.06.15-12.00.54:324][  0]LogEOSSDK: Warning: LogEOSRTC: TickTracker Tick is delayed. TimePeriod=[21.021838s]  TickIntervalThreshold=[0.100000s] MaxTickInterval=[21.021547s] MaxExecutionTime=[0.000291s] TicksCount=[1] ExpectedTicksCount=[2102]
[2026.06.15-12.00.54:324][  0]LogSlate: InvalidateAllWidgets triggered.  All widgets were invalidated
[2026.06.15-12.00.54:468][  0]LogOnlineServices: [FAuthEOSGS::Login] Successfully logged in as [Steam:1 (76561198412322587)]
[2026.06.15-12.00.54:468][  0]LogCommonUser: Player login status changed - System:Platform, NewStatus:LoggedIn
[2026.06.15-12.00.54:469][  0]LogCommonUser: QueryBlocked - start Query on Backend service: STEAM
[2026.06.15-12.00.54:470][  0]LogCommonUser: QueryBlocked - completed Query on Backend service: STEAM
[2026.06.15-12.00.54:472][  0]LogCommonUser: Query Friends All
[2026.06.15-12.00.54:473][  0]LogCommonUser: QueryBlockedAll - start Query
[2026.06.15-12.00.54:473][  0]LogCommonUser: QueryBlocked - start Query on Backend service: STEAM
[2026.06.15-12.00.54:473][  0]LogCommonUser: QueryBlocked - completed Query on Backend service: STEAM
[2026.06.15-12.00.54:473][  0]LogCommonUser: QueryBlocked - start Query on Backend service: Epic
[2026.06.15-12.00.54:474][  0]LogCommonUser: QueryBlockedAll - already in progress dont mess with the Queue, returning.
[2026.06.15-12.00.54:475][  0]LogCommonUser: QueryBlockedAll - already in progress dont mess with the Queue, returning.
[2026.06.15-12.00.54:475][  0]LogCommonUser: QueryBlockedAll - already in progress dont mess with the Queue, returning.
[2026.06.15-12.00.54:475][  0]LogCommonUser: Query Friends All
[2026.06.15-12.00.54:597][  1]Model View Viewmodel: Error: Привязка '1' на выполнена. Имеются недопустимые источники. BPW_JoinGame_SessionMenu
[2026.06.15-12.00.54:597][  1]Model View Viewmodel: Error: Привязка '2' на выполнена. Имеются недопустимые источники. BPW_JoinGame_SessionMenu
[2026.06.15-12.00.54:737][  1]LogRenderer: Forcing update for all mesh draw commands: SkyLight real-time capture change
[2026.06.15-12.00.54:802][  1]LogRenderer: Forcing update for all mesh draw commands: SkyLight real-time capture change
[2026.06.15-12.00.54:852][  1]LogCommonUser: QueryBlocked - completed Query on Backend service: Epic
[2026.06.15-12.00.54:855][  2]LogRenderer: Forcing update for all mesh draw commands: SkyLight real-time capture change
[2026.06.15-12.00.54:989][  2]LogOnlineServices: [FExternalUIEOSGS::ProcessDisplaySettingsUpdatedImplOp] Display settings changed notification received. bIsVisible: false, bIsExclusiveInput: false
[2026.06.15-12.00.56:656][ 58]LogD3D12RHI: Swapchain Resized:
	Before: Viewport=0x00000275D790BF80, Num=3, Size=(1600,1000), PF=18, DXGIFormat=0x18, Fullscreen=1, AllowTearing=1
	After: Viewport=0x00000275D790BF80, Num=3, Size=(1600,1000), PF=18, DXGIFormat=0x18, Fullscreen=0, AllowTearing=1
[2026.06.15-12.00.57:161][ 80]LogRHI: Warning: FShaderPipelineCache FactoryGame_usr completed 2023 tasks in 0.42s (22.46s wall time since intial open).
[2026.06.15-12.00.57:162][ 80]LogRHI: FShaderPipelineCache::BeginNextPrecompileCacheTask() - Finished, no jobs remaining.
[2026.06.15-12.00.58:479][141]LogEOSSDK: LogEOS: SDK Config Platform Update Request Successful, Time: 25.159035
[2026.06.15-12.00.58:482][141]LogEOSSDK: LogEOSAnalytics: EOS SDK Analytics disabled for route [1].
[2026.06.15-12.00.58:486][141]LogEOSSDK: Warning: LogEOSUI: Hot key event ignored because there are no known users.
[2026.06.15-12.00.58:487][141]LogEOSSDK: LogEOS: Updating Product SDK Config, Time: 25.179586
[2026.06.15-12.00.58:747][153]LogEOSSDK: LogEOSAnalytics: Start Session (User: ...)
[2026.06.15-12.00.59:120][170]LogEOSSDK: LogEOS: SDK Config Product Update Request Successful, Time: 25.799282
[2026.06.15-12.00.59:127][170]LogEOSSDK: Warning: LogEOSEcom: Purchase flow is disabled due to overlay setup failure (EOS_NotConfigured).
[2026.06.15-12.00.59:128][170]LogEOSSDK: Warning: LogEOSUI: Hot key event ignored because there are no known users.
[2026.06.15-12.00.59:129][170]LogEOSSDK: Warning: LogEOSUI: Social overlay is disabled due to overlay setup failure (EOS_NotConfigured).
[2026.06.15-12.00.59:129][170]LogEOSSDK: LogEOS: SDK Config Data - Watermark: -1091969823
[2026.06.15-12.00.59:129][170]LogEOSSDK: LogEOS: ScheduleNextSDKConfigDataUpdate - Time: 25.799282, Update Interval: 342.175964
[2026.06.15-12.01.04:330][417]LogEOSSDK: Warning: LogEOSRTC: TickTracker Tick is delayed. TimePeriod=[10.006301s]  TickIntervalThreshold=[0.100000s] MaxTickInterval=[0.320142s] MaxExecutionTime=[0.000903s] TicksCount=[417] ExpectedTicksCount=[1000]
[2026.06.15-12.02.03:358][403]LogRHI: Display: Encountered a new graphics PSO: 4270659012
[2026.06.15-12.02.35:521][958]LogSlate: Request Window 'Satisfactory  ' being destroyed
[2026.06.15-12.02.35:554][958]LogSlate: Window 'Satisfactory  ' being destroyed
[2026.06.15-12.02.35:601][958]LogWindowsTextInputMethodSystem: Activated input method: English (United States) - (Keyboard).
[2026.06.15-12.02.35:608][959]LogAkAudio: AFGPlayerControllerBase::RemoveWwise
[2026.06.15-12.02.35:624][959]LogSlate: Updating window title bar state: overlay mode, drag disabled, window buttons hidden, title bar hidden
[2026.06.15-12.02.35:624][959]LogEngine: All Windows Closed
[2026.06.15-12.02.35:624][959]LogWindows: FPlatformMisc::RequestExit(0, UGameEngine::Tick.ViewportClosed)
[2026.06.15-12.02.35:624][959]LogWindows: FPlatformMisc::RequestExitWithStatus(0, 0, UGameEngine::Tick.ViewportClosed)
[2026.06.15-12.02.35:624][959]LogCore: Engine exit requested (reason: Win RequestExit)
[2026.06.15-12.02.35:624][960]LogCore: Engine exit requested (reason: EngineExit() was called; note: exit was already requested)
[2026.06.15-12.02.35:626][960]LogInit: Display: PreExit Game.
[2026.06.15-12.02.35:629][960]LogWorld: BeginTearingDown for /Game/FactoryGame/Map/MenuScenes/Map_Menu_1_02
[2026.06.15-12.02.35:641][960]LogWorld: UWorld::CleanupWorld for Map_Menu_1_02, bSessionEnded=true, bCleanupResources=true
[2026.06.15-12.02.35:675][960]LogSlate: InvalidateAllWidgets triggered.  All widgets were invalidated
[2026.06.15-12.02.36:157][960]LogGameFeatures: Shutting down game features subsystem
[2026.06.15-12.02.36:157][960]LogSentrySdk: Verbose: sending envelope
[2026.06.15-12.02.36:158][960]LogSentrySdk: Verbose: submitting task to background worker thread
[2026.06.15-12.02.36:158][960]LogSentrySdk: Verbose: shutting down backend
[2026.06.15-12.02.36:158][960]LogSentrySdk: Verbose: executing task on worker thread
[2026.06.15-12.02.36:158][960]LogSentrySdk: Verbose: shutting down transport
[2026.06.15-12.02.36:158][960]LogSentrySdk: Verbose: shutting down background worker thread
[2026.06.15-12.02.36:158][960]LogSentrySdk: Verbose: submitting task to background worker thread
[2026.06.15-12.02.36:158][960]LogSentrySdk: Verbose: sending request using winhttp to "https://o4510000618995712.ingest.de.sentry.io:443/api/4510000622141520/envelope/":
x-sentry-auth:Sentry sentry_key=ce9e39afc0e16e3b66a9b309fe98f23b, sentry_version=7, sentry_client=sentry.native.unreal/0.10.1
content-type:application/x-sentry-envelope
content-length:359

[2026.06.15-12.02.36:523][960]LogSentrySdk: Verbose: received response:
HTTP/1.1 200 OK
Date: Mon, 15 Jun 2026 12:02:52 GMT
Via: 1.1 google
Content-Length: 2
Content-Type: application/json
Server: nginx
Vary: origin, access-control-request-method, access-control-request-headers
access-control-allow-origin: *
access-control-expose-headers: x-sentry-error,x-sentry-rate-limits,retry-after
cross-origin-resource-policy: cross-origin
strict-transport-security: max-age=31536000; includeSubDomains; preload
Alt-Svc: h3=":443"; ma=2592000,h3-29=":443"; ma=2
[2026.06.15-12.02.36:523][960]LogSentrySdk: Verbose: request handled in 366ms
[2026.06.15-12.02.36:523][960]LogSentrySdk: Verbose: executing task on worker thread
[2026.06.15-12.02.36:523][960]LogSentrySdk: Verbose: background worker thread shut down
[2026.06.15-12.02.36:526][960]LogAudio: Display: Beginning Audio Device Manager Shutdown (Module: AudioMixerXAudio2)...
[2026.06.15-12.02.36:526][960]LogAudio: Display: Destroying 1 Remaining Audio Device(s)...
[2026.06.15-12.02.36:526][960]LogAudio: Display: Audio Device unregistered from world 'Map_Menu_1_02'.
[2026.06.15-12.02.36:526][960]LogAudio: Display: Shutting down audio device while 1 references to it are still alive. For more information, compile with INSTRUMENT_AUDIODEVICE_HANDLES.
[2026.06.15-12.02.36:526][960]LogAudioMixer: Display: FMixerPlatformXAudio2::StopAudioStream() called. InstanceID=1, StreamState=4
[2026.06.15-12.02.36:528][960]LogAudioMixer: Display: FMixerPlatformXAudio2::StopAudioStream() called. InstanceID=1, StreamState=2
[2026.06.15-12.02.36:533][960]LogAudioMixer: Deinitializing Audio Bus Subsystem for audio device with ID -1
[2026.06.15-12.02.36:533][960]LogAudio: Display: Audio Device Manager Shutdown
[2026.06.15-12.02.36:762][960]LogSlate: Slate User Destroyed.  User Index 0, Is Virtual User: 0
[2026.06.15-12.02.36:763][960]LogExit: Preparing to exit.
[2026.06.15-12.02.36:763][960]LogMoviePlayer: Shutting down movie player
[2026.06.15-12.02.36:855][960]LogSlate: Updating window title bar state: overlay mode, drag disabled, window buttons hidden, title bar hidden
[2026.06.15-12.02.36:885][960]LogDemo: Cleaned up 0 splitscreen connections, owner deletion: enabled
[2026.06.15-12.02.36:910][960]LogExit: Game engine shut down
[2026.06.15-12.02.36:981][960]LogRenderer: Forcing update for all mesh draw commands: SkyLight real-time capture change
[2026.06.15-12.02.37:109][960]LogExit: Object subsystem successfully closed.
[2026.06.15-12.02.37:143][960]LogRHI: FPipelineFileCacheManager Incremental saved 2027 total, 4 new, 0 removed, 0 cons .upipelinecache (took   3.78ms): C:/Users/cheva/AppData/Local/FactoryGame/Saved/FactoryGame_PCD3D_SM6.upipelinecache.
[2026.06.15-12.02.37:159][960]LogStreamline: FStreamlineCoreModule::ShutdownModule Enter
[2026.06.15-12.02.37:159][960]LogStreamline: UnregisterStreamlineReflexHooks Enter
[2026.06.15-12.02.37:159][960]LogStreamline: UnregisterStreamlineReflexHooks Leave
[2026.06.15-12.02.37:159][960]LogStreamline: FStreamlineCoreModule::ShutdownModule Leave
[2026.06.15-12.02.37:159][960]LogDLSSNGXRHI: FNGXRHIModule::ShutdownModule Enter
[2026.06.15-12.02.37:159][960]LogDLSSNGXRHI: FNGXRHIModule::ShutdownModule Leave
[2026.06.15-12.02.37:159][960]LogDLSS: FDLSSModule::ShutdownModule Enter
[2026.06.15-12.02.37:159][960]LogDLSS: FDLSSModule::ShutdownModule Leave
[2026.06.15-12.02.37:159][960]LogSockets: SteamSockets: Cleaning up
[2026.06.15-12.02.37:160][960]LogWwiseNiagara: Display: Shutting down default Niagara.
[2026.06.15-12.02.37:161][960]LogGauntlet: Gauntlet Shutdown
[2026.06.15-12.02.37:162][960]LogLoad: Skipping reloading missing WwiseSoundEngine module: Exiting.
[2026.06.15-12.02.37:179][960]LogAkAudio: Audiokinetic Audio Device terminated.
[2026.06.15-12.02.37:180][960]LogWwiseConcurrency: Display: Shutting down default Concurrency.
[2026.06.15-12.02.37:180][960]LogWwiseProcessing: Display: Shutting down default Processing.
[2026.06.15-12.02.37:180][960]LogWwiseFileHandler: Closing FileHandler with remaining 1 FileStates. Leaking.
[2026.06.15-12.02.37:180][960]LogWwiseSoundEngine: Unloading Wwise Sound Engine
[2026.06.15-12.02.37:181][960]LogXeSSModule: XeSS shut down
[2026.06.15-12.02.37:183][960]LogXeSSRHI: Removed Intel XeSS effect
[2026.06.15-12.02.37:184][960]LogStreamlineD3D12RHI: FStreamlineD3D12RHI::~FStreamlineD3D12RHI Enter
[2026.06.15-12.02.37:184][960]LogStreamlineD3D12RHI: FStreamlineD3D12RHI::~FStreamlineD3D12RHI Leave
[2026.06.15-12.02.37:184][960]LogStreamlineD3D12RHI: FStreamlineD3D12RHIModule::ShutdownModule Enter
[2026.06.15-12.02.37:184][960]LogStreamlineD3D12RHI: FStreamlineD3D12RHIModule::ShutdownModule Leave
[2026.06.15-12.02.37:185][960]LogOnlineServices: 00000275C7639080 Steam online services instance flushing remain operations
[2026.06.15-12.02.37:185][960]LogOnlineServices: Warning: 00000275C7639080 Steam online services flush timed out, cancelling all operations
[2026.06.15-12.02.37:185][960]LogOnlineServices: 00000275AA446A10 BatchQueryPresence clear complete callbacks while in state Running
[2026.06.15-12.02.37:185][960]LogOnlineServices: 0000027651DA4AD0 QueryUserAvatar clear complete callbacks while in state Invalid
[2026.06.15-12.02.37:185][960]LogOnlineServices: 0000027651DA4D50 QueryUserInfo clear complete callbacks while in state Invalid
[2026.06.15-12.02.37:185][960]LogOnlineServices: 00000275C7639080 Steam online services instance destroy
[2026.06.15-12.02.37:185][960]LogSteamShared: Unloading the Steam API...
[2026.06.15-12.02.37:211][960]LogOnlineServices: Error: Steam online services is still been referenced after shutting down
[2026.06.15-12.02.37:211][960]LogSteamShared: Freeing the Steam Loaded Modules...
[2026.06.15-12.02.37:211][960]LogFFXFI: FFX Frame Interpolation Module Shutdown
[2026.06.15-12.02.37:211][960]LogFSR3: FSR3 Temporal Upscaling Module Shutdown
[2026.06.15-12.02.37:211][960]LogDLSSNGXVulkanRHIPreInit: FNGXVulkanRHIPreInitModule::ShutdownModule Enter
[2026.06.15-12.02.37:211][960]LogDLSSNGXVulkanRHIPreInit: FNGXVulkanRHIPreInitModule::ShutdownModule Leave
[2026.06.15-12.02.37:216][960]LogOnlineServices: 00000275CF7560B0 Epic online services instance destroy
[2026.06.15-12.02.37:216][960]LogEOSSDK: LogEOSFriends: Successfully closed a listener.
[2026.06.15-12.02.37:217][960]LogEOSSDK: Warning: LogEOSP2P: Leave all connections due to P2P network shutdown
[2026.06.15-12.02.37:220][960]LogEOSSDK: LogEOSRTC: [Core] Shutting down LibRTC...
[2026.06.15-12.02.37:753][960]LogEOSShared: FEOSSDKManager::Shutdown EOS_Shutdown Result=[EOS_Success]
[2026.06.15-12.02.37:757][960]LogNFORDenoise: NFORDenoise function shutting down
[2026.06.15-12.02.37:765][960]LogIris: FNetObjectFactoryRegistry::UnregisterFactory is unregistering factory: None name: NetActorFactory id: 0
[2026.06.15-12.02.37:765][960]LogIris: FNetObjectFactoryRegistry::UnregisterFactory is unregistering factory: None name: NetSubObjectFactory id: 1
[2026.06.15-12.02.37:765][960]LogPakFile: Destroying PakPlatformFile
[2026.06.15-12.02.37:957][960]LogD3D12RHI: ~FD3D12DynamicRHI
[2026.06.15-12.02.37:988][960]LogExit: Exiting.
[2026.06.15-12.02.38:016][960]Log file closed, 06/15/26 15:02:38
