Log file open, 06/06/26 21:16:53
LogWindows: Custom abort handler registered for crash reporting.
LogInit: Display: Running engine for game: FactoryGame
LogInit: Display: Project file not found: C:/Program Files (x86)/Steam/steamapps/common/Satisfactory/FactoryGame/FactoryGame.uproject
LogInit: Display: 	Attempting to find via project info helper.
LogPakFile: Initializing PakPlatformFile
LogIoDispatcher: Display: Reading toc: ../../../FactoryGame/Content/Paks/global.utoc
LogIoDispatcher: Display: Toc loaded : ../../../FactoryGame/Content/Paks/global.utoc, Id=ffffffffffffffff, Order=0, EntryCount=1, SignatureHash=81DE51ABA6C1966FCF7F505446501649C4202779
LogIoDispatcher: Display: Mounting container '../../../FactoryGame/Content/Paks/global.utoc' in location slot 0
LogPakFile: Display: Initialized I/O dispatcher file backend. Mounted the global container: ../../../FactoryGame/Content/Paks/global.utoc
LogPakFile: Display: Found Pak file ../../../FactoryGame/Content/Paks/FactoryGame-Windows.pak attempting to mount.
LogPakFile: Display: Mounting pak file ../../../FactoryGame/Content/Paks/FactoryGame-Windows.pak.
LogIoDispatcher: Display: Reading toc: ../../../FactoryGame/Content/Paks/FactoryGame-Windows.utoc
LogIoDispatcher: Display: Toc loaded : ../../../FactoryGame/Content/Paks/FactoryGame-Windows.utoc, Id=52f27a6f7471235e, Order=4, EntryCount=59235, SignatureHash=D3626CBF7FF0BA74BBB54DBFCAF8E39E412A3740
LogIoDispatcher: Display: Mounting container '../../../FactoryGame/Content/Paks/FactoryGame-Windows.utoc' in location slot 0
LogPakFile: Display: Mounted IoStore container "../../../FactoryGame/Content/Paks/FactoryGame-Windows.utoc"
LogFilePackageStore: Mounting container: Id=52f27a6f7471235e, Order=4, NumPackages=28217
LogPakFile: Display: Mounted Pak file '../../../FactoryGame/Content/Paks/FactoryGame-Windows.pak', mount point: '../../../'
LogICUInternationalization: ICU TimeZone Detection - Raw Offset: +2:00, Platform Override: ''
LogInit: Session CrashGUID >====================================================
         Session CrashGUID >   UECC-Windows-0ADE5995484BCE7F82B475906F1693A6
         Session CrashGUID >====================================================
LogWindows: Attached monitors:
LogWindows:     resolution: 1600x1000, work area: (0, 0) -> (1600, 952), device: '\\.\DISPLAY1' [PRIMARY]
LogWindows: Found 1 attached monitors.
LogWindows: Gathering driver information using Windows Setup API
LogConfig: Using compiled CustomConfig Steam
LogAssetRegistry: Premade AssetRegistry loaded from '../../../FactoryGame/AssetRegistry.bin'
LogConfig: No local boot hotfix file found at: [C:/Users/cheva/AppData/Local/FactoryGame/Saved/PersistentDownloadDir/HotfixForNextBoot.txt]
LogAudio: Display: Pre-Initializing Audio Device Manager...
LogAudio: Display: AudioInfo: 'OPUS' Registered
LogAudioDebug: Display: Lib vorbis DLL was dynamically loaded.
LogAudio: Display: AudioInfo: 'OGG' Registered
LogAudio: Display: AudioInfo: 'ADPCM' Registered
LogAudio: Display: AudioInfo: 'PCM' Registered
LogAudio: Display: AudioInfo: 'BINKA' Registered
LogAudio: Display: AudioInfo: 'RADA' Registered
LogAudio: Display: Audio Device Manager Pre-Initialized
LogPluginManager: Mounting Engine plugin Paper2D
LogPluginManager: Mounting Engine plugin AISupport
LogPluginManager: Mounting Engine plugin EnvironmentQueryEditor
LogPluginManager: Mounting Engine plugin ACLPlugin
LogPluginManager: Mounting Engine plugin AnimationData
LogPluginManager: Mounting Engine plugin AnimationLocomotionLibrary
LogPluginManager: Mounting Engine plugin AnimationModifierLibrary
LogPluginManager: Mounting Engine plugin AnimationWarping
LogPluginManager: Mounting Engine plugin ControlRigModules
LogPluginManager: Mounting Engine plugin ControlRigSpline
LogPluginManager: Mounting Engine plugin ControlRig
LogPluginManager: Mounting Engine plugin DeformerGraph
LogPluginManager: Mounting Engine plugin IKRig
LogPluginManager: Mounting Engine plugin SkeletalMeshModelingTools
LogPluginManager: Mounting Engine plugin TweeningUtils
LogPluginManager: Mounting Engine plugin CSLocTools
LogPluginManager: Mounting Engine plugin CameraShakePreviewer
LogPluginManager: Mounting Engine plugin EngineCameras
LogPluginManager: Mounting Engine plugin GameplayCameras
LogPluginManager: Mounting Engine plugin ChaosClothAsset
LogPluginManager: Mounting Engine plugin ChaosCloth
LogPluginManager: Mounting Engine plugin ChaosVD
LogPluginManager: Mounting Engine plugin LensDistortion
LogPluginManager: Mounting Engine plugin OpenColorIO
LogPluginManager: Mounting Engine plugin OodleNetwork
LogPluginManager: Mounting Engine plugin AnimationSharing
LogPluginManager: Mounting Engine plugin ConcertMain
LogPluginManager: Mounting Engine plugin ConcertSyncClient
LogPluginManager: Mounting Engine plugin ConcertSyncCore
LogPluginManager: Mounting Engine plugin ConcertSharedSlate
LogPluginManager: Mounting Engine plugin NamingTokens
LogPluginManager: Mounting Engine plugin PluginUtils
LogPluginManager: Mounting Engine plugin UObjectPlugin
LogPluginManager: Mounting Engine plugin AssetManagerEditor
LogPluginManager: Mounting Engine plugin AssetReferenceRestrictions
LogPluginManager: Mounting Engine plugin BlueprintHeaderView
LogPluginManager: Mounting Engine plugin BlueprintMaterialTextureNodes
LogPluginManager: Mounting Engine plugin ColorGrading
LogPluginManager: Mounting Engine plugin ConsoleVariables
LogPluginManager: Mounting Engine plugin ContentBrowserAssetDataSource
LogPluginManager: Mounting Engine plugin CurveEditorTools
LogPluginManager: Mounting Engine plugin DataValidation
LogPluginManager: Mounting Engine plugin EditorScriptingUtilities
LogPluginManager: Mounting Engine plugin EngineAssetDefinitions
LogPluginManager: Mounting Engine plugin FacialAnimation
LogPluginManager: Mounting Engine plugin GameplayTagsEditor
LogPluginManager: Mounting Engine plugin GeometryMode
LogPluginManager: Mounting Engine plugin LightMixer
LogPluginManager: Mounting Engine plugin ObjectMixer
LogPluginManager: Mounting Engine plugin ProxyLODPlugin
LogPluginManager: Mounting Engine plugin ScriptableToolsEditorMode
LogPluginManager: Mounting Engine plugin SequencerAnimTools
LogPluginManager: Mounting Engine plugin SpeedTreeImporter
LogPluginManager: Mounting Engine plugin UMGWidgetPreview
LogPluginManager: Mounting Engine plugin UVEditor
LogPluginManager: Mounting Engine plugin EnhancedInput
LogPluginManager: Mounting Engine plugin DatasmithContent
LogPluginManager: Mounting Engine plugin GLTFExporter
LogPluginManager: Mounting Engine plugin VariantManagerContent
LogPluginManager: Mounting Engine plugin VariantManager
LogPluginManager: Mounting Engine plugin AsyncMessageSystem
LogPluginManager: Mounting Engine plugin AutomationUtils
LogPluginManager: Mounting Engine plugin BackChannel
LogPluginManager: Mounting Engine plugin BlueprintStats
LogPluginManager: Mounting Engine plugin ChaosCaching
LogPluginManager: Mounting Engine plugin ChaosEditor
LogPluginManager: Mounting Engine plugin ChaosNiagara
LogPluginManager: Mounting Engine plugin ChaosSolverPlugin
LogPluginManager: Mounting Engine plugin ChaosUserDataPT
LogPluginManager: Mounting Engine plugin ChaosVehiclesPlugin
LogPluginManager: Mounting Engine plugin CharacterAI
LogPluginManager: Mounting Engine plugin CompositeCore
LogPluginManager: Mounting Engine plugin ControlFlows
LogPluginManager: Mounting Engine plugin Dataflow
LogPluginManager: Mounting Engine plugin EditorDataStorageFeatures
LogPluginManager: Mounting Engine plugin EditorDataStorage
LogPluginManager: Mounting Engine plugin Fracture
LogPluginManager: Mounting Engine plugin FullBodyIK
LogPluginManager: Mounting Engine plugin Gauntlet
LogPluginManager: Mounting Engine plugin GeometryCollectionPlugin
LogPluginManager: Mounting Engine plugin GeometryDataflow
LogPluginManager: Mounting Engine plugin Landmass
LogPluginManager: Mounting Engine plugin LevelSequenceNavigatorBridge
LogPluginManager: Mounting Engine plugin LocalizableMessage
LogPluginManager: Mounting Engine plugin MeshModelingToolsetExp
LogPluginManager: Mounting Engine plugin NFORDenoise
LogPluginManager: Mounting Engine plugin PlanarCut
LogPluginManager: Mounting Engine plugin PlatformCrypto
LogPluginManager: Mounting Engine plugin PythonScriptPlugin
LogPluginManager: Mounting Engine plugin RuntimeTelemetry
LogPluginManager: Mounting Engine plugin SlateIM
LogPluginManager: Mounting Engine plugin ToolPresets
LogPluginManager: Mounting Engine plugin CascadeToNiagaraConverter
LogPluginManager: Mounting Engine plugin Cascade
LogPluginManager: Mounting Engine plugin NiagaraSimCaching
LogPluginManager: Mounting Engine plugin Niagara
LogPluginManager: Mounting Engine plugin Fab
LogPluginManager: Mounting Engine plugin AlembicImporter
LogPluginManager: Mounting Engine plugin InterchangeAssets
LogPluginManager: Mounting Engine plugin InterchangeEditor
LogPluginManager: Mounting Engine plugin Interchange
LogPluginManager: Mounting Engine plugin AppleProResMedia
LogPluginManager: Mounting Engine plugin ImgMedia
LogPluginManager: Mounting Engine plugin MediaCompositing
LogPluginManager: Mounting Engine plugin MediaPlate
LogPluginManager: Mounting Engine plugin MfMedia
LogPluginManager: Mounting Engine plugin WebMMedia
LogPluginManager: Mounting Engine plugin WmfMedia
LogPluginManager: Mounting Engine plugin MeshPainting
LogPluginManager: Mounting Engine plugin TcpMessaging
LogPluginManager: Mounting Engine plugin UdpMessaging
LogPluginManager: Mounting Engine plugin ActorSequence
LogPluginManager: Mounting Engine plugin LevelSequenceEditor
LogPluginManager: Mounting Engine plugin MovieRenderPipeline
LogPluginManager: Mounting Engine plugin SequencerScripting
LogPluginManager: Mounting Engine plugin TemplateSequence
LogPluginManager: Mounting Engine plugin EOSShared
LogPluginManager: Mounting Engine plugin OnlineBase
LogPluginManager: Mounting Engine plugin OnlineServicesEOSGS
LogPluginManager: Mounting Engine plugin OnlineServicesEOS
LogPluginManager: Mounting Engine plugin OnlineServicesEpicCommon
LogPluginManager: Mounting Engine plugin OnlineServicesNull
LogPluginManager: Mounting Engine plugin OnlineServicesOSSAdapter
LogPluginManager: Mounting Engine plugin OnlineServices
LogPluginManager: Mounting Engine plugin OnlineSubsystemNull
LogPluginManager: Mounting Engine plugin OnlineSubsystemSteam
LogPluginManager: Mounting Engine plugin OnlineSubsystemUtils
LogPluginManager: Mounting Engine plugin OnlineSubsystem
LogPluginManager: Mounting Engine plugin SocketSubsystemEOS
LogPluginManager: Mounting Engine plugin LauncherChunkInstaller
LogPluginManager: Mounting Engine plugin ActorLayerUtilities
LogPluginManager: Mounting Engine plugin AndroidFileServer
LogPluginManager: Mounting Engine plugin ApexDestruction
LogPluginManager: Mounting Engine plugin AppleImageUtils
LogPluginManager: Mounting Engine plugin AssetTags
LogPluginManager: Mounting Engine plugin AudioCapture
LogPluginManager: Mounting Engine plugin AudioSynesthesia
LogPluginManager: Mounting Engine plugin AudioWidgets
LogPluginManager: Mounting Engine plugin CableComponent
LogPluginManager: Mounting Engine plugin ChunkDownloader
LogPluginManager: Mounting Engine plugin ComputeFramework
LogPluginManager: Mounting Engine plugin CustomMeshComponent
LogPluginManager: Mounting Engine plugin DataRegistry
LogPluginManager: Mounting Engine plugin SQLiteCore
LogPluginManager: Mounting Engine plugin ExampleDeviceProfileSelector
LogPluginManager: Mounting Engine plugin GameFeatures
LogPluginManager: Mounting Engine plugin GeometryCache
LogPluginManager: Mounting Engine plugin GeometryProcessing
LogPluginManager: Mounting Engine plugin GeometryScripting
LogPluginManager: Mounting Engine plugin GooglePAD
LogPluginManager: Mounting Engine plugin HairStrands
LogPluginManager: Mounting Engine plugin MeshModelingToolset
LogPluginManager: Mounting Engine plugin Metasound
LogPluginManager: Mounting Engine plugin ModelViewViewModel
LogPluginManager: Mounting Engine plugin ModularGameplay
LogPluginManager: Mounting Engine plugin MsQuic
LogPluginManager: Mounting Engine plugin DTLSHandlerComponent
LogPluginManager: Mounting Engine plugin ProceduralMeshComponent
LogPluginManager: Mounting Engine plugin PropertyAccessEditor
LogPluginManager: Mounting Engine plugin PropertyBindingUtils
LogPluginManager: Mounting Engine plugin ReplicationGraph
LogPluginManager: Mounting Engine plugin ResonanceAudio
LogPluginManager: Mounting Engine plugin RigVM
LogPluginManager: Mounting Engine plugin ScriptableToolsFramework
LogPluginManager: Mounting Engine plugin SignificanceManager
LogPluginManager: Mounting Engine plugin SoundFields
LogPluginManager: Mounting Engine plugin StateTree
LogPluginManager: Mounting Engine plugin SteamController
LogPluginManager: Mounting Engine plugin SteamShared
LogPluginManager: Mounting Engine plugin SteamSockets
LogPluginManager: Mounting Engine plugin Synthesis
LogPluginManager: Mounting Engine plugin WaveTable
LogPluginManager: Mounting Engine plugin WebMMoviePlayer
LogPluginManager: Mounting Engine plugin WindowsDeviceProfileSelector
LogPluginManager: Mounting Engine plugin WindowsMoviePlayer
LogPluginManager: Mounting Engine plugin WinDualShock
LogPluginManager: Mounting Engine plugin XInputDevice
LogPluginManager: Mounting Engine plugin EditorTests
LogPluginManager: Mounting Engine plugin FbxAutomationTestBuilder
LogPluginManager: Mounting Engine plugin FunctionalTestingEditor
LogPluginManager: Mounting Engine plugin InterchangeTests
LogPluginManager: Mounting Engine plugin RuntimeTests
LogPluginManager: Mounting Engine plugin TestFramework
LogPluginManager: Mounting Engine plugin TraceUtilities
LogPluginManager: Mounting Engine plugin CameraCalibrationCore
LogPluginManager: Mounting Engine plugin Takes
LogPluginManager: Mounting Engine plugin WorldMetrics
LogPluginManager: Mounting Engine plugin WwiseNiagara
LogPluginManager: Mounting Engine plugin Wwise
LogPluginManager: Mounting Project plugin AbstractInstance
LogPluginManager: Mounting Project plugin DLSS
LogPluginManager: Mounting Project plugin EditorTools
LogPluginManager: Mounting Project plugin FSR3
LogPluginManager: Mounting Project plugin GameplayEvents
LogPluginManager: Mounting Project plugin OnlineIntegration
LogPluginManager: Mounting Project plugin OnlineServicesSteamLimited
LogPluginManager: Mounting Project plugin RainRendering
LogPluginManager: Mounting Project plugin ReliableMessaging
LogPluginManager: Mounting Project plugin Sentry
LogPluginManager: Mounting Project plugin SignificanceISPC
LogPluginManager: Mounting Project plugin SteamDeckConfig
LogPluginManager: Mounting Project plugin StreamlineCore
LogPluginManager: Mounting Project plugin StreamlineDLSSG
LogPluginManager: Mounting Project plugin StreamlineDeepDVC
LogPluginManager: Mounting Project plugin StreamlineReflex
LogPluginManager: Mounting Project plugin Streamline
LogPluginManager: Mounting Project plugin XeSS
LogConfig: Applying CVar settings from Section [/Script/FFXFSR3Settings.FFXFSR3Settings] File [Engine]
LogConfig: Set CVar [[r.FidelityFX.FSR3.HistoryFormat:0]]
LogConfig: Set CVar [[r.FidelityFX.FSR3.DeDither:0]]
LogConfig: Set CVar [[r.FidelityFX.FSR3.UseSSRExperimentalDenoiser:0]]
LogConfig: Set CVar [[r.FidelityFX.FSR3.CreateReactiveMask:0]]
LogHAL: Log category LogOnlineSession verbosity has been raised to Verbose.
LogNFORDenoise: NFORDenoise function starting up
LogEOSShared: Loaded "C:/Program Files (x86)/Steam/steamapps/common/Satisfactory/Engine/Binaries/Win64/EOSSDK-Win64-Shipping.dll"
LogEOSShared: FEOSSDKManager::Initialize Initializing EOSSDK Version:1.18.1.2-47370208
LogInit: Using libcurl 8.12.1
LogInit:  - built for Windows
LogInit:  - supports SSL with OpenSSL/1.1.1t
LogInit:  - supports HTTP deflate (compression) using libz 1.3
LogInit:  - other features:
LogInit:      CURL_VERSION_SSL
LogInit:      CURL_VERSION_LIBZ
LogInit:      CURL_VERSION_IPV6
LogInit:      CURL_VERSION_ASYNCHDNS
LogInit:      CURL_VERSION_LARGEFILE
LogInit:      CURL_VERSION_TLSAUTH_SRP
LogInit:      CURL_VERSION_HTTP2
LogInit:  CurlRequestOptions (configurable via config and command line):
LogInit:  - bVerifyPeer = true  - Libcurl will verify peer certificate
LogInit:  - bUseHttpProxy = false  - Libcurl will NOT use HTTP proxy
LogInit:  - bDontReuseConnections = false  - Libcurl will reuse connections
LogInit:  - MaxHostConnections = 16  - Libcurl will limit the number of connections to a host
LogInit:  - LocalHostAddr = Default
LogInit:  - BufferSize = 65536
LogInit: CreateHttpThread using FCurlMultiPollEventLoopHttpThread
LogInit: Creating http thread with maximum 256 concurrent requests
LogInit: WinSock: version 1.1 (2.2), MaxSocks=32767, MaxUdp=65467
LogOnline: OSS: Created online subsystem instance for: NULL
LogOnline: OSS: TryLoadSubsystemAndSetDefault: Loaded subsystem for type [NULL]
LogDLSSBlueprint: Loaded DLSS-SR plugin version 8.1.0-NGX310.2.1.0
LogDLSSNGXVulkanRHIPreInit: FNGXVulkanRHIPreInitModule::StartupModule Enter
LogRHI: Using Default RHI: D3D11
LogRHI: Using Highest Feature Level of D3D11: SM5
LogRHI: Loading RHI module D3D11RHI
LogRHI: Checking if RHI D3D11 with Feature Level SM5 is supported by your system.
LogD3D11RHI: D3D11 min allowed feature level: 11_0
LogD3D11RHI: D3D11 max allowed feature level: 11_1
LogD3D11RHI: D3D11 adapters:
LogD3D11RHI: Testing D3D11 Adapter 0:
LogD3D11RHI:     Description : AMD Radeon(TM) Graphics
LogD3D11RHI:     VendorId    : 1002
LogD3D11RHI:     DeviceId    : 1681
LogD3D11RHI:     SubSysId    : 3da517aa
LogD3D11RHI:     Revision    : 000a
LogD3D11RHI:     DedicatedVideoMemory : 2117537792 bytes
LogD3D11RHI:     DedicatedSystemMemory : 0 bytes
LogD3D11RHI:     SharedSystemMemory : 7350792192 bytes
LogD3D11RHI:     AdapterLuid : 0 62787
LogD3D11RHI:    0. 'AMD Radeon(TM) Graphics' (Feature Level 11_1)
LogD3D11RHI:       2019/0/7010 MB DedicatedVideo/DedicatedSystem/SharedSystem, Outputs:1, VendorId:0x1002 UMA:true
LogD3D11RHI: Testing D3D11 Adapter 1:
LogD3D11RHI:     Description : Microsoft Basic Render Driver
LogD3D11RHI:     VendorId    : 1414
LogD3D11RHI:     DeviceId    : 008c
LogD3D11RHI:     SubSysId    : 0000
LogD3D11RHI:     Revision    : 0000
LogD3D11RHI:     DedicatedVideoMemory : 0 bytes
LogD3D11RHI:     DedicatedSystemMemory : 0 bytes
LogD3D11RHI:     SharedSystemMemory : 7350792192 bytes
LogD3D11RHI:     AdapterLuid : 0 69043
LogD3D11RHI:    1. 'Microsoft Basic Render Driver' (Feature Level 11_1)
LogD3D11RHI:       0/0/7010 MB DedicatedVideo/DedicatedSystem/SharedSystem, Outputs:0, VendorId:0x1414 UMA:true
LogD3D11RHI: Chosen D3D11 Adapter:
LogD3D11RHI:     Description : AMD Radeon(TM) Graphics
LogD3D11RHI:     VendorId    : 1002
LogD3D11RHI:     DeviceId    : 1681
LogD3D11RHI:     SubSysId    : 3da517aa
LogD3D11RHI:     Revision    : 000a
LogD3D11RHI:     DedicatedVideoMemory : 2117537792 bytes
LogD3D11RHI:     DedicatedSystemMemory : 0 bytes
LogD3D11RHI:     SharedSystemMemory : 7350792192 bytes
LogD3D11RHI:     AdapterLuid : 0 62787
LogD3D11RHI: Integrated GPU (iGPU): true
LogRHI: RHI D3D11 with Feature Level SM5 is supported and will be used.
LogDLSSNGXVulkanRHIPreInit: GetSelectedDynamicRHIModuleName = D3D11RHI
LogDLSSNGXVulkanRHIPreInit: VulkanRHI is not the active DynamicRHI; skipping of pregistering the required NGX DLSS Vulkan device and instance extensions via the VulkanRHIBridge
LogDLSSNGXVulkanRHIPreInit: FNGXVulkanRHIPreInitModule::StartupModule Leave
LogFSR3: FSR3 Temporal Upscaling Module Started
LogFFXFI: FFX Frame Interpolation Module Started
LogSteamShared: Display: Loading Steam SDK 1.57
LogSteamShared: Steam SDK Loaded!
LogStreamlineShaders: Loaded Streamline plugin version 8.1.0-SL2.7.30
LogRHI: Using Default RHI: D3D11
LogRHI: Using Highest Feature Level of D3D11: SM5
LogRHI: Loading RHI module D3D11RHI
LogRHI: Checking if RHI D3D11 with Feature Level SM5 is supported by your system.
LogRHI: RHI D3D11 with Feature Level SM5 is supported and will be used.
LogInit: ExecutableName: FactoryGameSteam-Win64-Shipping.exe
LogInit: Build: ++FactoryGame+rel-main-1.2.0-CL-491125
LogInit: Platform=Windows
LogInit: MachineId=3291ca854b01b3d45f838cbc4bd7329d
LogInit: DeviceId=
LogInit: Engine Version: 5.6.1-491125+++FactoryGame+rel-main-1.2.0
LogInit: Compatible Engine Version: 5.6.1-491125+++FactoryGame+rel-main-1.2.0
LogInit: Net CL: 491125
LogInit: OS: Windows 11 (25H2) [10.0.26200.8117] (), CPU: AMD Ryzen 7 7735HS with Radeon Graphics        , GPU: AMD Radeon(TM) Graphics
LogInit: Compiled (64-bit): May 19 2026 06:20:56
LogInit: Architecture: x64
LogInit: Compiled with Visual C++: 19.38.33141.00
LogInit: Build Configuration: Shipping
LogInit: Branch Name: ++FactoryGame+rel-main-1.2.0
LogInit: Command Line: -NO_EOS_OVERLAY
LogInit: Base Directory: C:/Program Files (x86)/Steam/steamapps/common/Satisfactory/Engine/Binaries/Win64/
LogInit: Allocator: Binned2
LogInit: Installed Engine Build: 1
LogInit: This binary is optimized with LTO: no, PGO: no, instrumented for PGO data collection: no
LogInit: Launcher File: C:/Program Files (x86)/Steam/steamapps/common/Satisfactory/launcher_id
LogInit: Launcher ID: steam
LogInit: Launcher Artifact: 
LogInit: Presizing for max 2097152 objects, including 1 objects not considered by GC.
LogInit: Object subsystem initialized
[2026.06.06-18.16.54:665][  0]LogRHI: Using Default RHI: D3D11
[2026.06.06-18.16.54:665][  0]LogRHI: Using Highest Feature Level of D3D11: SM5
[2026.06.06-18.16.54:665][  0]LogRHI: Loading RHI module D3D11RHI
[2026.06.06-18.16.54:665][  0]LogRHI: Checking if RHI D3D11 with Feature Level SM5 is supported by your system.
[2026.06.06-18.16.54:665][  0]LogRHI: RHI D3D11 with Feature Level SM5 is supported and will be used.
[2026.06.06-18.16.54:665][  0]LogInit: Selected Device Profile: [Windows]
[2026.06.06-18.16.54:665][  0]LogHAL: Display: Platform has ~ 14 GB [14701584384 / 17179869184 / 14], which maps to Larger [LargestMinGB=32, LargerMinGB=12, DefaultMinGB=8, SmallerMinGB=6, SmallestMinGB=0)
[2026.06.06-18.16.54:665][  0]LogDeviceProfileManager: Going up to parent DeviceProfile []
[2026.06.06-18.16.54:665][  0]LogDeviceProfileManager: Pushing Device Profile CVar: [[UI.SlateSDFText.RasterizationMode:Bitmap -> Msdf]]
[2026.06.06-18.16.54:665][  0]LogDeviceProfileManager: Pushing Device Profile CVar: [[UI.SlateSDFText.ResolutionLevel:2 -> 2]]
[2026.06.06-18.16.54:668][  0]LogInit: Computer: SLIM
[2026.06.06-18.16.54:668][  0]LogInit: User: cheva
[2026.06.06-18.16.54:668][  0]LogInit: CPU Page size=4096, Cores=8
[2026.06.06-18.16.54:668][  0]LogInit: High frequency timer resolution =10.000000 MHz
[2026.06.06-18.16.54:668][  0]LogMemory: Process is running as part of a Windows Job with separate resource limits
[2026.06.06-18.16.54:668][  0]LogMemory: Memory total: Physical=13.7GB (14GB approx) Virtual=27.2GB
[2026.06.06-18.16.54:668][  0]LogMemory: Platform Memory Stats for Windows
[2026.06.06-18.16.54:668][  0]LogMemory: Process Physical Memory: 225.68 MB used, 225.68 MB peak
[2026.06.06-18.16.54:668][  0]LogMemory: Process Virtual Memory: 176.07 MB used, 176.07 MB peak
[2026.06.06-18.16.54:668][  0]LogMemory: Physical Memory: 7669.89 MB used,  6350.64 MB free, 14020.52 MB total
[2026.06.06-18.16.54:668][  0]LogMemory: Virtual Memory: 10696.12 MB used,  17148.40 MB free, 27844.52 MB total
[2026.06.06-18.16.54:672][  0]LogWindows: WindowsPlatformFeatures enabled
[2026.06.06-18.16.54:677][  0]LogInit: Physics initialised using underlying interface: Chaos
[2026.06.06-18.16.54:677][  0]LogInit: Overriding language with engine language configuration option (ru-RU).
[2026.06.06-18.16.54:677][  0]LogInit: Overriding language with engine locale configuration option (ru-RU).
[2026.06.06-18.16.54:680][  0]LogTextLocalizationManager: No specific localization for 'ru-RU' exists, so 'ru' will be used for the language.
[2026.06.06-18.16.54:730][  0]LogTextLocalizationResource: LocRes '../../../FactoryGame/Plugins/XeSS/Content/Localization/XeSS/ru/XeSS.locres' could not be opened for reading!
[2026.06.06-18.16.54:757][  0]LogWindowsTextInputMethodSystem: Available input methods:
[2026.06.06-18.16.54:757][  0]LogWindowsTextInputMethodSystem:   - English (United States) - (Keyboard).
[2026.06.06-18.16.54:757][  0]LogWindowsTextInputMethodSystem:   - Russian (Russia) - (Keyboard).
[2026.06.06-18.16.54:757][  0]LogWindowsTextInputMethodSystem: Activated input method: English (United States) - (Keyboard).
[2026.06.06-18.16.54:770][  0]LogWindowsTouchpad: Display: CacheForceMaxTouchpadSensitivityMode SetMaxTouchpadSensitivity
[2026.06.06-18.16.54:776][  0]LogObj: Display: Attempting to load config data for Default__SlateThemeManager before the Class has been constructed/registered/linked (likely during module loading or early startup). This will result in the load silently failing and should be fixed.
[2026.06.06-18.16.54:778][  0]LogSlate: New Slate User Created. Platform User Id 0, User Index 0, Is Virtual User: 0
[2026.06.06-18.16.54:778][  0]LogSlate: Slate User Registered.  User Index 0, Is Virtual User: 0
[2026.06.06-18.16.54:798][  0]LogRHI: Using Default RHI: D3D11
[2026.06.06-18.16.54:798][  0]LogRHI: Using Highest Feature Level of D3D11: SM5
[2026.06.06-18.16.54:798][  0]LogRHI: Loading RHI module D3D11RHI
[2026.06.06-18.16.54:798][  0]LogRHI: Checking if RHI D3D11 with Feature Level SM5 is supported by your system.
[2026.06.06-18.16.54:798][  0]LogRHI: RHI D3D11 with Feature Level SM5 is supported and will be used.
[2026.06.06-18.16.54:799][  0]LogWindows: Attached monitors:
[2026.06.06-18.16.54:799][  0]LogWindows:     resolution: 1600x1000, work area: (0, 0) -> (1600, 952), device: '\\.\DISPLAY1' [PRIMARY]
[2026.06.06-18.16.54:799][  0]LogWindows: Found 1 attached monitors.
[2026.06.06-18.16.54:799][  0]LogWindows: Gathering driver information using Windows Setup API
[2026.06.06-18.16.54:799][  0]LogRHI: RHI Adapter Info:
[2026.06.06-18.16.54:799][  0]LogRHI:             Name: AMD Radeon(TM) Graphics
[2026.06.06-18.16.54:799][  0]LogRHI:   Driver Version: AMD Software: Adrenalin Edition 26.5.2 (internal:32.0.21043.10005, unified:32.0.21043.10005)
[2026.06.06-18.16.54:799][  0]LogRHI:      Driver Date: 5-12-2026
[2026.06.06-18.16.54:799][  0]LogD3D11RHI: Creating new Direct3DDevice
[2026.06.06-18.16.54:800][  0]LogD3D11RHI:     GPU DeviceId: 0x1681 (for the marketing name, search the web for "GPU Device Id")
[2026.06.06-18.16.54:800][  0]LogRHI: Texture pool is 2847 MB (70% of 4067 MB)
[2026.06.06-18.16.54:800][  0]LogNvidiaAftermath: Nvidia Aftermath is disabled in D3D11 due to instability issues.
[2026.06.06-18.16.55:096][  0]LogD3D11RHI: Creating D3DDevice with AMD AGS, using adapter:
[2026.06.06-18.16.55:096][  0]LogD3D11RHI:     Description : AMD Radeon(TM) Graphics
[2026.06.06-18.16.55:096][  0]LogD3D11RHI:     VendorId    : 1002
[2026.06.06-18.16.55:096][  0]LogD3D11RHI:     DeviceId    : 1681
[2026.06.06-18.16.55:096][  0]LogD3D11RHI:     SubSysId    : 3da517aa
[2026.06.06-18.16.55:096][  0]LogD3D11RHI:     Revision    : 000a
[2026.06.06-18.16.55:096][  0]LogD3D11RHI:     DedicatedVideoMemory : 2117537792 bytes
[2026.06.06-18.16.55:096][  0]LogD3D11RHI:     DedicatedSystemMemory : 0 bytes
[2026.06.06-18.16.55:096][  0]LogD3D11RHI:     SharedSystemMemory : 7350792192 bytes
[2026.06.06-18.16.55:096][  0]LogD3D11RHI:     AdapterLuid : 0 62787
[2026.06.06-18.16.55:317][  0]LogD3D11RHI: Created device via AGS, feature level 11_1, supported extensions fffbf.
[2026.06.06-18.16.55:317][  0]LogNvidiaAftermath: Aftermath is not loaded.
[2026.06.06-18.16.55:317][  0]LogD3D11RHI: RHI has support for 64 bit atomics
[2026.06.06-18.16.55:317][  0]LogD3D11RHI: Async texture creation enabled
[2026.06.06-18.16.55:317][  0]LogD3D11RHI: D3D11_MAP_WRITE_NO_OVERWRITE for dynamic buffer SRVs is supported
[2026.06.06-18.16.55:317][  0]LogD3D11RHI: Array index from any shader is supported
[2026.06.06-18.16.55:327][  0]LogVRS: Current RHI does not support Variable Rate Shading
[2026.06.06-18.16.55:330][  0]LogInit: Initializing FReadOnlyCVARCache
[2026.06.06-18.16.55:340][  0]LogRendererCore: Ray tracing is disabled. Reason: disabled through project setting (r.RayTracing=0).
[2026.06.06-18.16.55:341][  0]LogShaderLibrary: Display: Using IoDispatcher for shader code library Global. Total 3657 unique shaders.
[2026.06.06-18.16.55:341][  0]LogShaderLibrary: Display: Cooked Context: Using Shared Shader Library Global
[2026.06.06-18.16.55:341][  0]LogShaderLibrary: Display: Logical shader library 'Global' has been created as a monolithic library
[2026.06.06-18.16.55:349][  0]LogInit: XR: Instanced Stereo Rendering is Disabled
[2026.06.06-18.16.55:349][  0]LogInit: XR: MultiViewport is Disabled
[2026.06.06-18.16.55:349][  0]LogInit: XR: Mobile Multiview is Disabled
[2026.06.06-18.16.55:367][  0]LogSlate: Using FreeType 2.10.0
[2026.06.06-18.16.55:368][  0]LogSlate: SlateFontServices - WITH_FREETYPE: 1, WITH_HARFBUZZ: 1
[2026.06.06-18.16.55:380][  0]LogEOSSDK: LogEOS: [Boot] EOSSDK Version 1.18.1.2-47370208 booting at 2026-06-06T18:16:55.380Z using C
[2026.06.06-18.16.55:381][  0]LogEOSSDK: LogEOS: [Boot] EOSSDK Platform Configuration win64-dynamic-x86_64
[2026.06.06-18.16.55:381][  0]LogEOSSDK: LogEOS: [Boot] EOSSDK Platform Properties [OS=Windows/10.0.26100.8115.64bit, ClientId=02612880aa774fb28e3741d3e01501fd, ProductId=prod-crab, SandboxId=crab, DeploymentId=5aebeb30a7614270b4f40c0bc2fe7549, ProductName=FactoryGame, ProductVersion=++FactoryGame+rel-main-1.2.0-CL-491125, IsServer=false, Flags=None]
[2026.06.06-18.16.55:381][  0]LogEOSSDK: LogEOSAnalytics: Start Session (User: ...)
[2026.06.06-18.16.55:381][  0]LogEOSSDK: Warning: LogEOSOverlay: OverlayPath registry key not found
[2026.06.06-18.16.55:381][  0]LogEOSSDK: LogEOSOverlay: Overlay will not load, because the binary's path is not configured
[2026.06.06-18.16.55:381][  0]LogEOSSDK: Warning: LogEOSOverlay: Failed to initialize overlay module: PATH_NOT_CONFIGURED
[2026.06.06-18.16.55:381][  0]LogEOSSDK: Warning: LogEOSAuth: FAccountPortalBrowserManager::Init: Failed to register overlay: EOS_NotConfigured
[2026.06.06-18.16.55:381][  0]LogEOSSDK: Warning: LogEOSUI: Hot key event ignored because there are no known users.
[2026.06.06-18.16.55:385][  0]LogEOSSDK: LogEOSAntiCheat: [AntiCheatClient] Anti-cheat client not available. Verify that the game was started using the anti-cheat bootstrapper if you intend to use it.
[2026.06.06-18.16.55:385][  0]LogEOSSDK: LogEOSRTC: [Core] Initializing LibRTC...
[2026.06.06-18.16.55:386][  0]LogEOSSDK: LogEOS: SetApplicationStatus - OldStatus: EOS_AS_Foreground, NewStatus: EOS_AS_Foreground, Current Time: 0001.01.01-00.00.00
[2026.06.06-18.16.55:386][  0]LogEOSSDK: LogEOS: SetNetworkStatus - OldStatus: EOS_NS_Online, NewStatus: EOS_NS_Online
[2026.06.06-18.16.55:386][  0]LogEOSSDK: LogEOS: Updating Platform SDK Config, Time: 0.000035
[2026.06.06-18.16.55:391][  0]LogOnlineSchema: Parsed Schema definition: SchemaId: [LobbyBase], SchemaCompatabilityId: [0x5F1D9C43215C9EC6]
[2026.06.06-18.16.55:392][  0]LogOnlineServices: Warning: Missing bUseBuildIdOverride= in [OnlineServices] of DefaultEngine.ini
[2026.06.06-18.16.55:392][  0]LogOnlineServices: Warning: Missing BuildIdOverride= in [OnlineServices] of DefaultEngine.ini
[2026.06.06-18.16.55:392][  0]LogOnlineServices: 000002E1B7336710 Epic online services instance initialize
[2026.06.06-18.16.55:445][  0]LogStreamlineD3D11RHI: FStreamlineD3D11RHIModule::StartupModule Enter
[2026.06.06-18.16.55:447][  0]LogStreamlineAPI: [Info]: [21-16-55][streamline][info][tid:15916][0s:004ms:442us]pluginManager.cpp:489[setHostSDKVersion] Streamline v2.7.30.afa89bde - built on Mon Mar 31 10:49:36 2025 - host SDK v2.7.30
[2026.06.06-18.16.55:447][  0]LogStreamlineAPI: Warning: [Warn]: [21-16-55][streamline][warn][tid:15916][0s:004ms:505us]file.h:96[open] File 'C:\ProgramData/NVIDIA/NGX/models/nvngx_config.txt' does not exist
[2026.06.06-18.16.55:448][  0]LogStreamlineAPI: Warning: [Warn]: [21-16-55][streamline][warn][tid:15916][0s:004ms:524us]ota.cpp:255[readServerManifest] Failed to open manifest file at: C:\ProgramData/NVIDIA/NGX/models/nvngx_config.txt
[2026.06.06-18.16.55:452][  0]LogStreamlineAPI: [Info]: [21-16-55][streamline][info][tid:15916][0s:009ms:100us]pluginManager.cpp:618[findPlugins] Looking for plugins in C:/Program Files (x86)/Steam/steamapps/common/Satisfactory/FactoryGame/Plugins/StreamlineCore/Binaries/ThirdParty/Win64 ...
[2026.06.06-18.16.55:452][  0]LogStreamlineAPI: [Info]: [21-16-55][streamline][info][tid:15916][0s:009ms:214us]pluginManager.cpp:1087[loadPlugins] Searching for OTA'd plugins...
[2026.06.06-18.16.55:465][  0]LogStreamlineAPI: [Info]: [21-16-55][streamline][info][tid:15916][0s:021ms:985us]commonInterface.cpp:150[getSystemCaps] Enumerating up to 8 adapters but only one of them can be used to create a device - no mGPU support in this SDK
[2026.06.06-18.16.55:469][  0]LogStreamlineAPI: [Info]: [21-16-55][streamline][info][tid:15916][0s:025ms:851us]commonEntry.cpp:2055[getOSVersionAndUpdateTimerResolution] Changed high resolution timer resolution to 4960 [100 ns units].
[2026.06.06-18.16.55:469][  0]LogStreamlineAPI: [Info]: [21-16-55][streamline][info][tid:15916][0s:025ms:883us]commonEntry.cpp:2130[updateEmbeddedJSON] Detected Windows OS version 10.0.26200
[2026.06.06-18.16.55:469][  0]LogStreamlineAPI: [Info]: [21-16-55][streamline][info][tid:15916][0s:026ms:020us]pluginManager.cpp:1002[mapPlugins] Loaded plugin 'sl.common' - version 2.7.30.afa89bde - id 4294967295 - priority 0 - adapter mask 0x1 - interposer 'no'
[2026.06.06-18.16.55:477][  0]LogStreamlineAPI: [Info]: [21-16-55][streamline][info][tid:15916][0s:033ms:450us]pluginManager.cpp:1002[mapPlugins] Loaded plugin 'sl.deepdvc' - version 2.7.30.afa89bde - id 5 - priority 100 - adapter mask 0x0 - interposer 'no'
[2026.06.06-18.16.55:484][  0]LogStreamlineAPI: Warning: [Warn]: [21-16-55][streamline][warn][tid:15916][0s:040ms:576us]dlss_gEntry.cpp:144[updateEmbeddedJSON] Failed to obtain DLSS-G min spec requirements from NGX, using SL defaults
[2026.06.06-18.16.55:484][  0]LogStreamlineAPI: Warning: [Warn]: [21-16-55][streamline][warn][tid:15916][0s:040ms:611us]dlss_gEntry.cpp:327[updateEmbeddedJSON] Disabling DLSS-G since it is not supported on current hardware
[2026.06.06-18.16.55:484][  0]LogStreamlineAPI: [Info]: [21-16-55][streamline][info][tid:15916][0s:040ms:722us]pluginManager.cpp:1002[mapPlugins] Loaded plugin 'sl.dlss_g' - version 2.7.30.afa89bde - id 1000 - priority 1000 - adapter mask 0x0 - interposer 'no'
[2026.06.06-18.16.55:490][  0]LogStreamlineAPI: [Info]: [21-16-55][streamline][info][tid:15916][0s:047ms:268us]pluginManager.cpp:1002[mapPlugins] Loaded plugin 'sl.pcl' - version 2.7.30.afa89bde - id 4 - priority 2 - adapter mask 0x1 - interposer 'no'
[2026.06.06-18.16.55:498][  0]LogStreamlineAPI: [Info]: [21-16-55][streamline][info][tid:15916][0s:054ms:421us]pluginManager.cpp:1002[mapPlugins] Loaded plugin 'sl.reflex' - version 2.7.30.afa89bde - id 3 - priority 100 - adapter mask 0x1 - interposer 'no'
[2026.06.06-18.16.55:498][  0]LogStreamlineAPI: Warning: [Warn]: [21-16-55][streamline][warn][tid:15916][0s:054ms:472us]pluginManager.cpp:1141[loadPlugins] Ignoring plugin 'sl.deepdvc' since it is not supported on this platform
[2026.06.06-18.16.55:498][  0]LogStreamlineAPI: Warning: [Warn]: [21-16-55][streamline][warn][tid:15916][0s:054ms:500us]pluginManager.cpp:1141[loadPlugins] Ignoring plugin 'sl.dlss_g' since it is not supported on this platform
[2026.06.06-18.16.55:498][  0]LogStreamlineAPI: [Info]: [21-16-55][streamline][info][tid:15916][0s:054ms:694us]pluginManager.cpp:1241[loadPlugins] Plugin execution order based on priority:
[2026.06.06-18.16.55:498][  0]LogStreamlineAPI: [Info]: [21-16-55][streamline][info][tid:15916][0s:054ms:717us]pluginManager.cpp:1244[loadPlugins] P0 - sl.common
[2026.06.06-18.16.55:498][  0]LogStreamlineAPI: [Info]: [21-16-55][streamline][info][tid:15916][0s:054ms:733us]pluginManager.cpp:1244[loadPlugins] P2 - sl.pcl
[2026.06.06-18.16.55:498][  0]LogStreamlineAPI: [Info]: [21-16-55][streamline][info][tid:15916][0s:054ms:747us]pluginManager.cpp:1244[loadPlugins] P100 - sl.reflex
[2026.06.06-18.16.55:498][  0]LogStreamlineAPI: [Info]: [21-16-55][streamline][info][tid:15916][0s:054ms:761us]pluginManager.cpp:1436[initializePlugins] Initializing plugins - api 0.0.1 - application ID 100721531
[2026.06.06-18.16.55:498][  0]LogStreamlineAPI: [Info]: [21-16-55][streamline][info][tid:15916][0s:054ms:795us]d3d11.cpp:367[init] GPU nodes 1 - visible node mask 1
[2026.06.06-18.16.55:498][  0]LogStreamlineAPI: [Info]: [21-16-55][streamline][info][tid:15916][0s:055ms:006us]pluginManager.cpp:1544[mapPluginCallbacks] Callback sl.common:slSetData:0x0
[2026.06.06-18.16.55:498][  0]LogStreamlineAPI: [Info]: [21-16-55][streamline][info][tid:15916][0s:055ms:046us]pluginManager.cpp:1545[mapPluginCallbacks] Callback sl.common:slGetData:0x0
[2026.06.06-18.16.55:498][  0]LogStreamlineAPI: [Info]: [21-16-55][streamline][info][tid:15916][0s:055ms:063us]pluginManager.cpp:1546[mapPluginCallbacks] Callback sl.common:slAllocateResources:0x0
[2026.06.06-18.16.55:498][  0]LogStreamlineAPI: [Info]: [21-16-55][streamline][info][tid:15916][0s:055ms:077us]pluginManager.cpp:1547[mapPluginCallbacks] Callback sl.common:slFreeResources:0x0
[2026.06.06-18.16.55:498][  0]LogStreamlineAPI: [Info]: [21-16-55][streamline][info][tid:15916][0s:055ms:097us]pluginManager.cpp:1548[mapPluginCallbacks] Callback sl.common:slEvaluateFeature:0x7ffeca2c1b30
[2026.06.06-18.16.55:498][  0]LogStreamlineAPI: [Info]: [21-16-55][streamline][info][tid:15916][0s:055ms:111us]pluginManager.cpp:1549[mapPluginCallbacks] Callback sl.common:slSetTag:0x7ffeca2c0a50
[2026.06.06-18.16.55:498][  0]LogStreamlineAPI: [Info]: [21-16-55][streamline][info][tid:15916][0s:055ms:128us]pluginManager.cpp:1550[mapPluginCallbacks] Callback sl.common:slSetTagForFrame:0x7ffeca2c0bb0
[2026.06.06-18.16.55:498][  0]LogStreamlineAPI: [Info]: [21-16-55][streamline][info][tid:15916][0s:055ms:142us]pluginManager.cpp:1551[mapPluginCallbacks] Callback sl.common:slSetConsts:0x7ffeca2c18e0
[2026.06.06-18.16.55:498][  0]LogStreamlineAPI: [Info]: [21-16-55][streamline][info][tid:15916][0s:055ms:178us]pluginManager.cpp:1320[processPluginHooks] Hook sl.common:slHookVkPresent:before - skipped
[2026.06.06-18.16.55:498][  0]LogStreamlineAPI: [Info]: [21-16-55][streamline][info][tid:15916][0s:055ms:195us]pluginManager.cpp:1320[processPluginHooks] Hook sl.common:slHookVkAfterPresent:after - skipped
[2026.06.06-18.16.55:498][  0]LogStreamlineAPI: [Info]: [21-16-55][streamline][info][tid:15916][0s:055ms:215us]pluginManager.cpp:1320[processPluginHooks] Hook sl.common:slHookVkCmdBindPipeline:after - skipped
[2026.06.06-18.16.55:498][  0]LogStreamlineAPI: [Info]: [21-16-55][streamline][info][tid:15916][0s:055ms:229us]pluginManager.cpp:1320[processPluginHooks] Hook sl.common:slHookVkCmdBindDescriptorSets:after - skipped
[2026.06.06-18.16.55:498][  0]LogStreamlineAPI: [Info]: [21-16-55][streamline][info][tid:15916][0s:055ms:243us]pluginManager.cpp:1320[processPluginHooks] Hook sl.common:slHookVkBeginCommandBuffer:after - skipped
[2026.06.06-18.16.55:498][  0]LogStreamlineAPI: [Info]: [21-16-55][streamline][info][tid:15916][0s:055ms:260us]pluginManager.cpp:1344[processPluginHooks] Hook sl.common:slHookResizeSwapChainPre:before - OK
[2026.06.06-18.16.55:498][  0]LogStreamlineD3D11RHI: FStreamlineD3D11RHIModule::StartupModule Leave
[2026.06.06-18.16.55:498][  0]LogStreamlineAPI: [Info]: [21-16-55][streamline][info][tid:15916][0s:055ms:277us]pluginManager.cpp:1344[processPluginHooks] Hook sl.common:slHookPresent:before - OK
[2026.06.06-18.16.55:498][  0]LogStreamlineAPI: [Info]: [21-16-55][streamline][info][tid:15916][0s:055ms:290us]pluginManager.cpp:1344[processPluginHooks] Hook sl.common:slHookAfterPresent:after - OK
[2026.06.06-18.16.55:498][  0]LogStreamlineD3D11RHI: FStreamlineD3D11RHI::FStreamlineD3D11RHI Enter
[2026.06.06-18.16.55:498][  0]LogStreamlineAPI: [Info]: [21-16-55][streamline][info][tid:15916][0s:055ms:303us]pluginManager.cpp:1344[processPluginHooks] Hook sl.common:slHookPresent1:before - OK
[2026.06.06-18.16.55:498][  0]LogStreamlineD3D11RHI: Skip registering IDXGISwapchainProvider, due to no supported feature needing a swap chain provider: (kFeatureDLSS_G, Result::eErrorFeatureMissing),(kFeatureLatewarp, Result::eErrorFeatureMissing),(kFeatureImGUI, Result::eErrorFeatureMissing). This can be overriden with -sl{no}swapchainprovider
[2026.06.06-18.16.55:498][  0]LogStreamlineD3D11RHI: FStreamlineD3D11RHI::FStreamlineD3D11RHI Leave
[2026.06.06-18.16.55:498][  0]LogStreamlineAPI: [Info]: [21-16-55][streamline][info][tid:15916][0s:055ms:326us]pluginManager.cpp:1544[mapPluginCallbacks] Callback sl.pcl:slSetData:0x7ffeca1e89e0
[2026.06.06-18.16.55:499][  0]LogStreamlineAPI: [Info]: [21-16-55][streamline][info][tid:15916][0s:055ms:339us]pluginManager.cpp:1545[mapPluginCallbacks] Callback sl.pcl:slGetData:0x7ffeca1e89f0
[2026.06.06-18.16.55:499][  0]LogStreamlineAPI: [Info]: [21-16-55][streamline][info][tid:15916][0s:055ms:352us]pluginManager.cpp:1546[mapPluginCallbacks] Callback sl.pcl:slAllocateResources:0x0
[2026.06.06-18.16.55:499][  0]LogStreamlineAPI: [Info]: [21-16-55][streamline][info][tid:15916][0s:055ms:368us]pluginManager.cpp:1547[mapPluginCallbacks] Callback sl.pcl:slFreeResources:0x0
[2026.06.06-18.16.55:499][  0]LogStreamlineAPI: [Info]: [21-16-55][streamline][info][tid:15916][0s:055ms:381us]pluginManager.cpp:1548[mapPluginCallbacks] Callback sl.pcl:slEvaluateFeature:0x0
[2026.06.06-18.16.55:499][  0]LogStreamlineAPI: [Info]: [21-16-55][streamline][info][tid:15916][0s:055ms:395us]pluginManager.cpp:1549[mapPluginCallbacks] Callback sl.pcl:slSetTag:0x0
[2026.06.06-18.16.55:499][  0]LogStreamlineAPI: [Info]: [21-16-55][streamline][info][tid:15916][0s:055ms:410us]pluginManager.cpp:1550[mapPluginCallbacks] Callback sl.pcl:slSetTagForFrame:0x0
[2026.06.06-18.16.55:499][  0]LogStreamlineAPI: [Info]: [21-16-55][streamline][info][tid:15916][0s:055ms:424us]pluginManager.cpp:1551[mapPluginCallbacks] Callback sl.pcl:slSetConsts:0x0
[2026.06.06-18.16.55:499][  0]LogStreamlineAPI: [Info]: [21-16-55][streamline][info][tid:15916][0s:055ms:436us]pluginManager.cpp:1305[processPluginHooks] Plugin 'sl.pcl' has no registered hooks
[2026.06.06-18.16.55:499][  0]LogStreamlineAPI: [Info]: [21-16-55][streamline][info][tid:15916][0s:055ms:452us]pluginManager.cpp:1544[mapPluginCallbacks] Callback sl.reflex:slSetData:0x7ffeca1a8d10
[2026.06.06-18.16.55:499][  0]LogStreamlineAPI: [Info]: [21-16-55][streamline][info][tid:15916][0s:055ms:465us]pluginManager.cpp:1545[mapPluginCallbacks] Callback sl.reflex:slGetData:0x7ffeca1a9600
[2026.06.06-18.16.55:499][  0]LogStreamlineAPI: [Info]: [21-16-55][streamline][info][tid:15916][0s:055ms:481us]pluginManager.cpp:1546[mapPluginCallbacks] Callback sl.reflex:slAllocateResources:0x0
[2026.06.06-18.16.55:499][  0]LogStreamlineAPI: [Info]: [21-16-55][streamline][info][tid:15916][0s:055ms:494us]pluginManager.cpp:1547[mapPluginCallbacks] Callback sl.reflex:slFreeResources:0x0
[2026.06.06-18.16.55:499][  0]LogStreamlineAPI: [Info]: [21-16-55][streamline][info][tid:15916][0s:055ms:507us]pluginManager.cpp:1548[mapPluginCallbacks] Callback sl.reflex:slEvaluateFeature:0x0
[2026.06.06-18.16.55:499][  0]LogStreamlineAPI: [Info]: [21-16-55][streamline][info][tid:15916][0s:055ms:520us]pluginManager.cpp:1549[mapPluginCallbacks] Callback sl.reflex:slSetTag:0x0
[2026.06.06-18.16.55:499][  0]LogStreamlineAPI: [Info]: [21-16-55][streamline][info][tid:15916][0s:055ms:532us]pluginManager.cpp:1550[mapPluginCallbacks] Callback sl.reflex:slSetTagForFrame:0x0
[2026.06.06-18.16.55:499][  0]LogStreamlineAPI: [Info]: [21-16-55][streamline][info][tid:15916][0s:055ms:547us]pluginManager.cpp:1551[mapPluginCallbacks] Callback sl.reflex:slSetConsts:0x0
[2026.06.06-18.16.55:499][  0]LogStreamlineAPI: [Info]: [21-16-55][streamline][info][tid:15916][0s:055ms:560us]pluginManager.cpp:1305[processPluginHooks] Plugin 'sl.reflex' has no registered hooks
[2026.06.06-18.16.55:499][  0]LogStreamlineAPI: Error: [Error]: [21-16-55][streamline][error][tid:15916][0s:055ms:573us]sl.cpp:190[slValidateFeatureContext] 'kFeatureDLSS_G' is missing.
[2026.06.06-18.16.55:499][  0]LogStreamlineAPI: Error: [Error]: [21-16-55][streamline][error][tid:15916][0s:055ms:596us]sl.cpp:190[slValidateFeatureContext] 'kFeatureDeepDVC' is missing.
[2026.06.06-18.16.55:499][  0]LogXeSSModule: XeSS plugin version: 1, version name: 2.0.10
[2026.06.06-18.16.55:499][  0]LogXeSSRHI: XeSS not supported with RHI: D3D11, platform: Windows
[2026.06.06-18.16.55:500][  0]LogXeLLModule: Loaded XeLL SDK 1.1.0 on AMD RHI D3D11
[2026.06.06-18.16.55:550][  0]LogXeFGRHIModule: Loaded XeFG SDK 1.1.0 on AMD RHI D3D11
[2026.06.06-18.16.55:550][  0]LogXeFGRHIModule: XeFG not supported for current RHI: D3D11
[2026.06.06-18.16.55:599][  0]LogShaderLibrary: Display: Using IoDispatcher for shader code library FactoryGame. Total 28790 unique shaders.
[2026.06.06-18.16.55:599][  0]LogShaderLibrary: Display: Cooked Context: Using Shared Shader Library FactoryGame
[2026.06.06-18.16.55:599][  0]LogShaderLibrary: Display: Logical shader library 'FactoryGame' has been created as a monolithic library
[2026.06.06-18.16.55:599][  0]LogShaderLibrary: Display: Tried to open again shader library 'FactoryGame', but could not find new components for it (existing components: 1).
[2026.06.06-18.16.55:600][  0]LogInit: Overriding language with engine language configuration option (ru-RU).
[2026.06.06-18.16.55:600][  0]LogInit: Overriding language with engine locale configuration option (ru-RU).
[2026.06.06-18.16.55:601][  0]LogTextLocalizationManager: No specific localization for 'ru-RU' exists, so 'ru' will be used for the language.
[2026.06.06-18.16.55:602][  0]LogTextLocalizationResource: LocRes '../../../FactoryGame/Content/Localization/Game/ru/Game.locres' could not be opened for reading!
[2026.06.06-18.16.55:603][  0]LogAssetRegistry: FAssetRegistry took 0.0001 seconds to start up
[2026.06.06-18.16.55:767][  0]LogStreaming: Display: FlushAsyncLoading(1): 1 QueuedPackages, 0 AsyncPackages
[2026.06.06-18.16.55:770][  0]LogFilePackageStore: Updated: NewPackages=28217, OldPackages=0, TotalPackages=28218
[2026.06.06-18.16.55:776][  0]LogDeviceProfileManager: Active device profile: [00007FF4A6A7D810][000002E1B609B6E0 66] Windows
[2026.06.06-18.16.55:859][  0]LogAudioCaptureCore: Display: No Audio Capture implementations found. Audio input will be silent.
[2026.06.06-18.16.55:859][  0]LogMetaSound: Display: MetaSound Page Target Initialized to 'Default'
[2026.06.06-18.16.55:877][  0]LogPackageLocalizationCache: Processed 90 localized package path(s) for 1 prioritized culture(s) in 0.000155 seconds
[2026.06.06-18.16.55:879][  0]LogStats: UGameplayTagsManager::InitializeManager -  0.000 s
[2026.06.06-18.16.55:886][  0]LogAudioCaptureCore: Display: No Audio Capture implementations found. Audio input will be silent.
[2026.06.06-18.16.55:891][  0]LogIris: FNetObjectFactoryRegistry::UnregisterFactory is unregistering factory: NetActorFactory name: NetActorFactory id: 0
[2026.06.06-18.16.55:891][  0]LogIris: FNetObjectFactoryRegistry::UnregisterFactory is unregistering factory: NetSubObjectFactory name: NetSubObjectFactory id: 1
[2026.06.06-18.16.55:902][  0]LogWwise: WwiseModule: Loading AkAudio
[2026.06.06-18.16.55:903][  0]LogLoad: Loading WwiseSoundEngine module: WwiseSoundEngine
[2026.06.06-18.16.55:903][  0]LogWwiseSoundEngine: Display: Loading Wwise SoundEngine 2023.1.14 (Integration 2023.1)
[2026.06.06-18.16.55:903][  0]LogAkAudio: FAkAudioModule::UpdateWwiseResourceLoaderSettings : Updating Resource Loader settings.
[2026.06.06-18.16.55:903][  0]LogLoad: Loading WwiseResourceLoader module: WwiseResourceLoader
[2026.06.06-18.16.55:903][  0]LogAkAudio: Wwise(R) SDK Version 2023.1.14 Build 8770 [Release(StaticCRT)]. (C) 2006-2025. Audiokinetic Inc. All rights reserved.
[2026.06.06-18.16.55:903][  0]LogLoad: Loading WwiseFileHandler module: WwiseFileHandler
[2026.06.06-18.16.55:903][  0]LogLoad: Loading WwiseProcessing module: WwiseProcessing
[2026.06.06-18.16.55:903][  0]LogWwiseProcessing: Display: Initializing default Processing.
[2026.06.06-18.16.55:903][  0]LogLoad: Loading WwiseSoundEngine module: WwiseSoundEngine
[2026.06.06-18.16.55:903][  0]LogLoad: Loading WwiseSoundEngine module: WwiseSoundEngine
[2026.06.06-18.16.55:904][  0]LogAkAudio: Wwise plug-in DLL path: C:/Program Files (x86)/Steam/steamapps/common/Satisfactory/Engine/Plugins/Wwise/ThirdParty/x64_vc170/Release/bin/
[2026.06.06-18.16.55:905][  0]LogAkAudio: Wwise SoundEngine successfully initialized.
[2026.06.06-18.16.55:905][  0]LogAkAudio: Initialization complete.
[2026.06.06-18.16.55:905][  0]LogAkAudio: Audiokinetic Audio Device initialized.
[2026.06.06-18.16.55:905][  0]LogLoad: Loading WwiseConcurrency module: WwiseConcurrency
[2026.06.06-18.16.55:906][  0]LogWwiseConcurrency: Display: Initializing default Concurrency.
[2026.06.06-18.16.55:906][  0]LogPakFile: New pak file ../../../FactoryGame/Content/Paks/FactoryGame-Windows.pak added to pak precacher.
[2026.06.06-18.16.55:996][  0]LogPakFile: Precache HighWater 16MB

[2026.06.06-18.16.56:005][  0]LogPakFile: Precache HighWater 32MB

[2026.06.06-18.16.56:116][  0]LogGauntlet: Display: Gauntlet Initialized
[2026.06.06-18.16.56:128][  0]LogSlate: Took 0.000702 seconds to synchronously load lazily loaded font '../../../Engine/Content/Slate/Fonts/Roboto-Bold.ttf' (160K)
[2026.06.06-18.16.56:136][  0]LogAudio: Display: Registering Engine Module Parameter Interfaces...
[2026.06.06-18.16.56:137][  0]LogMetaSound: MetaSound Engine Initialized
[2026.06.06-18.16.56:139][  0]LogWwiseNiagara: Display: Initializing default Niagara.
[2026.06.06-18.16.56:151][  0]LogStringTable: Warning: Failed to find string table entry for 'Menus_UI' 'Players/Messages/YouGotKicked'. Did you forget to add a string table redirector?
[2026.06.06-18.16.56:151][  0]LogStringTable: Warning: Failed to find string table entry for 'Menus_UI' 'Sessions/JoinSession/Header'. Did you forget to add a string table redirector?
[2026.06.06-18.16.56:151][  0]LogStringTable: Warning: Failed to find string table entry for 'Menus_UI' 'Sessions/JoinSession/Body'. Did you forget to add a string table redirector?
[2026.06.06-18.16.56:151][  0]LogStringTable: Warning: Failed to find string table entry for 'Messages_UI' 'Warnings/JoinSession/FailedToDestroyOldSession'. Did you forget to add a string table redirector?
[2026.06.06-18.16.56:151][  0]LogStringTable: Warning: Failed to find string table entry for 'Messages_UI' 'Warnings/JoinSession/FailedToLookupFriendsId'. Did you forget to add a string table redirector?
[2026.06.06-18.16.56:151][  0]LogStringTable: Warning: Failed to find string table entry for 'Messages_UI' 'Warnings/JoinSession/FailedToLookupHostId'. Did you forget to add a string table redirector?
[2026.06.06-18.16.56:151][  0]LogStringTable: Warning: Failed to find string table entry for 'Messages_UI' 'Warnings/JoinSession/FailedToJoinSession'. Did you forget to add a string table redirector?
[2026.06.06-18.16.56:151][  0]LogStringTable: Warning: Failed to find string table entry for 'Menus_UI' 'Sessions/SessionExpired/Header'. Did you forget to add a string table redirector?
[2026.06.06-18.16.56:151][  0]LogStringTable: Warning: Failed to find string table entry for 'Menus_UI' 'Session/SessionExpired/Body'. Did you forget to add a string table redirector?
[2026.06.06-18.16.56:151][  0]LogStringTable: Warning: Failed to find string table entry for 'Menus_UI' 'Session/ClientSessionTimeout/Header'. Did you forget to add a string table redirector?
[2026.06.06-18.16.56:151][  0]LogStringTable: Warning: Failed to find string table entry for 'Menus_UI' 'Session/ClientSessionTimeout/Body'. Did you forget to add a string table redirector?
[2026.06.06-18.16.56:151][  0]LogStringTable: Warning: Failed to find string table entry for 'Menus_UI' 'Sessions/Errors/OfflineFallback/aTitle'. Did you forget to add a string table redirector?
[2026.06.06-18.16.56:151][  0]LogStringTable: Warning: Failed to find string table entry for 'Menus_UI' 'Sessions/Errors/OfflineFallback/Body'. Did you forget to add a string table redirector?
[2026.06.06-18.16.56:248][  0]LogCSLocTools: Deriving CSV String Table Root by combining Poject Content Dir [../../../FactoryGame/Content/] and Folder Path [Localization/StringTables]
[2026.06.06-18.16.56:248][  0]LogCSLocTools: Processing CSV String Table root [C:/Program Files (x86)/Steam/steamapps/common/Satisfactory/FactoryGame/Content/Localization/StringTables]
[2026.06.06-18.16.56:248][  0]LogCSLocTools: IterateDirectoryRecursively reached [../../../FactoryGame/Content/Localization/StringTables/Architecture_Data.csv]
[2026.06.06-18.16.56:248][  0]LogCSLocTools: IterateDirectoryRecursively reached (FullPath) [C:/Program Files (x86)/Steam/steamapps/common/Satisfactory/FactoryGame/Content/Localization/StringTables/Architecture_Data.csv]
[2026.06.06-18.16.56:248][  0]LogCSLocTools: Attempting to register CSV String Table with path [C:/Program Files (x86)/Steam/steamapps/common/Satisfactory/FactoryGame/Content/Localization/StringTables/Architecture_Data.csv] and root folder [C:/Program Files (x86)/Steam/steamapps/common/Satisfactory/FactoryGame/Content/Localization/StringTables]
[2026.06.06-18.16.56:248][  0]LogCSLocTools: Deriving CSV String Table ID: After removing root [Architecture_Data.csv]
[2026.06.06-18.16.56:248][  0]LogCSLocTools: Deriving CSV String Table ID: Final [Architecture_Data]
[2026.06.06-18.16.56:248][  0]LogCSLocTools: Registering CSV String Table Architecture_Data at Content/Localization/StringTables/Architecture_Data.csv
[2026.06.06-18.16.56:248][  0]LogCSLocTools: IterateDirectoryRecursively reached [../../../FactoryGame/Content/Localization/StringTables/AWESOME_Data.csv]
[2026.06.06-18.16.56:248][  0]LogCSLocTools: IterateDirectoryRecursively reached (FullPath) [C:/Program Files (x86)/Steam/steamapps/common/Satisfactory/FactoryGame/Content/Localization/StringTables/AWESOME_Data.csv]
[2026.06.06-18.16.56:248][  0]LogCSLocTools: Attempting to register CSV String Table with path [C:/Program Files (x86)/Steam/steamapps/common/Satisfactory/FactoryGame/Content/Localization/StringTables/AWESOME_Data.csv] and root folder [C:/Program Files (x86)/Steam/steamapps/common/Satisfactory/FactoryGame/Content/Localization/StringTables]
[2026.06.06-18.16.56:248][  0]LogCSLocTools: Deriving CSV String Table ID: After removing root [AWESOME_Data.csv]
[2026.06.06-18.16.56:248][  0]LogCSLocTools: Deriving CSV String Table ID: Final [AWESOME_Data]
[2026.06.06-18.16.56:248][  0]LogCSLocTools: Registering CSV String Table AWESOME_Data at Content/Localization/StringTables/AWESOME_Data.csv
[2026.06.06-18.16.56:250][  0]LogCSLocTools: IterateDirectoryRecursively reached [../../../FactoryGame/Content/Localization/StringTables/AWESOME_UI.csv]
[2026.06.06-18.16.56:250][  0]LogCSLocTools: IterateDirectoryRecursively reached (FullPath) [C:/Program Files (x86)/Steam/steamapps/common/Satisfactory/FactoryGame/Content/Localization/StringTables/AWESOME_UI.csv]
[2026.06.06-18.16.56:250][  0]LogCSLocTools: Attempting to register CSV String Table with path [C:/Program Files (x86)/Steam/steamapps/common/Satisfactory/FactoryGame/Content/Localization/StringTables/AWESOME_UI.csv] and root folder [C:/Program Files (x86)/Steam/steamapps/common/Satisfactory/FactoryGame/Content/Localization/StringTables]
[2026.06.06-18.16.56:250][  0]LogCSLocTools: Deriving CSV String Table ID: After removing root [AWESOME_UI.csv]
[2026.06.06-18.16.56:250][  0]LogCSLocTools: Deriving CSV String Table ID: Final [AWESOME_UI]
[2026.06.06-18.16.56:250][  0]LogCSLocTools: Registering CSV String Table AWESOME_UI at Content/Localization/StringTables/AWESOME_UI.csv
[2026.06.06-18.16.56:250][  0]LogCSLocTools: IterateDirectoryRecursively reached [../../../FactoryGame/Content/Localization/StringTables/Buildables_Data.csv]
[2026.06.06-18.16.56:250][  0]LogCSLocTools: IterateDirectoryRecursively reached (FullPath) [C:/Program Files (x86)/Steam/steamapps/common/Satisfactory/FactoryGame/Content/Localization/StringTables/Buildables_Data.csv]
[2026.06.06-18.16.56:250][  0]LogCSLocTools: Attempting to register CSV String Table with path [C:/Program Files (x86)/Steam/steamapps/common/Satisfactory/FactoryGame/Content/Localization/StringTables/Buildables_Data.csv] and root folder [C:/Program Files (x86)/Steam/steamapps/common/Satisfactory/FactoryGame/Content/Localization/StringTables]
[2026.06.06-18.16.56:250][  0]LogCSLocTools: Deriving CSV String Table ID: After removing root [Buildables_Data.csv]
[2026.06.06-18.16.56:250][  0]LogCSLocTools: Deriving CSV String Table ID: Final [Buildables_Data]
[2026.06.06-18.16.56:250][  0]LogCSLocTools: Registering CSV String Table Buildables_Data at Content/Localization/StringTables/Buildables_Data.csv
[2026.06.06-18.16.56:251][  0]LogCSLocTools: IterateDirectoryRecursively reached [../../../FactoryGame/Content/Localization/StringTables/Buildables_UI.csv]
[2026.06.06-18.16.56:251][  0]LogCSLocTools: IterateDirectoryRecursively reached (FullPath) [C:/Program Files (x86)/Steam/steamapps/common/Satisfactory/FactoryGame/Content/Localization/StringTables/Buildables_UI.csv]
[2026.06.06-18.16.56:251][  0]LogCSLocTools: Attempting to register CSV String Table with path [C:/Program Files (x86)/Steam/steamapps/common/Satisfactory/FactoryGame/Content/Localization/StringTables/Buildables_UI.csv] and root folder [C:/Program Files (x86)/Steam/steamapps/common/Satisfactory/FactoryGame/Content/Localization/StringTables]
[2026.06.06-18.16.56:251][  0]LogCSLocTools: Deriving CSV String Table ID: After removing root [Buildables_UI.csv]
[2026.06.06-18.16.56:251][  0]LogCSLocTools: Deriving CSV String Table ID: Final [Buildables_UI]
[2026.06.06-18.16.56:251][  0]LogCSLocTools: Registering CSV String Table Buildables_UI at Content/Localization/StringTables/Buildables_UI.csv
[2026.06.06-18.16.56:256][  0]LogCSLocTools: IterateDirectoryRecursively reached [../../../FactoryGame/Content/Localization/StringTables/Codex_UI.csv]
[2026.06.06-18.16.56:256][  0]LogCSLocTools: IterateDirectoryRecursively reached (FullPath) [C:/Program Files (x86)/Steam/steamapps/common/Satisfactory/FactoryGame/Content/Localization/StringTables/Codex_UI.csv]
[2026.06.06-18.16.56:256][  0]LogCSLocTools: Attempting to register CSV String Table with path [C:/Program Files (x86)/Steam/steamapps/common/Satisfactory/FactoryGame/Content/Localization/StringTables/Codex_UI.csv] and root folder [C:/Program Files (x86)/Steam/steamapps/common/Satisfactory/FactoryGame/Content/Localization/StringTables]
[2026.06.06-18.16.56:256][  0]LogCSLocTools: Deriving CSV String Table ID: After removing root [Codex_UI.csv]
[2026.06.06-18.16.56:256][  0]LogCSLocTools: Deriving CSV String Table ID: Final [Codex_UI]
[2026.06.06-18.16.56:256][  0]LogCSLocTools: Registering CSV String Table Codex_UI at Content/Localization/StringTables/Codex_UI.csv
[2026.06.06-18.16.56:256][  0]LogCSLocTools: IterateDirectoryRecursively reached [../../../FactoryGame/Content/Localization/StringTables/Credits_UI.csv]
[2026.06.06-18.16.56:256][  0]LogCSLocTools: IterateDirectoryRecursively reached (FullPath) [C:/Program Files (x86)/Steam/steamapps/common/Satisfactory/FactoryGame/Content/Localization/StringTables/Credits_UI.csv]
[2026.06.06-18.16.56:256][  0]LogCSLocTools: Attempting to register CSV String Table with path [C:/Program Files (x86)/Steam/steamapps/common/Satisfactory/FactoryGame/Content/Localization/StringTables/Credits_UI.csv] and root folder [C:/Program Files (x86)/Steam/steamapps/common/Satisfactory/FactoryGame/Content/Localization/StringTables]
[2026.06.06-18.16.56:256][  0]LogCSLocTools: Deriving CSV String Table ID: After removing root [Credits_UI.csv]
[2026.06.06-18.16.56:256][  0]LogCSLocTools: Deriving CSV String Table ID: Final [Credits_UI]
[2026.06.06-18.16.56:256][  0]LogCSLocTools: Registering CSV String Table Credits_UI at Content/Localization/StringTables/Credits_UI.csv
[2026.06.06-18.16.56:256][  0]LogCSLocTools: IterateDirectoryRecursively reached [../../../FactoryGame/Content/Localization/StringTables/Customization_Data.csv]
[2026.06.06-18.16.56:256][  0]LogCSLocTools: IterateDirectoryRecursively reached (FullPath) [C:/Program Files (x86)/Steam/steamapps/common/Satisfactory/FactoryGame/Content/Localization/StringTables/Customization_Data.csv]
[2026.06.06-18.16.56:256][  0]LogCSLocTools: Attempting to register CSV String Table with path [C:/Program Files (x86)/Steam/steamapps/common/Satisfactory/FactoryGame/Content/Localization/StringTables/Customization_Data.csv] and root folder [C:/Program Files (x86)/Steam/steamapps/common/Satisfactory/FactoryGame/Content/Localization/StringTables]
[2026.06.06-18.16.56:256][  0]LogCSLocTools: Deriving CSV String Table ID: After removing root [Customization_Data.csv]
[2026.06.06-18.16.56:256][  0]LogCSLocTools: Deriving CSV String Table ID: Final [Customization_Data]
[2026.06.06-18.16.56:256][  0]LogCSLocTools: Registering CSV String Table Customization_Data at Content/Localization/StringTables/Customization_Data.csv
[2026.06.06-18.16.56:257][  0]LogCSLocTools: IterateDirectoryRecursively reached [../../../FactoryGame/Content/Localization/StringTables/Customization_UI.csv]
[2026.06.06-18.16.56:257][  0]LogCSLocTools: IterateDirectoryRecursively reached (FullPath) [C:/Program Files (x86)/Steam/steamapps/common/Satisfactory/FactoryGame/Content/Localization/StringTables/Customization_UI.csv]
[2026.06.06-18.16.56:257][  0]LogCSLocTools: Attempting to register CSV String Table with path [C:/Program Files (x86)/Steam/steamapps/common/Satisfactory/FactoryGame/Content/Localization/StringTables/Customization_UI.csv] and root folder [C:/Program Files (x86)/Steam/steamapps/common/Satisfactory/FactoryGame/Content/Localization/StringTables]
[2026.06.06-18.16.56:257][  0]LogCSLocTools: Deriving CSV String Table ID: After removing root [Customization_UI.csv]
[2026.06.06-18.16.56:257][  0]LogCSLocTools: Deriving CSV String Table ID: Final [Customization_UI]
[2026.06.06-18.16.56:257][  0]LogCSLocTools: Registering CSV String Table Customization_UI at Content/Localization/StringTables/Customization_UI.csv
[2026.06.06-18.16.56:257][  0]LogCSLocTools: IterateDirectoryRecursively reached [../../../FactoryGame/Content/Localization/StringTables/Emotes_Data.csv]
[2026.06.06-18.16.56:257][  0]LogCSLocTools: IterateDirectoryRecursively reached (FullPath) [C:/Program Files (x86)/Steam/steamapps/common/Satisfactory/FactoryGame/Content/Localization/StringTables/Emotes_Data.csv]
[2026.06.06-18.16.56:257][  0]LogCSLocTools: Attempting to register CSV String Table with path [C:/Program Files (x86)/Steam/steamapps/common/Satisfactory/FactoryGame/Content/Localization/StringTables/Emotes_Data.csv] and root folder [C:/Program Files (x86)/Steam/steamapps/common/Satisfactory/FactoryGame/Content/Localization/StringTables]
[2026.06.06-18.16.56:257][  0]LogCSLocTools: Deriving CSV String Table ID: After removing root [Emotes_Data.csv]
[2026.06.06-18.16.56:257][  0]LogCSLocTools: Deriving CSV String Table ID: Final [Emotes_Data]
[2026.06.06-18.16.56:257][  0]LogCSLocTools: Registering CSV String Table Emotes_Data at Content/Localization/StringTables/Emotes_Data.csv
[2026.06.06-18.16.56:258][  0]LogCSLocTools: IterateDirectoryRecursively reached [../../../FactoryGame/Content/Localization/StringTables/Equipment_Data.csv]
[2026.06.06-18.16.56:258][  0]LogCSLocTools: IterateDirectoryRecursively reached (FullPath) [C:/Program Files (x86)/Steam/steamapps/common/Satisfactory/FactoryGame/Content/Localization/StringTables/Equipment_Data.csv]
[2026.06.06-18.16.56:258][  0]LogCSLocTools: Attempting to register CSV String Table with path [C:/Program Files (x86)/Steam/steamapps/common/Satisfactory/FactoryGame/Content/Localization/StringTables/Equipment_Data.csv] and root folder [C:/Program Files (x86)/Steam/steamapps/common/Satisfactory/FactoryGame/Content/Localization/StringTables]
[2026.06.06-18.16.56:258][  0]LogCSLocTools: Deriving CSV String Table ID: After removing root [Equipment_Data.csv]
[2026.06.06-18.16.56:258][  0]LogCSLocTools: Deriving CSV String Table ID: Final [Equipment_Data]
[2026.06.06-18.16.56:258][  0]LogCSLocTools: Registering CSV String Table Equipment_Data at Content/Localization/StringTables/Equipment_Data.csv
[2026.06.06-18.16.56:259][  0]LogCSLocTools: IterateDirectoryRecursively reached [../../../FactoryGame/Content/Localization/StringTables/FICSMAS_Data.csv]
[2026.06.06-18.16.56:259][  0]LogCSLocTools: IterateDirectoryRecursively reached (FullPath) [C:/Program Files (x86)/Steam/steamapps/common/Satisfactory/FactoryGame/Content/Localization/StringTables/FICSMAS_Data.csv]
[2026.06.06-18.16.56:259][  0]LogCSLocTools: Attempting to register CSV String Table with path [C:/Program Files (x86)/Steam/steamapps/common/Satisfactory/FactoryGame/Content/Localization/StringTables/FICSMAS_Data.csv] and root folder [C:/Program Files (x86)/Steam/steamapps/common/Satisfactory/FactoryGame/Content/Localization/StringTables]
[2026.06.06-18.16.56:259][  0]LogCSLocTools: Deriving CSV String Table ID: After removing root [FICSMAS_Data.csv]
[2026.06.06-18.16.56:259][  0]LogCSLocTools: Deriving CSV String Table ID: Final [FICSMAS_Data]
[2026.06.06-18.16.56:259][  0]LogCSLocTools: Registering CSV String Table FICSMAS_Data at Content/Localization/StringTables/FICSMAS_Data.csv
[2026.06.06-18.16.56:259][  0]LogCSLocTools: IterateDirectoryRecursively reached [../../../FactoryGame/Content/Localization/StringTables/FICSMAS_UI.csv]
[2026.06.06-18.16.56:259][  0]LogCSLocTools: IterateDirectoryRecursively reached (FullPath) [C:/Program Files (x86)/Steam/steamapps/common/Satisfactory/FactoryGame/Content/Localization/StringTables/FICSMAS_UI.csv]
[2026.06.06-18.16.56:259][  0]LogCSLocTools: Attempting to register CSV String Table with path [C:/Program Files (x86)/Steam/steamapps/common/Satisfactory/FactoryGame/Content/Localization/StringTables/FICSMAS_UI.csv] and root folder [C:/Program Files (x86)/Steam/steamapps/common/Satisfactory/FactoryGame/Content/Localization/StringTables]
[2026.06.06-18.16.56:259][  0]LogCSLocTools: Deriving CSV String Table ID: After removing root [FICSMAS_UI.csv]
[2026.06.06-18.16.56:259][  0]LogCSLocTools: Deriving CSV String Table ID: Final [FICSMAS_UI]
[2026.06.06-18.16.56:259][  0]LogCSLocTools: Registering CSV String Table FICSMAS_UI at Content/Localization/StringTables/FICSMAS_UI.csv
[2026.06.06-18.16.56:259][  0]LogCSLocTools: IterateDirectoryRecursively reached [../../../FactoryGame/Content/Localization/StringTables/Gamepads_UI.csv]
[2026.06.06-18.16.56:259][  0]LogCSLocTools: IterateDirectoryRecursively reached (FullPath) [C:/Program Files (x86)/Steam/steamapps/common/Satisfactory/FactoryGame/Content/Localization/StringTables/Gamepads_UI.csv]
[2026.06.06-18.16.56:259][  0]LogCSLocTools: Attempting to register CSV String Table with path [C:/Program Files (x86)/Steam/steamapps/common/Satisfactory/FactoryGame/Content/Localization/StringTables/Gamepads_UI.csv] and root folder [C:/Program Files (x86)/Steam/steamapps/common/Satisfactory/FactoryGame/Content/Localization/StringTables]
[2026.06.06-18.16.56:259][  0]LogCSLocTools: Deriving CSV String Table ID: After removing root [Gamepads_UI.csv]
[2026.06.06-18.16.56:259][  0]LogCSLocTools: Deriving CSV String Table ID: Final [Gamepads_UI]
[2026.06.06-18.16.56:259][  0]LogCSLocTools: Registering CSV String Table Gamepads_UI at Content/Localization/StringTables/Gamepads_UI.csv
[2026.06.06-18.16.56:261][  0]LogCSLocTools: IterateDirectoryRecursively reached [../../../FactoryGame/Content/Localization/StringTables/GamepadsMappings_UI.csv]
[2026.06.06-18.16.56:261][  0]LogCSLocTools: IterateDirectoryRecursively reached (FullPath) [C:/Program Files (x86)/Steam/steamapps/common/Satisfactory/FactoryGame/Content/Localization/StringTables/GamepadsMappings_UI.csv]
[2026.06.06-18.16.56:261][  0]LogCSLocTools: Attempting to register CSV String Table with path [C:/Program Files (x86)/Steam/steamapps/common/Satisfactory/FactoryGame/Content/Localization/StringTables/GamepadsMappings_UI.csv] and root folder [C:/Program Files (x86)/Steam/steamapps/common/Satisfactory/FactoryGame/Content/Localization/StringTables]
[2026.06.06-18.16.56:261][  0]LogCSLocTools: Deriving CSV String Table ID: After removing root [GamepadsMappings_UI.csv]
[2026.06.06-18.16.56:261][  0]LogCSLocTools: Deriving CSV String Table ID: Final [GamepadsMappings_UI]
[2026.06.06-18.16.56:261][  0]LogCSLocTools: Registering CSV String Table GamepadsMappings_UI at Content/Localization/StringTables/GamepadsMappings_UI.csv
[2026.06.06-18.16.56:261][  0]LogCSLocTools: IterateDirectoryRecursively reached [../../../FactoryGame/Content/Localization/StringTables/General_UI.csv]
[2026.06.06-18.16.56:261][  0]LogCSLocTools: IterateDirectoryRecursively reached (FullPath) [C:/Program Files (x86)/Steam/steamapps/common/Satisfactory/FactoryGame/Content/Localization/StringTables/General_UI.csv]
[2026.06.06-18.16.56:261][  0]LogCSLocTools: Attempting to register CSV String Table with path [C:/Program Files (x86)/Steam/steamapps/common/Satisfactory/FactoryGame/Content/Localization/StringTables/General_UI.csv] and root folder [C:/Program Files (x86)/Steam/steamapps/common/Satisfactory/FactoryGame/Content/Localization/StringTables]
[2026.06.06-18.16.56:261][  0]LogCSLocTools: Deriving CSV String Table ID: After removing root [General_UI.csv]
[2026.06.06-18.16.56:261][  0]LogCSLocTools: Deriving CSV String Table ID: Final [General_UI]
[2026.06.06-18.16.56:261][  0]LogCSLocTools: Registering CSV String Table General_UI at Content/Localization/StringTables/General_UI.csv
[2026.06.06-18.16.56:262][  0]LogCSLocTools: IterateDirectoryRecursively reached [../../../FactoryGame/Content/Localization/StringTables/HUB_UI.csv]
[2026.06.06-18.16.56:262][  0]LogCSLocTools: IterateDirectoryRecursively reached (FullPath) [C:/Program Files (x86)/Steam/steamapps/common/Satisfactory/FactoryGame/Content/Localization/StringTables/HUB_UI.csv]
[2026.06.06-18.16.56:262][  0]LogCSLocTools: Attempting to register CSV String Table with path [C:/Program Files (x86)/Steam/steamapps/common/Satisfactory/FactoryGame/Content/Localization/StringTables/HUB_UI.csv] and root folder [C:/Program Files (x86)/Steam/steamapps/common/Satisfactory/FactoryGame/Content/Localization/StringTables]
[2026.06.06-18.16.56:262][  0]LogCSLocTools: Deriving CSV String Table ID: After removing root [HUB_UI.csv]
[2026.06.06-18.16.56:262][  0]LogCSLocTools: Deriving CSV String Table ID: Final [HUB_UI]
[2026.06.06-18.16.56:262][  0]LogCSLocTools: Registering CSV String Table HUB_UI at Content/Localization/StringTables/HUB_UI.csv
[2026.06.06-18.16.56:262][  0]LogCSLocTools: IterateDirectoryRecursively reached [../../../FactoryGame/Content/Localization/StringTables/IconLibrary_Data.csv]
[2026.06.06-18.16.56:262][  0]LogCSLocTools: IterateDirectoryRecursively reached (FullPath) [C:/Program Files (x86)/Steam/steamapps/common/Satisfactory/FactoryGame/Content/Localization/StringTables/IconLibrary_Data.csv]
[2026.06.06-18.16.56:262][  0]LogCSLocTools: Attempting to register CSV String Table with path [C:/Program Files (x86)/Steam/steamapps/common/Satisfactory/FactoryGame/Content/Localization/StringTables/IconLibrary_Data.csv] and root folder [C:/Program Files (x86)/Steam/steamapps/common/Satisfactory/FactoryGame/Content/Localization/StringTables]
[2026.06.06-18.16.56:262][  0]LogCSLocTools: Deriving CSV String Table ID: After removing root [IconLibrary_Data.csv]
[2026.06.06-18.16.56:262][  0]LogCSLocTools: Deriving CSV String Table ID: Final [IconLibrary_Data]
[2026.06.06-18.16.56:262][  0]LogCSLocTools: Registering CSV String Table IconLibrary_Data at Content/Localization/StringTables/IconLibrary_Data.csv
[2026.06.06-18.16.56:262][  0]LogCSLocTools: IterateDirectoryRecursively reached [../../../FactoryGame/Content/Localization/StringTables/Items_Data.csv]
[2026.06.06-18.16.56:262][  0]LogCSLocTools: IterateDirectoryRecursively reached (FullPath) [C:/Program Files (x86)/Steam/steamapps/common/Satisfactory/FactoryGame/Content/Localization/StringTables/Items_Data.csv]
[2026.06.06-18.16.56:263][  0]LogCSLocTools: Attempting to register CSV String Table with path [C:/Program Files (x86)/Steam/steamapps/common/Satisfactory/FactoryGame/Content/Localization/StringTables/Items_Data.csv] and root folder [C:/Program Files (x86)/Steam/steamapps/common/Satisfactory/FactoryGame/Content/Localization/StringTables]
[2026.06.06-18.16.56:263][  0]LogCSLocTools: Deriving CSV String Table ID: After removing root [Items_Data.csv]
[2026.06.06-18.16.56:263][  0]LogCSLocTools: Deriving CSV String Table ID: Final [Items_Data]
[2026.06.06-18.16.56:263][  0]LogCSLocTools: Registering CSV String Table Items_Data at Content/Localization/StringTables/Items_Data.csv
[2026.06.06-18.16.56:266][  0]LogCSLocTools: IterateDirectoryRecursively reached [../../../FactoryGame/Content/Localization/StringTables/MAM_Data.csv]
[2026.06.06-18.16.56:266][  0]LogCSLocTools: IterateDirectoryRecursively reached (FullPath) [C:/Program Files (x86)/Steam/steamapps/common/Satisfactory/FactoryGame/Content/Localization/StringTables/MAM_Data.csv]
[2026.06.06-18.16.56:266][  0]LogCSLocTools: Attempting to register CSV String Table with path [C:/Program Files (x86)/Steam/steamapps/common/Satisfactory/FactoryGame/Content/Localization/StringTables/MAM_Data.csv] and root folder [C:/Program Files (x86)/Steam/steamapps/common/Satisfactory/FactoryGame/Content/Localization/StringTables]
[2026.06.06-18.16.56:266][  0]LogCSLocTools: Deriving CSV String Table ID: After removing root [MAM_Data.csv]
[2026.06.06-18.16.56:266][  0]LogCSLocTools: Deriving CSV String Table ID: Final [MAM_Data]
[2026.06.06-18.16.56:266][  0]LogCSLocTools: Registering CSV String Table MAM_Data at Content/Localization/StringTables/MAM_Data.csv
[2026.06.06-18.16.56:267][  0]LogCSLocTools: IterateDirectoryRecursively reached [../../../FactoryGame/Content/Localization/StringTables/MAM_UI.csv]
[2026.06.06-18.16.56:267][  0]LogCSLocTools: IterateDirectoryRecursively reached (FullPath) [C:/Program Files (x86)/Steam/steamapps/common/Satisfactory/FactoryGame/Content/Localization/StringTables/MAM_UI.csv]
[2026.06.06-18.16.56:267][  0]LogCSLocTools: Attempting to register CSV String Table with path [C:/Program Files (x86)/Steam/steamapps/common/Satisfactory/FactoryGame/Content/Localization/StringTables/MAM_UI.csv] and root folder [C:/Program Files (x86)/Steam/steamapps/common/Satisfactory/FactoryGame/Content/Localization/StringTables]
[2026.06.06-18.16.56:267][  0]LogCSLocTools: Deriving CSV String Table ID: After removing root [MAM_UI.csv]
[2026.06.06-18.16.56:267][  0]LogCSLocTools: Deriving CSV String Table ID: Final [MAM_UI]
[2026.06.06-18.16.56:267][  0]LogCSLocTools: Registering CSV String Table MAM_UI at Content/Localization/StringTables/MAM_UI.csv
[2026.06.06-18.16.56:268][  0]LogCSLocTools: IterateDirectoryRecursively reached [../../../FactoryGame/Content/Localization/StringTables/Map_UI.csv]
[2026.06.06-18.16.56:268][  0]LogCSLocTools: IterateDirectoryRecursively reached (FullPath) [C:/Program Files (x86)/Steam/steamapps/common/Satisfactory/FactoryGame/Content/Localization/StringTables/Map_UI.csv]
[2026.06.06-18.16.56:268][  0]LogCSLocTools: Attempting to register CSV String Table with path [C:/Program Files (x86)/Steam/steamapps/common/Satisfactory/FactoryGame/Content/Localization/StringTables/Map_UI.csv] and root folder [C:/Program Files (x86)/Steam/steamapps/common/Satisfactory/FactoryGame/Content/Localization/StringTables]
[2026.06.06-18.16.56:268][  0]LogCSLocTools: Deriving CSV String Table ID: After removing root [Map_UI.csv]
[2026.06.06-18.16.56:268][  0]LogCSLocTools: Deriving CSV String Table ID: Final [Map_UI]
[2026.06.06-18.16.56:268][  0]LogCSLocTools: Registering CSV String Table Map_UI at Content/Localization/StringTables/Map_UI.csv
[2026.06.06-18.16.56:268][  0]LogCSLocTools: IterateDirectoryRecursively reached [../../../FactoryGame/Content/Localization/StringTables/Menus_UI.csv]
[2026.06.06-18.16.56:268][  0]LogCSLocTools: IterateDirectoryRecursively reached (FullPath) [C:/Program Files (x86)/Steam/steamapps/common/Satisfactory/FactoryGame/Content/Localization/StringTables/Menus_UI.csv]
[2026.06.06-18.16.56:268][  0]LogCSLocTools: Attempting to register CSV String Table with path [C:/Program Files (x86)/Steam/steamapps/common/Satisfactory/FactoryGame/Content/Localization/StringTables/Menus_UI.csv] and root folder [C:/Program Files (x86)/Steam/steamapps/common/Satisfactory/FactoryGame/Content/Localization/StringTables]
[2026.06.06-18.16.56:268][  0]LogCSLocTools: Deriving CSV String Table ID: After removing root [Menus_UI.csv]
[2026.06.06-18.16.56:268][  0]LogCSLocTools: Deriving CSV String Table ID: Final [Menus_UI]
[2026.06.06-18.16.56:268][  0]LogCSLocTools: Registering CSV String Table Menus_UI at Content/Localization/StringTables/Menus_UI.csv
[2026.06.06-18.16.56:273][  0]LogCSLocTools: IterateDirectoryRecursively reached [../../../FactoryGame/Content/Localization/StringTables/Messages_UI.csv]
[2026.06.06-18.16.56:273][  0]LogCSLocTools: IterateDirectoryRecursively reached (FullPath) [C:/Program Files (x86)/Steam/steamapps/common/Satisfactory/FactoryGame/Content/Localization/StringTables/Messages_UI.csv]
[2026.06.06-18.16.56:273][  0]LogCSLocTools: Attempting to register CSV String Table with path [C:/Program Files (x86)/Steam/steamapps/common/Satisfactory/FactoryGame/Content/Localization/StringTables/Messages_UI.csv] and root folder [C:/Program Files (x86)/Steam/steamapps/common/Satisfactory/FactoryGame/Content/Localization/StringTables]
[2026.06.06-18.16.56:273][  0]LogCSLocTools: Deriving CSV String Table ID: After removing root [Messages_UI.csv]
[2026.06.06-18.16.56:273][  0]LogCSLocTools: Deriving CSV String Table ID: Final [Messages_UI]
[2026.06.06-18.16.56:273][  0]LogCSLocTools: Registering CSV String Table Messages_UI at Content/Localization/StringTables/Messages_UI.csv
[2026.06.06-18.16.56:274][  0]LogCSLocTools: IterateDirectoryRecursively reached [../../../FactoryGame/Content/Localization/StringTables/Minigame_UI.csv]
[2026.06.06-18.16.56:274][  0]LogCSLocTools: IterateDirectoryRecursively reached (FullPath) [C:/Program Files (x86)/Steam/steamapps/common/Satisfactory/FactoryGame/Content/Localization/StringTables/Minigame_UI.csv]
[2026.06.06-18.16.56:274][  0]LogCSLocTools: Attempting to register CSV String Table with path [C:/Program Files (x86)/Steam/steamapps/common/Satisfactory/FactoryGame/Content/Localization/StringTables/Minigame_UI.csv] and root folder [C:/Program Files (x86)/Steam/steamapps/common/Satisfactory/FactoryGame/Content/Localization/StringTables]
[2026.06.06-18.16.56:274][  0]LogCSLocTools: Deriving CSV String Table ID: After removing root [Minigame_UI.csv]
[2026.06.06-18.16.56:274][  0]LogCSLocTools: Deriving CSV String Table ID: Final [Minigame_UI]
[2026.06.06-18.16.56:274][  0]LogCSLocTools: Registering CSV String Table Minigame_UI at Content/Localization/StringTables/Minigame_UI.csv
[2026.06.06-18.16.56:274][  0]LogCSLocTools: IterateDirectoryRecursively reached [../../../FactoryGame/Content/Localization/StringTables/Onboarding.csv]
[2026.06.06-18.16.56:274][  0]LogCSLocTools: IterateDirectoryRecursively reached (FullPath) [C:/Program Files (x86)/Steam/steamapps/common/Satisfactory/FactoryGame/Content/Localization/StringTables/Onboarding.csv]
[2026.06.06-18.16.56:274][  0]LogCSLocTools: Attempting to register CSV String Table with path [C:/Program Files (x86)/Steam/steamapps/common/Satisfactory/FactoryGame/Content/Localization/StringTables/Onboarding.csv] and root folder [C:/Program Files (x86)/Steam/steamapps/common/Satisfactory/FactoryGame/Content/Localization/StringTables]
[2026.06.06-18.16.56:274][  0]LogCSLocTools: Deriving CSV String Table ID: After removing root [Onboarding.csv]
[2026.06.06-18.16.56:274][  0]LogCSLocTools: Deriving CSV String Table ID: Final [Onboarding]
[2026.06.06-18.16.56:274][  0]LogCSLocTools: Registering CSV String Table Onboarding at Content/Localization/StringTables/Onboarding.csv
[2026.06.06-18.16.56:275][  0]LogCSLocTools: IterateDirectoryRecursively reached [../../../FactoryGame/Content/Localization/StringTables/Options_Data.csv]
[2026.06.06-18.16.56:275][  0]LogCSLocTools: IterateDirectoryRecursively reached (FullPath) [C:/Program Files (x86)/Steam/steamapps/common/Satisfactory/FactoryGame/Content/Localization/StringTables/Options_Data.csv]
[2026.06.06-18.16.56:275][  0]LogCSLocTools: Attempting to register CSV String Table with path [C:/Program Files (x86)/Steam/steamapps/common/Satisfactory/FactoryGame/Content/Localization/StringTables/Options_Data.csv] and root folder [C:/Program Files (x86)/Steam/steamapps/common/Satisfactory/FactoryGame/Content/Localization/StringTables]
[2026.06.06-18.16.56:275][  0]LogCSLocTools: Deriving CSV String Table ID: After removing root [Options_Data.csv]
[2026.06.06-18.16.56:275][  0]LogCSLocTools: Deriving CSV String Table ID: Final [Options_Data]
[2026.06.06-18.16.56:275][  0]LogCSLocTools: Registering CSV String Table Options_Data at Content/Localization/StringTables/Options_Data.csv
[2026.06.06-18.16.56:280][  0]LogCSLocTools: IterateDirectoryRecursively reached [../../../FactoryGame/Content/Localization/StringTables/OptionsInputs_Data.csv]
[2026.06.06-18.16.56:280][  0]LogCSLocTools: IterateDirectoryRecursively reached (FullPath) [C:/Program Files (x86)/Steam/steamapps/common/Satisfactory/FactoryGame/Content/Localization/StringTables/OptionsInputs_Data.csv]
[2026.06.06-18.16.56:280][  0]LogCSLocTools: Attempting to register CSV String Table with path [C:/Program Files (x86)/Steam/steamapps/common/Satisfactory/FactoryGame/Content/Localization/StringTables/OptionsInputs_Data.csv] and root folder [C:/Program Files (x86)/Steam/steamapps/common/Satisfactory/FactoryGame/Content/Localization/StringTables]
[2026.06.06-18.16.56:280][  0]LogCSLocTools: Deriving CSV String Table ID: After removing root [OptionsInputs_Data.csv]
[2026.06.06-18.16.56:280][  0]LogCSLocTools: Deriving CSV String Table ID: Final [OptionsInputs_Data]
[2026.06.06-18.16.56:280][  0]LogCSLocTools: Registering CSV String Table OptionsInputs_Data at Content/Localization/StringTables/OptionsInputs_Data.csv
[2026.06.06-18.16.56:281][  0]LogCSLocTools: IterateDirectoryRecursively reached [../../../FactoryGame/Content/Localization/StringTables/Player_UI.csv]
[2026.06.06-18.16.56:281][  0]LogCSLocTools: IterateDirectoryRecursively reached (FullPath) [C:/Program Files (x86)/Steam/steamapps/common/Satisfactory/FactoryGame/Content/Localization/StringTables/Player_UI.csv]
[2026.06.06-18.16.56:281][  0]LogCSLocTools: Attempting to register CSV String Table with path [C:/Program Files (x86)/Steam/steamapps/common/Satisfactory/FactoryGame/Content/Localization/StringTables/Player_UI.csv] and root folder [C:/Program Files (x86)/Steam/steamapps/common/Satisfactory/FactoryGame/Content/Localization/StringTables]
[2026.06.06-18.16.56:281][  0]LogCSLocTools: Deriving CSV String Table ID: After removing root [Player_UI.csv]
[2026.06.06-18.16.56:281][  0]LogCSLocTools: Deriving CSV String Table ID: Final [Player_UI]
[2026.06.06-18.16.56:281][  0]LogCSLocTools: Registering CSV String Table Player_UI at Content/Localization/StringTables/Player_UI.csv
[2026.06.06-18.16.56:284][  0]LogCSLocTools: IterateDirectoryRecursively reached [../../../FactoryGame/Content/Localization/StringTables/Schematics_Data.csv]
[2026.06.06-18.16.56:284][  0]LogCSLocTools: IterateDirectoryRecursively reached (FullPath) [C:/Program Files (x86)/Steam/steamapps/common/Satisfactory/FactoryGame/Content/Localization/StringTables/Schematics_Data.csv]
[2026.06.06-18.16.56:284][  0]LogCSLocTools: Attempting to register CSV String Table with path [C:/Program Files (x86)/Steam/steamapps/common/Satisfactory/FactoryGame/Content/Localization/StringTables/Schematics_Data.csv] and root folder [C:/Program Files (x86)/Steam/steamapps/common/Satisfactory/FactoryGame/Content/Localization/StringTables]
[2026.06.06-18.16.56:284][  0]LogCSLocTools: Deriving CSV String Table ID: After removing root [Schematics_Data.csv]
[2026.06.06-18.16.56:284][  0]LogCSLocTools: Deriving CSV String Table ID: Final [Schematics_Data]
[2026.06.06-18.16.56:284][  0]LogCSLocTools: Registering CSV String Table Schematics_Data at Content/Localization/StringTables/Schematics_Data.csv
[2026.06.06-18.16.56:285][  0]LogCSLocTools: IterateDirectoryRecursively reached [../../../FactoryGame/Content/Localization/StringTables/Transportation_UI.csv]
[2026.06.06-18.16.56:285][  0]LogCSLocTools: IterateDirectoryRecursively reached (FullPath) [C:/Program Files (x86)/Steam/steamapps/common/Satisfactory/FactoryGame/Content/Localization/StringTables/Transportation_UI.csv]
[2026.06.06-18.16.56:285][  0]LogCSLocTools: Attempting to register CSV String Table with path [C:/Program Files (x86)/Steam/steamapps/common/Satisfactory/FactoryGame/Content/Localization/StringTables/Transportation_UI.csv] and root folder [C:/Program Files (x86)/Steam/steamapps/common/Satisfactory/FactoryGame/Content/Localization/StringTables]
[2026.06.06-18.16.56:285][  0]LogCSLocTools: Deriving CSV String Table ID: After removing root [Transportation_UI.csv]
[2026.06.06-18.16.56:285][  0]LogCSLocTools: Deriving CSV String Table ID: Final [Transportation_UI]
[2026.06.06-18.16.56:285][  0]LogCSLocTools: Registering CSV String Table Transportation_UI at Content/Localization/StringTables/Transportation_UI.csv
[2026.06.06-18.16.56:287][  0]LogCSLocTools: IterateDirectoryRecursively reached [../../../FactoryGame/Content/Localization/StringTables/Units_UI.csv]
[2026.06.06-18.16.56:287][  0]LogCSLocTools: IterateDirectoryRecursively reached (FullPath) [C:/Program Files (x86)/Steam/steamapps/common/Satisfactory/FactoryGame/Content/Localization/StringTables/Units_UI.csv]
[2026.06.06-18.16.56:287][  0]LogCSLocTools: Attempting to register CSV String Table with path [C:/Program Files (x86)/Steam/steamapps/common/Satisfactory/FactoryGame/Content/Localization/StringTables/Units_UI.csv] and root folder [C:/Program Files (x86)/Steam/steamapps/common/Satisfactory/FactoryGame/Content/Localization/StringTables]
[2026.06.06-18.16.56:287][  0]LogCSLocTools: Deriving CSV String Table ID: After removing root [Units_UI.csv]
[2026.06.06-18.16.56:287][  0]LogCSLocTools: Deriving CSV String Table ID: Final [Units_UI]
[2026.06.06-18.16.56:287][  0]LogCSLocTools: Registering CSV String Table Units_UI at Content/Localization/StringTables/Units_UI.csv
[2026.06.06-18.16.56:287][  0]LogCSLocTools: IterateDirectoryRecursively reached [../../../FactoryGame/Content/Localization/StringTables/World_Data.csv]
[2026.06.06-18.16.56:287][  0]LogCSLocTools: IterateDirectoryRecursively reached (FullPath) [C:/Program Files (x86)/Steam/steamapps/common/Satisfactory/FactoryGame/Content/Localization/StringTables/World_Data.csv]
[2026.06.06-18.16.56:288][  0]LogCSLocTools: Attempting to register CSV String Table with path [C:/Program Files (x86)/Steam/steamapps/common/Satisfactory/FactoryGame/Content/Localization/StringTables/World_Data.csv] and root folder [C:/Program Files (x86)/Steam/steamapps/common/Satisfactory/FactoryGame/Content/Localization/StringTables]
[2026.06.06-18.16.56:288][  0]LogCSLocTools: Deriving CSV String Table ID: After removing root [World_Data.csv]
[2026.06.06-18.16.56:288][  0]LogCSLocTools: Deriving CSV String Table ID: Final [World_Data]
[2026.06.06-18.16.56:288][  0]LogCSLocTools: Registering CSV String Table World_Data at Content/Localization/StringTables/World_Data.csv
[2026.06.06-18.16.56:423][  0]LogSockets: SteamSockets: Initializing Network Relay
[2026.06.06-18.16.56:437][  0]LogUObjectArray: 42703 objects as part of root set at end of initial load.
[2026.06.06-18.16.56:437][  0]LogUObjectArray: 9 objects are not in the root set, but can never be destroyed because they are in the DisregardForGC set.
[2026.06.06-18.16.56:437][  0]LogUObjectArray: CloseDisregardForGC: 42703/42703 objects in disregard for GC pool
[2026.06.06-18.16.56:466][  0]LogMoviePlayer: Warning: PassLoadingScreenWindowBackToGame failed.  No Window
[2026.06.06-18.16.56:466][  0]LogEngine: Initializing Engine...
[2026.06.06-18.16.56:468][  0]LogGameFeatures: Initializing game features subsystem
[2026.06.06-18.16.56:468][  0]LogSentrySdk: Sentry plugin auto initialization: false
[2026.06.06-18.16.56:468][  0]LogSentrySdk: Using current project name and version as Sentry release.
[2026.06.06-18.16.56:468][  0]LogSentrySdk: Using current build configuration as Sentry environment.
[2026.06.06-18.16.56:468][  0]LogSentrySdk: using database path "C:\Users\cheva\AppData\Local\FactoryGame\.sentry-native"
[2026.06.06-18.16.56:472][  0]LogSentrySdk: Verbose: starting transport
[2026.06.06-18.16.56:475][  0]LogSentrySdk: Verbose: starting background worker thread
[2026.06.06-18.16.56:475][  0]LogSentrySdk: Verbose: starting backend
[2026.06.06-18.16.56:476][  0]LogSentrySdk: Verbose: starting crashpad backend with handler "C:\Program Files (x86)\Steam\steamapps\common\Satisfactory\FactoryGame\Plugins\Sentry\Binaries\Win64\crashpad_handler.exe"
[2026.06.06-18.16.56:477][  0]LogSentrySdk: Verbose: background worker thread started
[2026.06.06-18.16.56:478][  0]LogSentrySdk: Verbose: using minidump URL "https://o4510000618995712.ingest.de.sentry.io:443/api/4510000622141520/minidump/?sentry_client=sentry.native.unreal/0.10.1&sentry_key=ce9e39afc0e16e3b66a9b309fe98f23b"
[2026.06.06-18.16.56:538][  0]LogSentrySdk: Verbose: registering crashpad WER handler "C:\Program Files (x86)\Steam\steamapps\common\Satisfactory\FactoryGame\Plugins\Sentry\Binaries\Win64\crashpad_wer.dll"
[2026.06.06-18.16.56:538][  0]LogSentrySdk: started crashpad client handler
[2026.06.06-18.16.56:541][  0]LogSentrySdk: Verbose: processing and pruning old runs
[2026.06.06-18.16.56:547][  0]LogSentrySdk: Sentry initialization completed with result 0 (0 on success).
[2026.06.06-18.16.56:547][  0]LogSentrySdk: Using current build configuration as Sentry environment.
[2026.06.06-18.16.56:547][  0]LogSentrySdk: Using current project name and version as Sentry release.
[2026.06.06-18.16.56:550][  0]LogWindows: Attached monitors:
[2026.06.06-18.16.56:550][  0]LogWindows:     resolution: 1600x1000, work area: (0, 0) -> (1600, 952), device: '\\.\DISPLAY1' [PRIMARY]
[2026.06.06-18.16.56:550][  0]LogWindows: Found 1 attached monitors.
[2026.06.06-18.16.56:550][  0]LogWindows: Gathering driver information using Windows Setup API
[2026.06.06-18.16.56:590][  0]LogAssetManager: Display: Ignoring PrimaryAssetType Profiling - Conflicts with Map - Asset: Map_UI-Profile
[2026.06.06-18.16.56:592][  0]LogGameFeatures: Scanning for built-in game feature plugins
[2026.06.06-18.16.56:592][  0]LogGameFeatures: Loading 207 builtins. Not Amortized
[2026.06.06-18.16.56:593][  0]LogStats: BuiltInGameFeaturePlugins loaded. -  0.001 s
[2026.06.06-18.16.56:593][  0]LogNetVersion: Set ProjectVersion to 0. Version Checksum will be recalculated on next use.
[2026.06.06-18.16.56:593][  0]LogInit: Texture streaming: Enabled
[2026.06.06-18.16.56:594][  0]LogAudio: Display: Initializing Audio Device Manager...
[2026.06.06-18.16.56:597][  0]LogAudio: Display: Loading Default Audio Settings Objects...
[2026.06.06-18.16.56:598][  0]LogStreaming: Warning: LoadPackage: SkipPackage: /Engine/EngineSounds/Master (0x2E389D768EDF70E6) - The package to load does not exist on disk or in the loader
[2026.06.06-18.16.56:598][  0]LogUObjectGlobals: Warning: Не удалось найти объект 'Object /Engine/EngineSounds/Master.Master'
[2026.06.06-18.16.56:598][  0]LogAudio: Warning: Failed to load Default SoundClassObject from path '/Engine/EngineSounds/Master.Master'.  Attempting to fall back to engine default.
[2026.06.06-18.16.56:599][  0]LogUObjectGlobals: Warning: Не удалось найти объект 'Object Нет./Engine/EngineSounds/Master'
[2026.06.06-18.16.56:599][  0]LogAudio: Error: Failed to load Default SoundClassObject from path '/Engine/EngineSounds/Master'.
[2026.06.06-18.16.56:599][  0]LogAudio: Display: No default MediaSoundClassObject specified (or failed to load).
[2026.06.06-18.16.56:599][  0]LogAudio: Display: No default SoundConcurrencyObject specified (or failed to load).
[2026.06.06-18.16.56:599][  0]LogAudio: Display: Audio Device Manager Initialized
[2026.06.06-18.16.56:599][  0]LogAudio: Display: Creating Audio Device:                 Id: 1, Scope: Shared, Realtime: True
[2026.06.06-18.16.56:599][  0]LogAudioMixer: Display: Audio Mixer Platform Settings:
[2026.06.06-18.16.56:599][  0]LogAudioMixer: Display: 	Sample Rate:						  48000
[2026.06.06-18.16.56:599][  0]LogAudioMixer: Display: 	Callback Buffer Frame Size Requested: 1024
[2026.06.06-18.16.56:599][  0]LogAudioMixer: Display: 	Callback Buffer Frame Size To Use:	  1024
[2026.06.06-18.16.56:599][  0]LogAudioMixer: Display: 	Number of buffers to queue:			  1
[2026.06.06-18.16.56:599][  0]LogAudioMixer: Display: 	Max Channels (voices):				  32
[2026.06.06-18.16.56:599][  0]LogAudioMixer: Display: 	Number of Async Source Workers:		  4
[2026.06.06-18.16.56:599][  0]LogAudio: Display: AudioDevice MaxSources: 32
[2026.06.06-18.16.56:599][  0]LogAudio: Display: Audio Spatialization Plugin: None (built-in).
[2026.06.06-18.16.56:599][  0]LogAudio: Display: Audio Reverb Plugin: None (built-in).
[2026.06.06-18.16.56:599][  0]LogAudio: Display: Audio Occlusion Plugin: None (built-in).
[2026.06.06-18.16.56:609][  0]LogAudioMixer: Display: Initializing audio mixer using platform API: 'XAudio2'
[2026.06.06-18.16.56:653][  0]LogAudioMixer: Display: Using Audio Hardware Device Headphones (Realtek(R) Audio)
[2026.06.06-18.16.56:653][  0]LogAudioMixer: Display: Initializing Sound Submixes...
[2026.06.06-18.16.56:654][  0]LogStreaming: Warning: LoadPackage: SkipPackage: /Engine/EngineSounds/Submixes/MasterSubmixDefault (0x41D2CF6042D559B0) - The package to load does not exist on disk or in the loader
[2026.06.06-18.16.56:654][  0]LogUObjectGlobals: Warning: Не удалось найти объект 'Object /Engine/EngineSounds/Submixes/MasterSubmixDefault.MasterSubmixDefault'
[2026.06.06-18.16.56:654][  0]LogAudioMixer: Display: Submix unset or invalid in 'AudioSettings': Using engine asset 'MasterSubmixDefault'
[2026.06.06-18.16.56:655][  0]LogAudioMixer: Error: Failed to load submix from engine asset path '/Engine/EngineSounds/Submixes/MasterSubmixDefault.MasterSubmixDefault'. Creating 'MasterSubmixDefault' as a stub.
[2026.06.06-18.16.56:655][  0]LogAudioMixer: Display: Creating Master Submix 'MasterSubmixDefault'
[2026.06.06-18.16.56:655][  0]LogStreaming: Warning: LoadPackage: SkipPackage: /Engine/EngineSounds/Submixes/MasterReverbSubmixDefault (0x5773467E2BCA0CD) - The package to load does not exist on disk or in the loader
[2026.06.06-18.16.56:655][  0]LogUObjectGlobals: Warning: Не удалось найти объект 'Object /Engine/EngineSounds/Submixes/MasterReverbSubmixDefault.MasterReverbSubmixDefault'
[2026.06.06-18.16.56:655][  0]LogAudioMixer: Display: Submix unset or invalid in 'AudioSettings': Using engine asset 'MasterReverbSubmixDefault'
[2026.06.06-18.16.56:655][  0]LogAudioMixer: Error: Failed to load submix from engine asset path '/Engine/EngineSounds/Submixes/MasterReverbSubmixDefault.MasterReverbSubmixDefault'. Creating 'MasterReverbSubmixDefault' as a stub.
[2026.06.06-18.16.56:655][  0]LogAudioMixer: Display: Creating Master Submix 'MasterReverbSubmixDefault'
[2026.06.06-18.16.56:655][  0]LogAudioMixer: FMixerPlatformXAudio2::StartAudioStream() called. InstanceID=1
[2026.06.06-18.16.56:655][  0]LogAudioMixer: Display: Output buffers initialized: Frames=1024, Channels=2, Samples=2048, InstanceID=1
[2026.06.06-18.16.56:657][  0]LogAudioMixer: Display: Starting AudioMixerPlatformInterface::RunInternal(), InstanceID=1
[2026.06.06-18.16.56:657][  0]LogAudioMixer: Display: FMixerPlatformXAudio2::SubmitBuffer() called for the first time. InstanceID=1
[2026.06.06-18.16.56:657][  0]LogInit: FAudioDevice initialized with ID 1.
[2026.06.06-18.16.56:657][  0]LogUserSetting: DLSS is supported but not loaded, waiting for the module to be loaded before initializing user settings
[2026.06.06-18.16.56:657][  0]LogAudioMixer: Initializing Audio Bus Subsystem for audio device with ID 1
[2026.06.06-18.16.56:661][  0]LogGame: Error: IFGOptionInterfaceImpl::GetOptionValue - Could not find user setting with id 't.MaxFPS'
[2026.06.06-18.16.56:949][  0]LogStaticMesh: [SM_Beanata_01] Mesh is marked for CPU read.
[2026.06.06-18.16.57:534][  0]LogOnlineServices: Steam User is subscribed 1
[2026.06.06-18.16.57:534][  0]LogOnlineServices: [AppId: 526870] Client API initialized 1
[2026.06.06-18.16.57:535][  0]LogOnlineServices: 000002E1D11973D0 Steam online services instance initialize
[2026.06.06-18.16.57:535][  0]LogOnlineIntegration: Initialized 'STEAM' online backend
[2026.06.06-18.16.57:535][  0]LogOnlineIntegration: Initialized 'Epic' online backend
[2026.06.06-18.16.57:536][  0]LogCommonUser: Warning: HandleNetworkConnectionStatusChanged(Context:Platform, ServiceName:, OldStatus:Connected, NewStatus:Connected)
[2026.06.06-18.16.57:537][  0]LogCommonUser: Warning: HandleNetworkConnectionStatusChanged(Context:CrossPlay, ServiceName:, OldStatus:Connected, NewStatus:Connected)
[2026.06.06-18.16.57:540][  0]LogGame: Importing test saves....
[2026.06.06-18.16.57:540][  0]LogGame: Test saves imported!....
[2026.06.06-18.16.57:541][  0]LogGame: MaxNumBackupsaves: 25
[2026.06.06-18.16.57:543][  0]LogAudio: Display: Audio Device (ID: 1) registered with world 'Untitled'.
[2026.06.06-18.16.57:543][  0]LogSlate: Updating window title bar state: overlay mode, drag disabled, window buttons hidden, title bar hidden
[2026.06.06-18.16.57:544][  0]LogInit: Display: Game Engine Initialized.
[2026.06.06-18.16.57:544][  0]LogNetVersion: Set ProjectVersion to ++FactoryGame+rel-main-1.2.0-CL-491125. Version Checksum will be recalculated on next use.
[2026.06.06-18.16.57:557][  0]LogInit: OnPostEngineInit has been broadcasted successfully.
[2026.06.06-18.16.57:566][  0]LogDLSS: FDLSSModule::StartupModule Enter
[2026.06.06-18.16.57:566][  0]LogDLSS: PluginBaseDir ../../../FactoryGame/Plugins/DLSS
[2026.06.06-18.16.57:566][  0]LogDLSS: NGXBinariesDir ../../../FactoryGame/Plugins/DLSS/Binaries/ThirdParty/Win64/
[2026.06.06-18.16.57:566][  0]LogDLSS: GDynamicRHIName AMD D3D11
[2026.06.06-18.16.57:566][  0]LogDLSS: NVIDIA NGX DLSS requires an NVIDIA RTX series graphics card
[2026.06.06-18.16.57:566][  0]LogDLSS: NVIDIA NGX DLSS supported SR=0 RR=0
[2026.06.06-18.16.57:566][  0]LogDLSS: FDLSSModule::StartupModule Leave
[2026.06.06-18.16.57:566][  0]LogUserSetting: Initializing user settings
[2026.06.06-18.16.57:638][  0]LogSynthBenchmark: Display: FSynthBenchmark (V0.95):  requested WorkScale=10.00
[2026.06.06-18.16.57:638][  0]LogSynthBenchmark: Display: ===============
[2026.06.06-18.16.57:638][  0]LogSynthBenchmark: Display: Main Processor:
[2026.06.06-18.16.57:951][  0]LogSynthBenchmark: Display:          ... 0.015688 s/Run 'RayIntersect'
[2026.06.06-18.16.57:951][  0]LogSynthBenchmark: Display:          ... 0.015605 s/Run 'Fractal'
[2026.06.06-18.16.57:951][  0]LogSynthBenchmark: Display: 
[2026.06.06-18.16.57:951][  0]LogSynthBenchmark: Display:   CompiledTarget_x_Bits: 64
[2026.06.06-18.16.57:951][  0]LogSynthBenchmark: Display:   UE_BUILD_SHIPPING: 1
[2026.06.06-18.16.57:951][  0]LogSynthBenchmark: Display:   UE_BUILD_TEST: 0
[2026.06.06-18.16.57:951][  0]LogSynthBenchmark: Display:   UE_BUILD_DEBUG: 0
[2026.06.06-18.16.57:951][  0]LogSynthBenchmark: Display:   TotalPhysicalGBRam: 14
[2026.06.06-18.16.57:951][  0]LogSynthBenchmark: Display:   NumberOfCores (physical): 8
[2026.06.06-18.16.57:951][  0]LogSynthBenchmark: Display:   NumberOfCores (logical): 16
[2026.06.06-18.16.57:951][  0]LogSynthBenchmark: Display:   CPU Perf Index 0: 163.2 (weight 1.00)
[2026.06.06-18.16.57:951][  0]LogSynthBenchmark: Display:   CPU Perf Index 1: 183.3 (weight 1.50)
[2026.06.06-18.16.57:951][  0]LogSynthBenchmark: Display:  
[2026.06.06-18.16.57:951][  0]LogSynthBenchmark: Display: Graphics:
[2026.06.06-18.16.57:951][  0]LogSynthBenchmark: Display:   Adapter Name: 'AMD Radeon(TM) Graphics'
[2026.06.06-18.16.57:951][  0]LogSynthBenchmark: Display:   (On Optimus the name might be wrong, memory should be ok)
[2026.06.06-18.16.57:951][  0]LogSynthBenchmark: Display:   Vendor Id: 0x1002
[2026.06.06-18.16.57:951][  0]LogSynthBenchmark: Display:   Device Id: 0x1681
[2026.06.06-18.16.57:951][  0]LogSynthBenchmark: Display:   Device Revision: 0xA
[2026.06.06-18.16.57:951][  0]LogSynthBenchmark: Display:   GPU Memory: 2020/0/7011 MB
[2026.06.06-18.16.59:382][  0]LogSynthBenchmark: Display:   GPU warmup (round 1) test: 0.87s
[2026.06.06-18.16.59:382][  0]LogSynthBenchmark: Display:          ... 3.256 s/GigaPix, Confidence=51% 'ALUHeavyNoise' (likely to be inaccurate)
[2026.06.06-18.16.59:382][  0]LogSynthBenchmark: Display:          ... 4.951 s/GigaPix, Confidence=89% 'TexHeavy' (likely to be inaccurate)
[2026.06.06-18.16.59:382][  0]LogSynthBenchmark: Display:          ... 4.436 s/GigaPix, Confidence=100% 'DepTexHeavy' (likely to be inaccurate)
[2026.06.06-18.16.59:382][  0]LogSynthBenchmark: Display:          ... 30.145 s/GigaPix, Confidence=100% 'FillOnly' (likely to be inaccurate)
[2026.06.06-18.16.59:383][  0]LogSynthBenchmark: Display:          ... 0.571 s/GigaPix, Confidence=89% 'Bandwidth' (likely to be inaccurate)
[2026.06.06-18.16.59:383][  0]LogSynthBenchmark: Display:          ... 0.831 s/GigaVert, Confidence=100% 'VertThroughPut1' (likely to be inaccurate)
[2026.06.06-18.16.59:383][  0]LogSynthBenchmark: Display:          ... 1.502 s/GigaVert, Confidence=100% 'VertThroughPut2' (likely to be inaccurate)
[2026.06.06-18.17.01:077][  0]LogSynthBenchmark: Display:   GPU warmup (round 2) test: 0.83s
[2026.06.06-18.17.01:077][  0]LogSynthBenchmark: Display:          ... 6.790 s/GigaPix, Confidence=89% 'ALUHeavyNoise' (likely to be inaccurate)
[2026.06.06-18.17.01:077][  0]LogSynthBenchmark: Display:          ... 4.990 s/GigaPix, Confidence=100% 'TexHeavy' (likely to be inaccurate)
[2026.06.06-18.17.01:077][  0]LogSynthBenchmark: Display:          ... 4.982 s/GigaPix, Confidence=100% 'DepTexHeavy' (likely to be inaccurate)
[2026.06.06-18.17.01:077][  0]LogSynthBenchmark: Display:          ... 47.993 s/GigaPix, Confidence=100% 'FillOnly' (likely to be inaccurate)
[2026.06.06-18.17.01:077][  0]LogSynthBenchmark: Display:          ... 0.575 s/GigaPix, Confidence=89% 'Bandwidth' (likely to be inaccurate)
[2026.06.06-18.17.01:077][  0]LogSynthBenchmark: Display:          ... 0.837 s/GigaVert, Confidence=100% 'VertThroughPut1' (likely to be inaccurate)
[2026.06.06-18.17.01:077][  0]LogSynthBenchmark: Display:          ... 1.526 s/GigaVert, Confidence=100% 'VertThroughPut2' (likely to be inaccurate)
[2026.06.06-18.17.02:801][  0]LogSynthBenchmark: Display:   GPU warmup (round 3) test: 0.84s
[2026.06.06-18.17.02:801][  0]LogSynthBenchmark: Display:          ... 6.768 s/GigaPix, Confidence=89% 'ALUHeavyNoise' (likely to be inaccurate)
[2026.06.06-18.17.02:801][  0]LogSynthBenchmark: Display:          ... 4.985 s/GigaPix, Confidence=100% 'TexHeavy' (likely to be inaccurate)
[2026.06.06-18.17.02:801][  0]LogSynthBenchmark: Display:          ... 4.964 s/GigaPix, Confidence=100% 'DepTexHeavy' (likely to be inaccurate)
[2026.06.06-18.17.02:801][  0]LogSynthBenchmark: Display:          ... 47.144 s/GigaPix, Confidence=100% 'FillOnly' (likely to be inaccurate)
[2026.06.06-18.17.02:801][  0]LogSynthBenchmark: Display:          ... 0.573 s/GigaPix, Confidence=89% 'Bandwidth' (likely to be inaccurate)
[2026.06.06-18.17.02:801][  0]LogSynthBenchmark: Display:          ... 0.837 s/GigaVert, Confidence=100% 'VertThroughPut1' (likely to be inaccurate)
[2026.06.06-18.17.02:801][  0]LogSynthBenchmark: Display:          ... 1.524 s/GigaVert, Confidence=100% 'VertThroughPut2' (likely to be inaccurate)
[2026.06.06-18.17.09:193][  0]LogSynthBenchmark: Display:   GPU final test: 5.48s
[2026.06.06-18.17.09:193][  0]LogSynthBenchmark: Display:          ... 6.530 s/GigaPix, Confidence=100% 'ALUHeavyNoise'
[2026.06.06-18.17.09:193][  0]LogSynthBenchmark: Display:          ... 4.998 s/GigaPix, Confidence=100% 'TexHeavy'
[2026.06.06-18.17.09:193][  0]LogSynthBenchmark: Display:          ... 4.874 s/GigaPix, Confidence=100% 'DepTexHeavy'
[2026.06.06-18.17.09:193][  0]LogSynthBenchmark: Display:          ... 48.966 s/GigaPix, Confidence=81% 'FillOnly'
[2026.06.06-18.17.09:193][  0]LogSynthBenchmark: Display:          ... 0.559 s/GigaPix, Confidence=100% 'Bandwidth'
[2026.06.06-18.17.09:193][  0]LogSynthBenchmark: Display:          ... 0.826 s/GigaVert, Confidence=100% 'VertThroughPut1'
[2026.06.06-18.17.09:193][  0]LogSynthBenchmark: Display:          ... 1.492 s/GigaVert, Confidence=100% 'VertThroughPut2'
[2026.06.06-18.17.09:193][  0]LogSynthBenchmark: Display:   GPU Final Results:
[2026.06.06-18.17.09:193][  0]LogSynthBenchmark: Display:          ... 6.530 s/GigaPix, Confidence=100% 'ALUHeavyNoise'
[2026.06.06-18.17.09:193][  0]LogSynthBenchmark: Display:          ... 4.998 s/GigaPix, Confidence=100% 'TexHeavy'
[2026.06.06-18.17.09:193][  0]LogSynthBenchmark: Display:          ... 4.874 s/GigaPix, Confidence=100% 'DepTexHeavy'
[2026.06.06-18.17.09:193][  0]LogSynthBenchmark: Display:          ... 48.966 s/GigaPix, Confidence=81% 'FillOnly'
[2026.06.06-18.17.09:193][  0]LogSynthBenchmark: Display:          ... 0.559 s/GigaPix, Confidence=100% 'Bandwidth'
[2026.06.06-18.17.09:193][  0]LogSynthBenchmark: Display:          ... 0.826 s/GigaVert, Confidence=100% 'VertThroughPut1'
[2026.06.06-18.17.09:193][  0]LogSynthBenchmark: Display:          ... 1.492 s/GigaVert, Confidence=100% 'VertThroughPut2'
[2026.06.06-18.17.09:193][  0]LogSynthBenchmark: Display: 
[2026.06.06-18.17.09:193][  0]LogSynthBenchmark: Display:   GPU Perf Index 0: 141.9 (weight 1.00)
[2026.06.06-18.17.09:193][  0]LogSynthBenchmark: Display:   GPU Perf Index 1: 67.1 (weight 0.10)
[2026.06.06-18.17.09:193][  0]LogSynthBenchmark: Display:   GPU Perf Index 2: 126.7 (weight 0.10)
[2026.06.06-18.17.09:193][  0]LogSynthBenchmark: Display:   GPU Perf Index 3: 192.3 (weight 3.00)
[2026.06.06-18.17.09:193][  0]LogSynthBenchmark: Display:   GPU Perf Index 4: 52.2 (weight 1.00)
[2026.06.06-18.17.09:193][  0]LogSynthBenchmark: Display:   GPU Perf Index 5: 53.7 (weight 0.00)
[2026.06.06-18.17.09:193][  0]LogSynthBenchmark: Display:   GPU Perf Index 6: 84.4 (weight 0.00)
[2026.06.06-18.17.09:193][  0]LogSynthBenchmark: Display:   GPUIndex: 152.0
[2026.06.06-18.17.09:193][  0]LogSynthBenchmark: Display:   CPUIndex: 175.3
[2026.06.06-18.17.09:193][  0]LogSynthBenchmark: Display: 
[2026.06.06-18.17.09:193][  0]LogSynthBenchmark: Display:          ... Total Time: 11.554145 sec
[2026.06.06-18.17.09:198][  0]LogPackageLocalizationCache: Processed 90 localized package path(s) for 2 prioritized culture(s) in 0.000396 seconds
[2026.06.06-18.17.09:199][  0]LogSlate: Warning: FontCache flush requested. Reason: Culture for localization was changed
[2026.06.06-18.17.09:199][  0]LogSlate: Warning: FontCache flush requested. Reason: Culture for localization was changed
[2026.06.06-18.17.09:264][  0]LogTextLocalizationResource: LocRes '../../../FactoryGame/Content/Localization/Game/ru-RU/Game.locres' could not be opened for reading!
[2026.06.06-18.17.09:264][  0]LogTextLocalizationResource: LocRes '../../../FactoryGame/Content/Localization/InputKeys/ru-RU/InputKeys.locres' could not be opened for reading!
[2026.06.06-18.17.09:264][  0]LogTextLocalizationResource: LocRes '../../../FactoryGame/Content/Localization/Narrative/ru-RU/Narrative.locres' could not be opened for reading!
[2026.06.06-18.17.09:264][  0]LogTextLocalizationResource: LocRes '../../../FactoryGame/Content/Localization/AllStringTables/ru-RU/AllStringTables.locres' could not be opened for reading!
[2026.06.06-18.17.09:264][  0]LogTextLocalizationResource: LocRes '../../../Engine/Content/Localization/Engine/ru-RU/Engine.locres' could not be opened for reading!
[2026.06.06-18.17.09:265][  0]LogTextLocalizationResource: LocRes '../../../Engine/Plugins/Online/OnlineSubsystemSteam/Content/Localization/OnlineSubsystemSteam/ru-RU/OnlineSubsystemSteam.locres' could not be opened for reading!
[2026.06.06-18.17.09:265][  0]LogTextLocalizationResource: LocRes '../../../Engine/Plugins/Online/OnlineSubsystemUtils/Content/Localization/OnlineSubsystemUtils/ru-RU/OnlineSubsystemUtils.locres' could not be opened for reading!
[2026.06.06-18.17.09:265][  0]LogTextLocalizationResource: LocRes '../../../Engine/Plugins/Online/OnlineSubsystem/Content/Localization/OnlineSubsystem/ru-RU/OnlineSubsystem.locres' could not be opened for reading!
[2026.06.06-18.17.09:265][  0]LogTextLocalizationResource: LocRes '../../../FactoryGame/Plugins/XeSS/Content/Localization/XeSS/ru-RU/XeSS.locres' could not be opened for reading!
[2026.06.06-18.17.09:265][  0]LogTextLocalizationResource: LocRes '../../../FactoryGame/Content/Localization/Game/ru/Game.locres' could not be opened for reading!
[2026.06.06-18.17.09:330][  0]LogTextLocalizationResource: LocRes '../../../FactoryGame/Plugins/XeSS/Content/Localization/XeSS/ru/XeSS.locres' could not be opened for reading!
[2026.06.06-18.17.09:347][  0]LogUserSetting: DLSS module was loaded, initializing user settings
[2026.06.06-18.17.09:348][  0]LogDLSSNGXRHI: FNGXRHIModule::StartupModule Enter
[2026.06.06-18.17.09:348][  0]LogDLSSNGXRHI: FNGXRHIModule::StartupModule Leave
[2026.06.06-18.17.09:348][  0]LogStreamline: FStreamlineCoreModule::StartupModule Enter
[2026.06.06-18.17.09:348][  0]LogStreamline: RegisterStreamlineReflexHooks Enter
[2026.06.06-18.17.09:348][  0]LogStreamline: FStreamlineMaxTickRateHandler::Initialize sl::ReflexState::lowLatencyAvailable=0
[2026.06.06-18.17.09:348][  0]LogStreamline: FStreamlineMaxTickRateHandler::Initialize sl::ReflexState::latencyReportAvailable=0
[2026.06.06-18.17.09:348][  0]LogStreamline: FStreamlineLatencyMarkers::Initialize sl::ReflexState::flashIndicatorDriverControlled=0
[2026.06.06-18.17.09:348][  0]LogStreamline: RegisterStreamlineReflexHooks Leave
[2026.06.06-18.17.09:348][  0]LogStreamline: NVIDIA Streamline supported 1
[2026.06.06-18.17.09:348][  0]LogStreamline: FStreamlineCoreModule::StartupModule Leave
[2026.06.06-18.17.09:350][  0]LogInit: Display: Starting Game.
[2026.06.06-18.17.09:350][  0]LogGlobalStatus: UEngine::Browse Started Browse: "/Game/FactoryGame/Map/MenuScenes/Map_Menu_1_02?Name=Player"
[2026.06.06-18.17.09:350][  0]LogNet: Browse: /Game/FactoryGame/Map/MenuScenes/Map_Menu_1_02?Name=Player
[2026.06.06-18.17.09:374][  0]LogLoad: LoadMap: /Game/FactoryGame/Map/MenuScenes/Map_Menu_1_02?Name=Player
[2026.06.06-18.17.09:374][  0]LogWorld: BeginTearingDown for /Temp/Untitled_0
[2026.06.06-18.17.09:374][  0]LogWorld: UWorld::CleanupWorld for Untitled, bSessionEnded=true, bCleanupResources=true
[2026.06.06-18.17.09:381][  0]LogAudio: Display: Audio Device unregistered from world 'None'.
[2026.06.06-18.17.09:410][  0]LogUObjectHash: Compacting FUObjectHashTables data took   1.79ms
[2026.06.06-18.17.09:570][  0]LogStaticMesh: [DioTree_03] Mesh is marked for CPU read.
[2026.06.06-18.17.09:570][  0]LogStaticMesh: [DioTree_03] Mesh is marked for CPU read.
[2026.06.06-18.17.09:570][  0]LogStaticMesh: [DioTree_03] Mesh is marked for CPU read.
[2026.06.06-18.17.09:570][  0]LogStaticMesh: [DioTree_03] Mesh is marked for CPU read.
[2026.06.06-18.17.09:571][  0]LogStaticMesh: [SM_SnakeLegs_Tree_02] Mesh is marked for CPU read.
[2026.06.06-18.17.09:571][  0]LogStaticMesh: [SM_SnakeLegs_Tree_02] Mesh is marked for CPU read.
[2026.06.06-18.17.09:571][  0]LogStaticMesh: [SM_SnakeLegs_Tree_02] Mesh is marked for CPU read.
[2026.06.06-18.17.09:571][  0]LogStaticMesh: [SM_SnakeLegs_Tree_02] Mesh is marked for CPU read.
[2026.06.06-18.17.09:574][  0]LogStaticMesh: [SM_GreenTree_02] Mesh is marked for CPU read.
[2026.06.06-18.17.09:574][  0]LogStaticMesh: [SM_GreenTree_02] Mesh is marked for CPU read.
[2026.06.06-18.17.09:574][  0]LogStaticMesh: [SM_GreenTree_02] Mesh is marked for CPU read.
[2026.06.06-18.17.09:574][  0]LogStaticMesh: [SM_GreenTree_02] Mesh is marked for CPU read.
[2026.06.06-18.17.09:574][  0]LogStaticMesh: [SM_GreenTree_01] Mesh is marked for CPU read.
[2026.06.06-18.17.09:574][  0]LogStaticMesh: [SM_GreenTree_01] Mesh is marked for CPU read.
[2026.06.06-18.17.09:574][  0]LogStaticMesh: [SM_GreenTree_01] Mesh is marked for CPU read.
[2026.06.06-18.17.09:574][  0]LogStaticMesh: [SM_GreenTree_01] Mesh is marked for CPU read.
[2026.06.06-18.17.09:581][  0]LogStaticMesh: [SM_SnakeLegs_Tree_01] Mesh is marked for CPU read.
[2026.06.06-18.17.09:581][  0]LogStaticMesh: [SM_SnakeLegs_Tree_01] Mesh is marked for CPU read.
[2026.06.06-18.17.09:581][  0]LogStaticMesh: [SM_SnakeLegs_Tree_01] Mesh is marked for CPU read.
[2026.06.06-18.17.09:581][  0]LogStaticMesh: [SM_SnakeLegs_Tree_01] Mesh is marked for CPU read.
[2026.06.06-18.17.09:648][  0]LogStaticMesh: [CliffPillar_03] Mesh is marked for CPU read.
[2026.06.06-18.17.09:648][  0]LogStaticMesh: [CliffPillar_03] Mesh is marked for CPU read.
[2026.06.06-18.17.09:648][  0]LogStaticMesh: [CliffPillar_03] Mesh is marked for CPU read.
[2026.06.06-18.17.09:648][  0]LogStaticMesh: [CliffPillar_03] Mesh is marked for CPU read.
[2026.06.06-18.17.09:649][  0]LogStaticMesh: [CliffFlat_03] Mesh is marked for CPU read.
[2026.06.06-18.17.09:649][  0]LogStaticMesh: [CliffFlat_03] Mesh is marked for CPU read.
[2026.06.06-18.17.09:649][  0]LogStaticMesh: [CliffFlat_03] Mesh is marked for CPU read.
[2026.06.06-18.17.09:649][  0]LogStaticMesh: [CliffFlat_03] Mesh is marked for CPU read.
[2026.06.06-18.17.09:650][  0]LogStaticMesh: [CliffPillar_01_Bot] Mesh is marked for CPU read.
[2026.06.06-18.17.09:650][  0]LogStaticMesh: [CliffPillar_01_Bot] Mesh is marked for CPU read.
[2026.06.06-18.17.09:650][  0]LogStaticMesh: [CliffPillar_01_Bot] Mesh is marked for CPU read.
[2026.06.06-18.17.09:650][  0]LogStaticMesh: [CliffPillar_01_Bot] Mesh is marked for CPU read.
[2026.06.06-18.17.09:650][  0]LogStaticMesh: [CliffPillar_01_Front] Mesh is marked for CPU read.
[2026.06.06-18.17.09:650][  0]LogStaticMesh: [CliffPillar_01_Front] Mesh is marked for CPU read.
[2026.06.06-18.17.09:650][  0]LogStaticMesh: [CliffPillar_01_Front] Mesh is marked for CPU read.
[2026.06.06-18.17.09:650][  0]LogStaticMesh: [CliffPillar_01_Front] Mesh is marked for CPU read.
[2026.06.06-18.17.09:650][  0]LogStaticMesh: [CliffPillar_01] Mesh is marked for CPU read.
[2026.06.06-18.17.09:650][  0]LogStaticMesh: [CliffPillar_01] Mesh is marked for CPU read.
[2026.06.06-18.17.09:650][  0]LogStaticMesh: [CliffPillar_01] Mesh is marked for CPU read.
[2026.06.06-18.17.09:650][  0]LogStaticMesh: [CliffPillar_01] Mesh is marked for CPU read.
[2026.06.06-18.17.09:651][  0]LogStaticMesh: [CliffFormation_05_CollisionPH] Mesh is marked for CPU read.
[2026.06.06-18.17.09:651][  0]LogStaticMesh: [CliffFormation_05_CollisionPH] Mesh is marked for CPU read.
[2026.06.06-18.17.09:652][  0]LogStaticMesh: [CliffFormation_05_CollisionPH] Mesh is marked for CPU read.
[2026.06.06-18.17.09:652][  0]LogStaticMesh: [CliffFormation_05_CollisionPH] Mesh is marked for CPU read.
[2026.06.06-18.17.09:652][  0]LogStaticMesh: [CliffPillar_02] Mesh is marked for CPU read.
[2026.06.06-18.17.09:652][  0]LogStaticMesh: [CliffPillar_02] Mesh is marked for CPU read.
[2026.06.06-18.17.09:652][  0]LogStaticMesh: [CliffPillar_02] Mesh is marked for CPU read.
[2026.06.06-18.17.09:652][  0]LogStaticMesh: [CliffPillar_02] Mesh is marked for CPU read.
[2026.06.06-18.17.09:660][  0]LogStaticMesh: [PowerSnail] Mesh is marked for CPU read.
[2026.06.06-18.17.09:660][  0]LogStaticMesh: [PowerSnail] Mesh is marked for CPU read.
[2026.06.06-18.17.09:660][  0]LogStaticMesh: [PowerSnail] Mesh is marked for CPU read.
[2026.06.06-18.17.09:840][  0]LogAudio: Display: Audio Device (ID: 1) registered with world 'Map_Menu_1_02'.
[2026.06.06-18.17.09:865][  0]LogMaterial: Warning: TranslucentWater: Requesting an invalid TextureIndex! (6 / 8)
[2026.06.06-18.17.09:870][  0]LogLoad: Game class is 'BP_GameModeMenu_C'
[2026.06.06-18.17.09:969][  0]LogWorld: Bringing World /Game/FactoryGame/Map/MenuScenes/Map_Menu_1_02.Map_Menu_1_02 up for play (max tick rate 60) at 2026.06.06-21.17.09
[2026.06.06-18.17.09:971][  0]LogGame: Discovered 0 Remote Call Objects on AFGGameMode::InitGame
[2026.06.06-18.17.10:051][  0]LogWorld: Bringing up level for play took: 0.181013
[2026.06.06-18.17.10:052][  0]LogWindows: WindowsPlatformFeatures enabled
[2026.06.06-18.17.10:052][  0]LogEnhancedInput: Enhanced Input local player subsystem has initalized the user settings!
[2026.06.06-18.17.10:052][  0]LogOnlineVoice: OSS: Voice interface disabled by config [OnlineSubsystem].bHasVoiceEnabled
[2026.06.06-18.17.10:052][  0]LogGameMode: Display: Match State Changed from EnteringMap to WaitingToStart
[2026.06.06-18.17.10:052][  0]LogGameState: Match State Changed from EnteringMap to WaitingToStart
[2026.06.06-18.17.10:052][  0]LogGameMode: Display: Match State Changed from WaitingToStart to InProgress
[2026.06.06-18.17.10:052][  0]LogAkAudio: AFGPlayerControllerBase::SetupWwise
[2026.06.06-18.17.10:110][  0]LogScript: Warning: UAkGameplayStatics::PostAkEvent: NULL Actor specified!
[2026.06.06-18.17.10:110][  0]LogGame: Apply Lightweight Instances from Load took: 0.000004 seconds
[2026.06.06-18.17.10:160][  0]LogBlueprintUserMessages: [BPW_UserIcon] -- Avatar request failed URL: 
[2026.06.06-18.17.10:160][  0]LogBlueprintUserMessages: [BPW_OnlineStatus] Trying to check permission but SessionInfoModel is invalid
[2026.06.06-18.17.10:165][  0]LogSlate: Took 0.000470 seconds to synchronously load lazily loaded font '../../../FactoryGame/Content/FactoryGame/Interface/Font/OpenSans-Regular.ufont' (213K)
[2026.06.06-18.17.10:193][  0]LogUI: UpdateFocusHighlights [Widget_PlayMenu_Alpha] -- FORCE FOCUS LOST
[2026.06.06-18.17.10:193][  0]LogUI: UpdateFocusHighlights [Widget_PlayMenu_Alpha] -- FORCE FOCUS LOST
[2026.06.06-18.17.10:296][  0]LogBlueprintUserMessages: [BPW_UserIcon] -- Avatar request failed URL: 
[2026.06.06-18.17.10:328][  0]LogUI: UpdateFocusHighlights [mCreateNewGame] -- FORCE FOCUS LOST
[2026.06.06-18.17.10:328][  0]LogUI: UpdateFocusHighlights [mCreateNewGame] -- FORCE FOCUS LOST
[2026.06.06-18.17.10:334][  0]LogSlate: Took 0.000337 seconds to synchronously load lazily loaded font '../../../Engine/Content/Slate/Fonts/Roboto-Regular.ttf' (155K)
[2026.06.06-18.17.10:354][  0]LogUI: UpdateFocusHighlights Widget_ServerManager NO CDO
[2026.06.06-18.17.10:356][  0]LogBlueprintUserMessages: [BPW_ReadOnlySessionInfo] Trying to check permissions but SessionInfoModel is not valid
[2026.06.06-18.17.10:357][  0]Model View Viewmodel: Error: При инициализации источник 'SessionInformationModel' был рассчитан как недопустимый. BPW_JoinGame_SessionMenu
[2026.06.06-18.17.10:357][  0]Model View Viewmodel: Error: Недопустимый источник 'SessionInformationModel', невозможно инициализировать привязки. BPW_JoinGame_SessionMenu
[2026.06.06-18.17.10:357][  0]Model View Viewmodel: Error: При инициализации источник 'SessionInformationModel_mOnlineSessionInfo' был рассчитан как недопустимый. BPW_JoinGame_SessionMenu
[2026.06.06-18.17.10:358][  0]Model View Viewmodel: Error: Недопустимый источник 'SessionInformationModel_mOnlineSessionInfo', невозможно инициализировать привязки. BPW_JoinGame_SessionMenu
[2026.06.06-18.17.10:358][  0]Model View Viewmodel: Error: При инициализации источник 'SessionInformationModel_mOnlineSessionInfo_SessionBackend' был рассчитан как недопустимый. BPW_JoinGame_SessionMenu
[2026.06.06-18.17.10:358][  0]Model View Viewmodel: Error: Недопустимый источник 'SessionInformationModel_mOnlineSessionInfo_SessionBackend', невозможно инициализировать привязки. BPW_JoinGame_SessionMenu
[2026.06.06-18.17.10:358][  0]Model View Viewmodel: Error: Привязка '1' на выполнена. Имеются недопустимые источники. BPW_JoinGame_SessionMenu
[2026.06.06-18.17.10:359][  0]Model View Viewmodel: Error: Привязка '2' на выполнена. Имеются недопустимые источники. BPW_JoinGame_SessionMenu
[2026.06.06-18.17.10:360][  0]Model View Viewmodel: Error: При инициализации источник 'SelectedSessionInformation' был рассчитан как недопустимый. BPW_JoinGame
[2026.06.06-18.17.10:360][  0]Model View Viewmodel: Error: Недопустимый источник 'SelectedSessionInformation', невозможно инициализировать привязки. BPW_JoinGame
[2026.06.06-18.17.10:375][  0]Model View Viewmodel: Error: При инициализации источник 'OnlineIntegrationState_PendingSessionMigration' был рассчитан как недопустимый. Widget_PendingSessionMigration
[2026.06.06-18.17.10:376][  0]Model View Viewmodel: Error: Недопустимый источник 'OnlineIntegrationState_PendingSessionMigration', невозможно инициализировать привязки. Widget_PendingSessionMigration
[2026.06.06-18.17.10:378][  0]LogGame: Error: IFGOptionInterfaceImpl::GetOptionValue - Could not find user setting with id 'conveyor.UseExperimental'
[2026.06.06-18.17.10:378][  0]LogLoad: Loading WwiseSoundEngine module: WwiseSoundEngine
[2026.06.06-18.17.10:381][  0]LogGameState: Match State Changed from WaitingToStart to InProgress
[2026.06.06-18.17.10:382][  0]LogLoad: Took 1.009653 seconds to LoadMap(/Game/FactoryGame/Map/MenuScenes/Map_Menu_1_02)
[2026.06.06-18.17.10:382][  0]LogGlobalStatus: UEngine::LoadMap Load map complete /Game/FactoryGame/Map/MenuScenes/Map_Menu_1_02
[2026.06.06-18.17.10:384][  0]LogRHI: Display: ShaderPipelineCache: Paused Batching. 1
[2026.06.06-18.17.10:384][  0]LogRHI: Display: ShaderPipelineCache: Resumed Batching. 0
[2026.06.06-18.17.10:384][  0]LogRHI: Display: ShaderPipelineCache: Batching Resumed.
[2026.06.06-18.17.10:426][  0]LogInit: Display: Engine is initialized. Leaving FEngineLoop::Init()
[2026.06.06-18.17.10:426][  0]LogLoad: (Engine Initialization) Total time: 16.86 seconds
[2026.06.06-18.17.10:652][  0]LogContentStreaming: Texture pool size now 600 MB
[2026.06.06-18.17.10:671][  0]LogSlate: Took 0.000504 seconds to synchronously load lazily loaded font '../../../FactoryGame/Content/FactoryGame/Interface/Font/OpenSans-SemiBold.ufont' (216K)
[2026.06.06-18.17.10:673][  0]LogSlate: Took 0.000373 seconds to synchronously load lazily loaded font '../../../Engine/Content/EngineFonts/Faces/RobotoBold.ufont' (160K)
[2026.06.06-18.17.10:675][  0]LogSlate: Took 0.000386 seconds to synchronously load lazily loaded font '../../../FactoryGame/Content/FactoryGame/Interface/Font/OpenSans-Bold.ufont' (220K)
[2026.06.06-18.17.11:182][  0]LogStreaming: Display: FlushAsyncLoading(560): 1 QueuedPackages, 0 AsyncPackages
[2026.06.06-18.17.11:215][  0]LogMoviePlayer: Initializing movie player
[2026.06.06-18.17.11:241][  0]LogSlate: InvalidateAllWidgets triggered.  All widgets were invalidated
[2026.06.06-18.17.12:635][  0]LogSlate: Slate font cache was flushed
[2026.06.06-18.17.12:636][  0]LogSlate: InvalidateAllWidgets triggered.  All widgets were invalidated
[2026.06.06-18.17.12:637][  0]LogEOSSDK: Warning: LogEOSRTC: TickTracker Tick is delayed. TimePeriod=[17.250757s]  TickIntervalThreshold=[0.100000s] MaxTickInterval=[17.250744s] MaxExecutionTime=[0.000012s] TicksCount=[1] ExpectedTicksCount=[1725]
[2026.06.06-18.17.12:638][  0]LogSlate: InvalidateAllWidgets triggered.  All widgets were invalidated
[2026.06.06-18.17.12:761][  0]LogOnlineServices: [FAuthEOSGS::Login] Successfully logged in as [Steam:1 (76561198412322587)]
[2026.06.06-18.17.12:761][  0]LogCommonUser: Player login status changed - System:Platform, NewStatus:LoggedIn
[2026.06.06-18.17.12:761][  0]LogCommonUser: QueryBlocked - start Query on Backend service: STEAM
[2026.06.06-18.17.12:761][  0]LogCommonUser: QueryBlocked - completed Query on Backend service: STEAM
[2026.06.06-18.17.12:762][  0]LogCommonUser: Query Friends All
[2026.06.06-18.17.12:763][  0]LogCommonUser: QueryBlockedAll - start Query
[2026.06.06-18.17.12:763][  0]LogCommonUser: QueryBlocked - start Query on Backend service: STEAM
[2026.06.06-18.17.12:763][  0]LogCommonUser: QueryBlocked - completed Query on Backend service: STEAM
[2026.06.06-18.17.12:763][  0]LogCommonUser: QueryBlocked - start Query on Backend service: Epic
[2026.06.06-18.17.12:764][  0]LogCommonUser: QueryBlockedAll - already in progress dont mess with the Queue, returning.
[2026.06.06-18.17.12:764][  0]LogCommonUser: QueryBlockedAll - already in progress dont mess with the Queue, returning.
[2026.06.06-18.17.12:764][  0]LogCommonUser: QueryBlockedAll - already in progress dont mess with the Queue, returning.
[2026.06.06-18.17.12:764][  0]LogCommonUser: Query Friends All
[2026.06.06-18.17.12:765][  0]LogSlate: InvalidateAllWidgets triggered.  All widgets were invalidated
[2026.06.06-18.17.12:848][  1]Model View Viewmodel: Error: Привязка '1' на выполнена. Имеются недопустимые источники. BPW_JoinGame_SessionMenu
[2026.06.06-18.17.12:849][  1]Model View Viewmodel: Error: Привязка '2' на выполнена. Имеются недопустимые источники. BPW_JoinGame_SessionMenu
[2026.06.06-18.17.12:858][  1]LogRenderer: Forcing update for all mesh draw commands: SkyLight real-time capture change
[2026.06.06-18.17.12:858][  1]LogSlate: Took 0.000615 seconds to synchronously load lazily loaded font '../../../FactoryGame/Content/FactoryGame/Interface/Font/OpenSans-Regular.ufont' (213K)
[2026.06.06-18.17.12:860][  1]LogSlate: Took 0.000777 seconds to synchronously load lazily loaded font '../../../FactoryGame/Content/FactoryGame/Interface/Font/OpenSans-SemiBold.ufont' (216K)
[2026.06.06-18.17.12:862][  1]LogOnlineServices: [FExternalUIEOSGS::ProcessDisplaySettingsUpdatedImplOp] Display settings changed notification received. bIsVisible: false, bIsExclusiveInput: false
[2026.06.06-18.17.12:863][  1]LogCommonUser: QueryBlocked - completed Query on Backend service: Epic
[2026.06.06-18.17.13:239][  3]LogEOSSDK: LogEOS: SDK Config Platform Update Request Successful, Time: 17.583469
[2026.06.06-18.17.13:241][  3]LogEOSSDK: LogEOSAnalytics: EOS SDK Analytics disabled for route [1].
[2026.06.06-18.17.13:245][  3]LogEOSSDK: Warning: LogEOSUI: Hot key event ignored because there are no known users.
[2026.06.06-18.17.13:245][  3]LogEOSSDK: LogEOS: Updating Product SDK Config, Time: 17.853054
[2026.06.06-18.17.13:606][ 10]LogEOSSDK: LogEOSAnalytics: Start Session (User: ...)
[2026.06.06-18.17.13:827][ 15]LogEOSSDK: LogEOS: SDK Config Product Update Request Successful, Time: 18.385353
[2026.06.06-18.17.13:832][ 15]LogEOSSDK: Warning: LogEOSEcom: Purchase flow is disabled due to overlay setup failure (EOS_NotConfigured).
[2026.06.06-18.17.13:832][ 15]LogEOSSDK: Warning: LogEOSUI: Hot key event ignored because there are no known users.
[2026.06.06-18.17.13:833][ 15]LogEOSSDK: Warning: LogEOSUI: Social overlay is disabled due to overlay setup failure (EOS_NotConfigured).
[2026.06.06-18.17.13:834][ 15]LogEOSSDK: LogEOS: SDK Config Data - Watermark: -1091969823
[2026.06.06-18.17.13:834][ 15]LogEOSSDK: LogEOS: ScheduleNextSDKConfigDataUpdate - Time: 18.385353, Update Interval: 359.602661
[2026.06.06-18.17.14:048][ 21]LogStreamableManager: Display: RequestAsyncLoad() called with empty or only null assets!
[2026.06.06-18.17.14:050][ 21]LogSlate: Took 0.001116 seconds to synchronously load lazily loaded font '../../../FactoryGame/Content/FactoryGame/Interface/Font/OpenSans-Bold.ufont' (220K)
[2026.06.06-18.17.14:081][ 22]LogSlate: Took 0.000641 seconds to synchronously load lazily loaded font '../../../Engine/Content/EngineFonts/Faces/RobotoBold.ufont' (160K)
[2026.06.06-18.17.18:203][133]LogMovieScene: Initializing a legacy player for sequence 'mSwitchImageAnim_INST'.
[2026.06.06-18.17.20:217][189]LogScript: Warning: UAkGameplayStatics::PostAkEvent: NULL Actor specified!
[2026.06.06-18.17.20:219][189]LogScript: Warning: UAkGameplayStatics::PostAkEvent: NULL Actor specified!
[2026.06.06-18.17.20:220][189]LogScript: Warning: UAkGameplayStatics::PostAkEvent: NULL Actor specified!
[2026.06.06-18.17.20:222][189]LogScript: Warning: UAkGameplayStatics::PostAkEvent: NULL Actor specified!
[2026.06.06-18.17.20:223][189]LogScript: Warning: UAkGameplayStatics::PostAkEvent: NULL Actor specified!
[2026.06.06-18.17.20:225][189]LogScript: Warning: UAkGameplayStatics::PostAkEvent: NULL Actor specified!
[2026.06.06-18.17.20:226][189]LogScript: Warning: UAkGameplayStatics::PostAkEvent: NULL Actor specified!
[2026.06.06-18.17.20:228][189]LogScript: Warning: UAkGameplayStatics::PostAkEvent: NULL Actor specified!
[2026.06.06-18.17.20:230][189]LogScript: Warning: UAkGameplayStatics::PostAkEvent: NULL Actor specified!
[2026.06.06-18.17.20:231][189]LogScript: Warning: UAkGameplayStatics::PostAkEvent: NULL Actor specified!
[2026.06.06-18.17.20:233][189]LogScript: Warning: UAkGameplayStatics::PostAkEvent: NULL Actor specified!
[2026.06.06-18.17.20:234][189]LogScript: Warning: UAkGameplayStatics::PostAkEvent: NULL Actor specified!
[2026.06.06-18.17.20:235][189]LogScript: Warning: UAkGameplayStatics::PostAkEvent: NULL Actor specified!
[2026.06.06-18.17.20:241][189]LogScript: Warning: UAkGameplayStatics::PostAkEvent: NULL Actor specified!
[2026.06.06-18.17.20:242][189]LogScript: Warning: UAkGameplayStatics::PostAkEvent: NULL Actor specified!
[2026.06.06-18.17.20:243][189]LogScript: Warning: UAkGameplayStatics::PostAkEvent: NULL Actor specified!
[2026.06.06-18.17.20:249][189]LogScript: Warning: UAkGameplayStatics::PostAkEvent: NULL Actor specified!
[2026.06.06-18.17.20:249][189]LogScript: Warning: UAkGameplayStatics::PostAkEvent: NULL Actor specified!
[2026.06.06-18.17.22:775][285]LogEOSSDK: Warning: LogEOSRTC: TickTracker Tick is delayed. TimePeriod=[10.137301s]  TickIntervalThreshold=[0.100000s] MaxTickInterval=[0.138662s] MaxExecutionTime=[0.000685s] TicksCount=[285] ExpectedTicksCount=[1013]
[2026.06.06-18.17.23:964][330]LogScript: Warning: UAkGameplayStatics::PostAkEvent: NULL Actor specified!
[2026.06.06-18.17.24:043][333]LogScript: Warning: UAkGameplayStatics::PostAkEvent: NULL Actor specified!
[2026.06.06-18.17.24:069][334]LogScript: Warning: UAkGameplayStatics::PostAkEvent: NULL Actor specified!
[2026.06.06-18.17.24:077][334]LogScript: Warning: UAkGameplayStatics::PostAkEvent: NULL Actor specified!
[2026.06.06-18.17.24:119][336]LogScript: Warning: UAkGameplayStatics::PostAkEvent: NULL Actor specified!
[2026.06.06-18.17.24:149][337]LogScript: Warning: UAkGameplayStatics::PostAkEvent: NULL Actor specified!
[2026.06.06-18.17.24:174][338]LogScript: Warning: UAkGameplayStatics::PostAkEvent: NULL Actor specified!
[2026.06.06-18.17.25:103][373]LogWidget: Warning: Widget_Popup_C_2147477632: Trying to set the default focus widget with a widget that isn't focusable: mButton
[2026.06.06-18.17.26:850][435]LogScript: Warning: UAkGameplayStatics::PostAkEvent: NULL Actor specified!
[2026.06.06-18.17.27:730][464]LogScript: Warning: UAkGameplayStatics::PostAkEvent: NULL Actor specified!
[2026.06.06-18.17.28:024][475]LogScript: Warning: UAkGameplayStatics::PostAkEvent: NULL Actor specified!
[2026.06.06-18.17.28:041][476]LogScript: Warning: UAkGameplayStatics::PostAkEvent: NULL Actor specified!
[2026.06.06-18.17.28:139][479]LogScript: Warning: UAkGameplayStatics::PostAkEvent: NULL Actor specified!
[2026.06.06-18.17.29:122][510]LogScript: Warning: UAkGameplayStatics::PostAkEvent: NULL Actor specified!
[2026.06.06-18.17.32:320][629]LogScript: Warning: UAkGameplayStatics::PostAkEvent: NULL Actor specified!
[2026.06.06-18.17.32:794][636]LogEOSSDK: Warning: LogEOSRTC: TickTracker Tick is delayed. TimePeriod=[10.018178s]  TickIntervalThreshold=[0.100000s] MaxTickInterval=[0.171397s] MaxExecutionTime=[0.000567s] TicksCount=[350] ExpectedTicksCount=[1001]
[2026.06.06-18.17.32:906][638]LogScript: Warning: UAkGameplayStatics::PostAkEvent: NULL Actor specified!
[2026.06.06-18.17.33:240][651]LogScript: Warning: UAkGameplayStatics::PostAkEvent: NULL Actor specified!
[2026.06.06-18.17.33:264][652]LogScript: Warning: UAkGameplayStatics::PostAkEvent: NULL Actor specified!
[2026.06.06-18.17.33:332][654]LogScript: Warning: UAkGameplayStatics::PostAkEvent: NULL Actor specified!
[2026.06.06-18.17.33:444][657]LogScript: Warning: UAkGameplayStatics::PostAkEvent: NULL Actor specified!
[2026.06.06-18.17.33:734][667]LogScript: Warning: UAkGameplayStatics::PostAkEvent: NULL Actor specified!
[2026.06.06-18.17.33:784][669]LogScript: Warning: UAkGameplayStatics::PostAkEvent: NULL Actor specified!
[2026.06.06-18.17.33:810][670]LogScript: Warning: UAkGameplayStatics::PostAkEvent: NULL Actor specified!
[2026.06.06-18.17.33:918][674]LogScript: Warning: UAkGameplayStatics::PostAkEvent: NULL Actor specified!
[2026.06.06-18.17.34:042][678]LogScript: Warning: UAkGameplayStatics::PostAkEvent: NULL Actor specified!
[2026.06.06-18.17.34:070][679]LogScript: Warning: UAkGameplayStatics::PostAkEvent: NULL Actor specified!
[2026.06.06-18.17.34:129][681]LogScript: Warning: UAkGameplayStatics::PostAkEvent: NULL Actor specified!
[2026.06.06-18.17.39:121][866]LogScript: Warning: UAkGameplayStatics::PostAkEvent: NULL Actor specified!
[2026.06.06-18.17.39:423][881]LogScript: Warning: UAkGameplayStatics::PostAkEvent: NULL Actor specified!
[2026.06.06-18.17.39:602][889]LogScript: Warning: UAkGameplayStatics::PostAkEvent: NULL Actor specified!
[2026.06.06-18.17.39:911][903]LogScript: Warning: UAkGameplayStatics::PostAkEvent: NULL Actor specified!
[2026.06.06-18.17.43:810][ 72]LogWidget: Warning: Widget_Popup_C_2147477486: Trying to set the default focus widget with a widget that isn't focusable: mButton
[2026.06.06-18.17.45:424][137]LogScript: Warning: UAkGameplayStatics::PostAkEvent: NULL Actor specified!
[2026.06.06-18.17.54:168][537]LogScript: Warning: UAkGameplayStatics::PostAkEvent: NULL Actor specified!
[2026.06.06-18.17.54:348][545]LogScript: Warning: UAkGameplayStatics::PostAkEvent: NULL Actor specified!
[2026.06.06-18.17.55:125][581]LogScript: Warning: UAkGameplayStatics::PostAkEvent: NULL Actor specified!
[2026.06.06-18.17.56:013][624]LogScript: Warning: UAkGameplayStatics::PostAkEvent: NULL Actor specified!
[2026.06.06-18.17.56:113][629]LogScript: Warning: UAkGameplayStatics::PostAkEvent: NULL Actor specified!
[2026.06.06-18.17.56:155][631]LogScript: Warning: UAkGameplayStatics::PostAkEvent: NULL Actor specified!
[2026.06.06-18.17.56:239][635]LogScript: Warning: UAkGameplayStatics::PostAkEvent: NULL Actor specified!
[2026.06.06-18.17.58:230][726]LogScript: Warning: UAkGameplayStatics::PostAkEvent: NULL Actor specified!
[2026.06.06-18.18.04:554][ 17]LogScript: Warning: UAkGameplayStatics::PostAkEvent: NULL Actor specified!
[2026.06.06-18.18.04:578][ 18]LogScript: Warning: UAkGameplayStatics::PostAkEvent: NULL Actor specified!
[2026.06.06-18.18.06:608][114]LogWidget: Warning: Widget_Popup_C_2147477358: Trying to set the default focus widget with a widget that isn't focusable: mButton
[2026.06.06-18.18.08:129][187]LogScript: Warning: UAkGameplayStatics::PostAkEvent: NULL Actor specified!
[2026.06.06-18.18.08:434][203]LogScript: Warning: UAkGameplayStatics::PostAkEvent: NULL Actor specified!
[2026.06.06-18.18.08:475][205]LogScript: Warning: UAkGameplayStatics::PostAkEvent: NULL Actor specified!
[2026.06.06-18.18.08:791][220]LogScript: Warning: UAkGameplayStatics::PostAkEvent: NULL Actor specified!
[2026.06.06-18.18.16:151][537]LogD3D11RHI: Error: D:\HordeAgent\Sandbox\Rel\Sync\Engine\Source\Runtime\Windows\D3D11RHI\Private\D3D11Viewport.cpp:(250): BackBuffer->GetResource() has 2 refs, expected 1
[2026.06.06-18.18.22:838][814]LogEOSSDK: Warning: LogEOSRTC: TickTracker Tick is delayed. TimePeriod=[10.014691s]  TickIntervalThreshold=[0.100000s] MaxTickInterval=[0.132769s] MaxExecutionTime=[0.000074s] TicksCount=[412] ExpectedTicksCount=[1001]
[2026.06.06-18.18.23:123][827]LogScript: Warning: UAkGameplayStatics::PostAkEvent: NULL Actor specified!
[2026.06.06-18.18.25:745][941]LogScript: Warning: UAkGameplayStatics::PostAkEvent: NULL Actor specified!
[2026.06.06-18.18.26:875][991]LogScript: Warning: UAkGameplayStatics::PostAkEvent: NULL Actor specified!
[2026.06.06-18.18.26:899][992]LogScript: Warning: UAkGameplayStatics::PostAkEvent: NULL Actor specified!
[2026.06.06-18.18.26:943][994]LogScript: Warning: UAkGameplayStatics::PostAkEvent: NULL Actor specified!
[2026.06.06-18.18.31:207][180]LogScript: Warning: UAkGameplayStatics::PostAkEvent: NULL Actor specified!
[2026.06.06-18.18.31:379][187]LogScript: Warning: UAkGameplayStatics::PostAkEvent: NULL Actor specified!
[2026.06.06-18.18.31:523][193]LogScript: Warning: UAkGameplayStatics::PostAkEvent: NULL Actor specified!
[2026.06.06-18.18.32:005][213]LogScript: Warning: UAkGameplayStatics::PostAkEvent: NULL Actor specified!
[2026.06.06-18.18.32:076][216]LogScript: Warning: UAkGameplayStatics::PostAkEvent: NULL Actor specified!
[2026.06.06-18.18.45:447][787]LogD3D11RHI: Error: D:\HordeAgent\Sandbox\Rel\Sync\Engine\Source\Runtime\Windows\D3D11RHI\Private\D3D11Viewport.cpp:(250): BackBuffer->GetResource() has 2 refs, expected 1
[2026.06.06-18.18.45:606][789]LogScript: Warning: UAkGameplayStatics::PostAkEvent: NULL Actor specified!
[2026.06.06-18.18.46:791][828]LogScript: Warning: UAkGameplayStatics::PostAkEvent: NULL Actor specified!
[2026.06.06-18.18.47:499][853]LogScript: Warning: UAkGameplayStatics::PostAkEvent: NULL Actor specified!
[2026.06.06-18.18.47:863][855]LogD3D11RHI: Error: D:\HordeAgent\Sandbox\Rel\Sync\Engine\Source\Runtime\Windows\D3D11RHI\Private\D3D11Viewport.cpp:(250): BackBuffer->GetResource() has 2 refs, expected 1
[2026.06.06-18.18.48:343][873]LogScript: Warning: UAkGameplayStatics::PostAkEvent: NULL Actor specified!
[2026.06.06-18.18.48:872][894]LogScript: Warning: UAkGameplayStatics::PostAkEvent: NULL Actor specified!
[2026.06.06-18.18.52:984][ 47]LogEOSSDK: Warning: LogEOSRTC: TickTracker Tick is delayed. TimePeriod=[10.107613s]  TickIntervalThreshold=[0.100000s] MaxTickInterval=[0.140938s] MaxExecutionTime=[0.000075s] TicksCount=[369] ExpectedTicksCount=[1010]
[2026.06.06-18.18.53:159][ 53]LogScript: Warning: UAkGameplayStatics::PostAkEvent: NULL Actor specified!
[2026.06.06-18.18.53:361][ 62]LogScript: Warning: UAkGameplayStatics::PostAkEvent: NULL Actor specified!
[2026.06.06-18.18.53:532][ 69]LogScript: Warning: UAkGameplayStatics::PostAkEvent: NULL Actor specified!
[2026.06.06-18.18.53:911][ 84]LogScript: Warning: UAkGameplayStatics::PostAkEvent: NULL Actor specified!
[2026.06.06-18.18.53:953][ 86]LogScript: Warning: UAkGameplayStatics::PostAkEvent: NULL Actor specified!
[2026.06.06-18.18.54:069][ 91]LogScript: Warning: UAkGameplayStatics::PostAkEvent: NULL Actor specified!
[2026.06.06-18.19.01:380][400]LogScript: Warning: UAkGameplayStatics::PostAkEvent: NULL Actor specified!
[2026.06.06-18.19.01:430][402]LogScript: Warning: UAkGameplayStatics::PostAkEvent: NULL Actor specified!
[2026.06.06-18.19.01:437][402]LogScript: Warning: UAkGameplayStatics::PostAkEvent: NULL Actor specified!
[2026.06.06-18.19.02:528][447]LogWidget: Warning: Widget_Popup_C_2147477196: Trying to set the default focus widget with a widget that isn't focusable: mButton
[2026.06.06-18.19.03:006][468]LogEOSSDK: Warning: LogEOSRTC: TickTracker Tick is delayed. TimePeriod=[10.021815s]  TickIntervalThreshold=[0.100000s] MaxTickInterval=[0.109967s] MaxExecutionTime=[0.000574s] TicksCount=[421] ExpectedTicksCount=[1002]
[2026.06.06-18.19.04:336][524]LogScript: Warning: UAkGameplayStatics::PostAkEvent: NULL Actor specified!
[2026.06.06-18.19.07:661][669]LogScript: Warning: UAkGameplayStatics::PostAkEvent: NULL Actor specified!
[2026.06.06-18.19.07:704][671]LogScript: Warning: UAkGameplayStatics::PostAkEvent: NULL Actor specified!
[2026.06.06-18.19.07:750][673]LogScript: Warning: UAkGameplayStatics::PostAkEvent: NULL Actor specified!
[2026.06.06-18.19.09:585][753]LogScript: Warning: UAkGameplayStatics::PostAkEvent: NULL Actor specified!
[2026.06.06-18.19.09:635][755]LogScript: Warning: UAkGameplayStatics::PostAkEvent: NULL Actor specified!
[2026.06.06-18.19.09:649][756]LogScript: Warning: UAkGameplayStatics::PostAkEvent: NULL Actor specified!
[2026.06.06-18.19.09:674][757]LogScript: Warning: UAkGameplayStatics::PostAkEvent: NULL Actor specified!
[2026.06.06-18.19.12:579][888]LogScript: Warning: UAkGameplayStatics::PostAkEvent: NULL Actor specified!
[2026.06.06-18.19.12:693][893]LogScript: Warning: UAkGameplayStatics::PostAkEvent: NULL Actor specified!
[2026.06.06-18.19.12:726][894]LogScript: Warning: UAkGameplayStatics::PostAkEvent: NULL Actor specified!
[2026.06.06-18.19.12:871][900]LogScript: Warning: UAkGameplayStatics::PostAkEvent: NULL Actor specified!
[2026.06.06-18.19.14:468][972]LogScript: Warning: UAkGameplayStatics::PostAkEvent: NULL Actor specified!
[2026.06.06-18.19.15:741][ 28]LogScript: Warning: UAkGameplayStatics::PostAkEvent: NULL Actor specified!
[2026.06.06-18.19.16:167][ 46]LogScript: Warning: UAkGameplayStatics::PostAkEvent: NULL Actor specified!
[2026.06.06-18.19.16:236][ 49]LogScript: Warning: UAkGameplayStatics::PostAkEvent: NULL Actor specified!
[2026.06.06-18.19.16:246][ 49]LogScript: Warning: UAkGameplayStatics::PostAkEvent: NULL Actor specified!
[2026.06.06-18.19.16:283][ 51]LogScript: Warning: UAkGameplayStatics::PostAkEvent: NULL Actor specified!
[2026.06.06-18.19.16:406][ 56]LogScript: Warning: UAkGameplayStatics::PostAkEvent: NULL Actor specified!
[2026.06.06-18.19.16:855][ 76]LogScript: Warning: UAkGameplayStatics::PostAkEvent: NULL Actor specified!
[2026.06.06-18.19.19:783][193]LogScript: Warning: UAkGameplayStatics::PostAkEvent: NULL Actor specified!
[2026.06.06-18.19.19:802][194]LogScript: Warning: UAkGameplayStatics::PostAkEvent: NULL Actor specified!
[2026.06.06-18.19.19:811][194]LogScript: Warning: UAkGameplayStatics::PostAkEvent: NULL Actor specified!
[2026.06.06-18.19.19:858][196]LogScript: Warning: UAkGameplayStatics::PostAkEvent: NULL Actor specified!
[2026.06.06-18.19.20:075][205]LogScript: Warning: UAkGameplayStatics::PostAkEvent: NULL Actor specified!
[2026.06.06-18.19.20:146][208]LogScript: Warning: UAkGameplayStatics::PostAkEvent: NULL Actor specified!
[2026.06.06-18.19.20:231][211]LogScript: Warning: UAkGameplayStatics::PostAkEvent: NULL Actor specified!
[2026.06.06-18.19.20:302][214]LogScript: Warning: UAkGameplayStatics::PostAkEvent: NULL Actor specified!
[2026.06.06-18.19.20:368][217]LogScript: Warning: UAkGameplayStatics::PostAkEvent: NULL Actor specified!
[2026.06.06-18.19.20:439][220]LogScript: Warning: UAkGameplayStatics::PostAkEvent: NULL Actor specified!
[2026.06.06-18.19.20:896][238]LogScript: Warning: UAkGameplayStatics::PostAkEvent: NULL Actor specified!
[2026.06.06-18.19.20:925][239]LogScript: Warning: UAkGameplayStatics::PostAkEvent: NULL Actor specified!
[2026.06.06-18.19.22:070][284]LogScript: Warning: UAkGameplayStatics::PostAkEvent: NULL Actor specified!
[2026.06.06-18.19.24:610][383]LogScript: Warning: UAkGameplayStatics::PostAkEvent: NULL Actor specified!
[2026.06.06-18.19.24:861][391]LogScript: Warning: UAkGameplayStatics::PostAkEvent: NULL Actor specified!
[2026.06.06-18.19.26:323][442]LogScript: Warning: UAkGameplayStatics::PostAkEvent: NULL Actor specified!
[2026.06.06-18.19.26:714][454]LogScript: Warning: UAkGameplayStatics::PostAkEvent: NULL Actor specified!
[2026.06.06-18.19.32:720][675]LogScript: Warning: UAkGameplayStatics::PostAkEvent: NULL Actor specified!
[2026.06.06-18.19.33:380][701]LogScript: Warning: UAkGameplayStatics::PostAkEvent: NULL Actor specified!
[2026.06.06-18.19.35:848][790]LogScript: Warning: UAkGameplayStatics::PostAkEvent: NULL Actor specified!
[2026.06.06-18.19.38:318][893]LogWidget: Warning: Widget_Popup_C_2147477033: Trying to set the default focus widget with a widget that isn't focusable: mButton
[2026.06.06-18.19.39:705][953]LogRenderer: Forcing update for all mesh draw commands: SkyLight real-time capture change
[2026.06.06-18.19.39:744][953]LogRenderer: Forcing update for all mesh draw commands: SkyLight real-time capture change
[2026.06.06-18.19.39:821][953]LogRenderer: Forcing update for all mesh draw commands: SkyLight real-time capture change
[2026.06.06-18.19.39:857][953]LogRenderer: Forcing update for all mesh draw commands: SkyLight real-time capture change
[2026.06.06-18.19.40:081][957]LogContentStreaming: Texture pool size now 400 MB
[2026.06.06-18.19.43:062][107]LogEOSSDK: Warning: LogEOSRTC: TickTracker Tick is delayed. TimePeriod=[10.003361s]  TickIntervalThreshold=[0.100000s] MaxTickInterval=[0.303077s] MaxExecutionTime=[0.000068s] TicksCount=[420] ExpectedTicksCount=[1000]
[2026.06.06-18.20.03:494][295]LogWidget: Warning: Widget_Popup_C_2147476886: Trying to set the default focus widget with a widget that isn't focusable: mButton
[2026.06.06-18.20.39:355][395]LogWidget: Warning: Widget_Popup_C_2147476718: Trying to set the default focus widget with a widget that isn't focusable: mButton
[2026.06.06-18.20.42:818][596]LogD3D11RHI: Error: D:\HordeAgent\Sandbox\Rel\Sync\Engine\Source\Runtime\Windows\D3D11RHI\Private\D3D11Viewport.cpp:(250): BackBuffer->GetResource() has 2 refs, expected 1
[2026.06.06-18.20.43:110][600]LogEOSSDK: Warning: LogEOSRTC: TickTracker Tick is delayed. TimePeriod=[10.003916s]  TickIntervalThreshold=[0.100000s] MaxTickInterval=[0.235946s] MaxExecutionTime=[0.000151s] TicksCount=[572] ExpectedTicksCount=[1000]
[2026.06.06-18.20.53:124][155]LogEOSSDK: Warning: LogEOSRTC: TickTracker Tick is delayed. TimePeriod=[10.013731s]  TickIntervalThreshold=[0.100000s] MaxTickInterval=[0.212114s] MaxExecutionTime=[0.000612s] TicksCount=[555] ExpectedTicksCount=[1001]
[2026.06.06-18.21.09:338][102]LogD3D11RHI: Error: D:\HordeAgent\Sandbox\Rel\Sync\Engine\Source\Runtime\Windows\D3D11RHI\Private\D3D11Viewport.cpp:(250): BackBuffer->GetResource() has 2 refs, expected 1
[2026.06.06-18.21.11:446][200]LogScript: Warning: UAkGameplayStatics::PostAkEvent: NULL Actor specified!
[2026.06.06-18.21.11:448][200]LogScript: Warning: UAkGameplayStatics::PostAkEvent: NULL Actor specified!
[2026.06.06-18.21.11:464][200]LogScript: Warning: UAkGameplayStatics::PostAkEvent: NULL Actor specified!
[2026.06.06-18.21.11:530][200]LogSlate: Took 0.045885 seconds to synchronously load lazily loaded font '../../../FactoryGame/Content/FactoryGame/Interface/Font/NotoSansCJK-Regular.ufont' (18310K)
[2026.06.06-18.21.13:127][286]LogEOSSDK: Warning: LogEOSRTC: TickTracker Tick is delayed. TimePeriod=[10.002158s]  TickIntervalThreshold=[0.100000s] MaxTickInterval=[0.143327s] MaxExecutionTime=[0.000169s] TicksCount=[550] ExpectedTicksCount=[1000]
[2026.06.06-18.21.16:617][489]LogScript: Warning: UAkGameplayStatics::PostAkEvent: NULL Actor specified!
[2026.06.06-18.21.16:636][490]LogScript: Warning: UAkGameplayStatics::PostAkEvent: NULL Actor specified!
[2026.06.06-18.21.19:565][660]LogWidget: Warning: Widget_Popup_C_2147476554: Trying to set the default focus widget with a widget that isn't focusable: mButton
[2026.06.06-18.21.20:696][726]LogPackageLocalizationCache: Processed 90 localized package path(s) for 1 prioritized culture(s) in 0.000199 seconds
[2026.06.06-18.21.20:697][726]LogSlate: Warning: FontCache flush requested. Reason: Culture for localization was changed
[2026.06.06-18.21.20:757][726]LogTextLocalizationResource: LocRes '../../../FactoryGame/Content/Localization/Game/ru/Game.locres' could not be opened for reading!
[2026.06.06-18.21.20:808][726]LogTextLocalizationResource: LocRes '../../../FactoryGame/Plugins/XeSS/Content/Localization/XeSS/ru/XeSS.locres' could not be opened for reading!
[2026.06.06-18.21.20:821][726]LogSlate: InvalidateAllWidgets triggered.  All widgets were invalidated
[2026.06.06-18.21.20:846][726]LogSlate: InvalidateAllWidgets triggered.  All widgets were invalidated
[2026.06.06-18.21.20:858][726]LogSlate: Slate font cache was flushed
[2026.06.06-18.21.20:865][727]LogSlate: Took 0.000412 seconds to synchronously load lazily loaded font '../../../FactoryGame/Content/FactoryGame/Interface/Font/OpenSans-Regular.ufont' (213K)
[2026.06.06-18.21.20:866][727]LogSlate: Took 0.000316 seconds to synchronously load lazily loaded font '../../../FactoryGame/Content/FactoryGame/Interface/Font/OpenSans-Bold.ufont' (220K)
[2026.06.06-18.21.20:866][727]LogSlate: Took 0.000324 seconds to synchronously load lazily loaded font '../../../FactoryGame/Content/FactoryGame/Interface/Font/OpenSans-SemiBold.ufont' (216K)
[2026.06.06-18.21.20:897][727]LogSlate: Took 0.023385 seconds to synchronously load lazily loaded font '../../../FactoryGame/Content/FactoryGame/Interface/Font/NotoSansCJK-Regular.ufont' (18310K)
[2026.06.06-18.21.20:898][727]LogSlate: Took 0.000330 seconds to synchronously load lazily loaded font '../../../Engine/Content/EngineFonts/Faces/RobotoBold.ufont' (160K)
[2026.06.06-18.21.22:230][803]LogScript: Warning: UAkGameplayStatics::PostAkEvent: NULL Actor specified!
[2026.06.06-18.21.22:252][803]LogWidget: Warning: Widget_Popup_C_2147476464: Trying to set the default focus widget with a widget that isn't focusable: mButton
[2026.06.06-18.21.23:129][850]LogEOSSDK: Warning: LogEOSRTC: TickTracker Tick is delayed. TimePeriod=[10.003052s]  TickIntervalThreshold=[0.100000s] MaxTickInterval=[0.164439s] MaxExecutionTime=[0.000654s] TicksCount=[564] ExpectedTicksCount=[1000]
[2026.06.06-18.21.36:083][590]LogWidget: Warning: Widget_Popup_C_2147476287: Trying to set the default focus widget with a widget that isn't focusable: mButton
[2026.06.06-18.21.41:955][925]LogWidget: Warning: Widget_Popup_C_2147476137: Trying to set the default focus widget with a widget that isn't focusable: mButton
[2026.06.06-18.22.22:307][296]LogStreamableManager: Display: RequestAsyncLoad() called with empty or only null assets!
[2026.06.06-18.22.22:322][297]LogStreamableManager: Display: RequestAsyncLoad() called with empty or only null assets!
[2026.06.06-18.22.22:322][297]LogStreamableManager: Display: RequestAsyncLoad() called with empty or only null assets!
[2026.06.06-18.22.22:322][297]LogStreamableManager: Display: RequestAsyncLoad() called with empty or only null assets!
[2026.06.06-18.22.22:323][297]LogStreamableManager: Display: RequestAsyncLoad() called with empty or only null assets!
[2026.06.06-18.22.22:323][297]LogStreamableManager: Display: RequestAsyncLoad() called with empty or only null assets!
[2026.06.06-18.22.31:805][842]LogWidget: Warning: Widget_Popup_C_2147475948: Trying to set the default focus widget with a widget that isn't focusable: mButton
[2026.06.06-18.22.40:781][362]LogMovieScene: Initializing a legacy player for sequence 'mSwitchImageAnim_INST'.
[2026.06.06-18.23.13:400][253]LogEOSSDK: LogEOS: Updating Product SDK Config, Time: 378.014496
[2026.06.06-18.23.13:893][281]LogEOSSDK: LogEOS: SDK Config Product Update Request Completed - No Change
[2026.06.06-18.23.13:893][281]LogEOSSDK: LogEOS: ScheduleNextSDKConfigDataUpdate - Time: 378.486481, Update Interval: 358.875702
[2026.06.06-18.24.02:344][ 77]LogWidget: Warning: Widget_Popup_C_2147475596: Trying to set the default focus widget with a widget that isn't focusable: mButton
[2026.06.06-18.24.15:289][801]LogWidget: Warning: Widget_Popup_C_2147475471: Trying to set the default focus widget with a widget that isn't focusable: mButton
[2026.06.06-18.24.19:881][ 55]LogWidget: Warning: Widget_Popup_C_2147475355: Trying to set the default focus widget with a widget that isn't focusable: mButton
[2026.06.06-18.25.10:514][953]LogGame: Error: Attempt to access option 'FG.GameMode.EnergyCostMultiplier' value as type '10' but it's type was '14' on Option Interface 'FGGameModeSettings /Engine/Transient.FGGameEngine_2147482617:FGGameInstance_2147482557.BP_FrontEnd_C_2147481995.WidgetTree_2147481994.BP_MainMenuWidget.WidgetTree_2147481993.Widget_PlayMenu_Alpha.FGGameModeSettings_2147480835'
[2026.06.06-18.25.10:515][953]LogGame: Error: Attempt to access option 'FG.GameMode.PartsCostMultiplier' value as type '10' but it's type was '14' on Option Interface 'FGGameModeSettings /Engine/Transient.FGGameEngine_2147482617:FGGameInstance_2147482557.BP_FrontEnd_C_2147481995.WidgetTree_2147481994.BP_MainMenuWidget.WidgetTree_2147481993.Widget_PlayMenu_Alpha.FGGameModeSettings_2147480835'
[2026.06.06-18.25.10:515][953]LogGame: Error: Attempt to access option 'FG.GameMode.SpacePartsCostMultiplier' value as type '10' but it's type was '14' on Option Interface 'FGGameModeSettings /Engine/Transient.FGGameEngine_2147482617:FGGameInstance_2147482557.BP_FrontEnd_C_2147481995.WidgetTree_2147481994.BP_MainMenuWidget.WidgetTree_2147481993.Widget_PlayMenu_Alpha.FGGameModeSettings_2147480835'
[2026.06.06-18.25.10:516][953]LogCommonSession: UCommonSessionSubsystem::CreateSessionCreationSequence Creating new SessionMigrationSequence
[2026.06.06-18.25.10:518][953]LogCommonSession: Cleaning up Steam session
[2026.06.06-18.25.10:518][953]LogCommonSession: Cleaning up Epic session
[2026.06.06-18.25.10:518][953]LogCommonSession: Trying to create Steam session
[2026.06.06-18.25.10:907][974]LogOnlineServices: Created Steam lobby with id 109775243144071001
[2026.06.06-18.25.10:916][974]LogStreaming: Display: FlushAsyncLoading(578): 1 QueuedPackages, 0 AsyncPackages
[2026.06.06-18.25.10:923][974]LogGameMode: Display: Match State Changed from InProgress to LeavingMap
[2026.06.06-18.25.10:923][974]LogGameState: Match State Changed from InProgress to LeavingMap
[2026.06.06-18.25.10:923][974]LogGameMode: ProcessServerTravel: /Game/FactoryGame/Map/GameLevel01/Persistent_Level?listen?sessionName=Dee's Forest 1.2 0.5x random rich?startloc=Northern Forest?gameModeSettings=FG.GameMode.EnergyCostMultiplier=DgAAAAQAAAAyAAAA,FG.GameMode.NodePuritySettings=DgAAAAQAAAAFAAAA,FG.GameMode.PartsCostMultiplier=DgAAAAQAAAAyAAAA,FG.GameMode.NodeRandomization=DgAAAAQAAAABAAAA,FG.GameMode.SpacePartsCostMultiplier=DgAAAAQAAAAyAAAA,FG.GameMode.NodeRandomizationSeed=DgAAAAQAAAD///9/?skiponboarding?ClientIdentity=210000003332393163613835346230316233643435663833386362633462643733323964000100000006080000001bd7f11a01001001?FallbackAccountNames=0100000000000000?PlayerInfoSnapshot=06000000535445414d00050000004e6f6e650001000000f106080000001bd7f11a01001001f3ffffff4400650065004d0061006e002000140438043c0430043d04000000000000?SessionDefinition=SessionDef_Steam
[2026.06.06-18.25.10:923][975]LogEngine: Server switch level: /Game/FactoryGame/Map/GameLevel01/Persistent_Level?listen?sessionName=Dee's Forest 1.2 0.5x random rich?startloc=Northern Forest?gameModeSettings=FG.GameMode.EnergyCostMultiplier=DgAAAAQAAAAyAAAA,FG.GameMode.NodePuritySettings=DgAAAAQAAAAFAAAA,FG.GameMode.PartsCostMultiplier=DgAAAAQAAAAyAAAA,FG.GameMode.NodeRandomization=DgAAAAQAAAABAAAA,FG.GameMode.SpacePartsCostMultiplier=DgAAAAQAAAAyAAAA,FG.GameMode.NodeRandomizationSeed=DgAAAAQAAAD///9/?skiponboarding?ClientIdentity=210000003332393163613835346230316233643435663833386362633462643733323964000100000006080000001bd7f11a01001001?FallbackAccountNames=0100000000000000?PlayerInfoSnapshot=06000000535445414d00050000004e6f6e650001000000f106080000001bd7f11a01001001f3ffffff4400650065004d0061006e002000140438043c0430043d04000000000000?SessionDefinition=SessionDef_Steam
[2026.06.06-18.25.10:923][975]LogGlobalStatus: UEngine::Browse Started Browse: "/Game/FactoryGame/Map/GameLevel01/Persistent_Level?listen?sessionName=Dee's Forest 1.2 0.5x random rich?startloc=Northern Forest?gameModeSettings=FG.GameMode.EnergyCostMultiplier=DgAAAAQAAAAyAAAA,FG.GameMode.NodePuritySettings=DgAAAAQAAAAFAAAA,FG.GameMode.PartsCostMultiplier=DgAAAAQAAAAyAAAA,FG.GameMode.NodeRandomization=DgAAAAQAAAABAAAA,FG.GameMode.SpacePartsCostMultiplier=DgAAAAQAAAAyAAAA,FG.GameMode.NodeRandomizationSeed=DgAAAAQAAAD///9/?skiponboarding?ClientIdentity=210000003332393163613835346230316233643435663833386362633462643733323964000100000006080000001bd7f11a01001001?FallbackAccountNames=0100000000000000?PlayerInfoSnapshot=06000000535445414d00050000004e6f6e650001000000f106080000001bd7f11a01001001f3ffffff4400650065004d0061006e002000140438043c0430043d04000000000000?SessionDefinition=SessionDef_Steam"
[2026.06.06-18.25.10:923][975]LogNet: Browse: /Game/FactoryGame/Map/GameLevel01/Persistent_Level?listen?sessionName=Dee's Forest 1.2 0.5x random rich?startloc=Northern Forest?gameModeSettings=FG.GameMode.EnergyCostMultiplier=DgAAAAQAAAAyAAAA,FG.GameMode.NodePuritySettings=DgAAAAQAAAAFAAAA,FG.GameMode.PartsCostMultiplier=DgAAAAQAAAAyAAAA,FG.GameMode.NodeRandomization=DgAAAAQAAAABAAAA,FG.GameMode.SpacePartsCostMultiplier=DgAAAAQAAAAyAAAA,FG.GameMode.NodeRandomizationSeed=DgAAAAQAAAD///9/?skiponboarding?ClientIdentity=210000003332393163613835346230316233643435663833386362633462643733323964000100000006080000001bd7f11a01001001?FallbackAccountNames=0100000000000000?PlayerInfoSnapshot=06000000535445414d00050000004e6f6e650001000000f106080000001bd7f11a01001001f3ffffff4400650065004d0061006e002000140438043c0430043d04000000000000?SessionDefinition=SessionDef_Steam
[2026.06.06-18.25.10:978][975]LogLoad: LoadMap: /Game/FactoryGame/Map/GameLevel01/Persistent_Level?listen?sessionName=Dee's Forest 1.2 0.5x random rich?startloc=Northern Forest?gameModeSettings=FG.GameMode.EnergyCostMultiplier=DgAAAAQAAAAyAAAA,FG.GameMode.NodePuritySettings=DgAAAAQAAAAFAAAA,FG.GameMode.PartsCostMultiplier=DgAAAAQAAAAyAAAA,FG.GameMode.NodeRandomization=DgAAAAQAAAABAAAA,FG.GameMode.SpacePartsCostMultiplier=DgAAAAQAAAAyAAAA,FG.GameMode.NodeRandomizationSeed=DgAAAAQAAAD///9/?skiponboarding?ClientIdentity=210000003332393163613835346230316233643435663833386362633462643733323964000100000006080000001bd7f11a01001001?FallbackAccountNames=0100000000000000?PlayerInfoSnapshot=06000000535445414d00050000004e6f6e650001000000f106080000001bd7f11a01001001f3ffffff4400650065004d0061006e002000140438043c0430043d04000000000000?SessionDefinition=SessionDef_Steam
[2026.06.06-18.25.10:978][975]LogWorld: BeginTearingDown for /Game/FactoryGame/Map/MenuScenes/Map_Menu_1_02
[2026.06.06-18.25.10:989][975]LogBlueprintUserMessages: [BPW_ReadOnlySessionInfo] Destruct ReadOnlySessionInfo
[2026.06.06-18.25.10:989][975]LogAkAudio: AFGPlayerControllerBase::RemoveWwise
[2026.06.06-18.25.10:990][975]LogSlate: Took 0.000509 seconds to synchronously load lazily loaded font '../../../Engine/Content/Slate/Fonts/Roboto-Bold.ttf' (160K)
[2026.06.06-18.25.10:993][975]LogWorld: UWorld::CleanupWorld for Map_Menu_1_02, bSessionEnded=true, bCleanupResources=true
[2026.06.06-18.25.11:041][975]LogAudio: Display: Audio Device unregistered from world 'None'.
[2026.06.06-18.25.11:108][975]LogRenderer: Forcing update for all mesh draw commands: SkyLight real-time capture change
[2026.06.06-18.25.11:142][975]LogUObjectHash: Compacting FUObjectHashTables data took   1.84ms
[2026.06.06-18.25.11:292][975]LogStaticMesh: [SM_VFX_SpitterMine_01] Mesh is marked for CPU read.
[2026.06.06-18.25.11:392][975]LogStaticMesh: [SM_MercerShrine_01] Mesh is marked for CPU read.
[2026.06.06-18.25.11:392][975]LogStaticMesh: [SM_MercerShrine_01] Mesh is marked for CPU read.
[2026.06.06-18.25.11:392][975]LogStaticMesh: [SM_MercerShrine_01] Mesh is marked for CPU read.
[2026.06.06-18.25.11:465][975]LogStaticMesh: [ArcLarge_02] Mesh is marked for CPU read.
[2026.06.06-18.25.11:465][975]LogStaticMesh: [ArcLarge_02] Mesh is marked for CPU read.
[2026.06.06-18.25.11:465][975]LogStaticMesh: [ArcLarge_02] Mesh is marked for CPU read.
[2026.06.06-18.25.11:465][975]LogStaticMesh: [ArcLarge_02] Mesh is marked for CPU read.
[2026.06.06-18.25.11:466][975]LogStaticMesh: [SM_BrokenArc_01] Mesh is marked for CPU read.
[2026.06.06-18.25.11:466][975]LogStaticMesh: [SM_BrokenArc_01] Mesh is marked for CPU read.
[2026.06.06-18.25.11:466][975]LogStaticMesh: [SM_BrokenArc_01] Mesh is marked for CPU read.
[2026.06.06-18.25.11:466][975]LogStaticMesh: [SM_BrokenArc_01] Mesh is marked for CPU read.
[2026.06.06-18.25.11:467][975]LogStaticMesh: [ArcLarge_03] Mesh is marked for CPU read.
[2026.06.06-18.25.11:467][975]LogStaticMesh: [ArcLarge_03] Mesh is marked for CPU read.
[2026.06.06-18.25.11:467][975]LogStaticMesh: [ArcLarge_03] Mesh is marked for CPU read.
[2026.06.06-18.25.11:467][975]LogStaticMesh: [ArcLarge_03] Mesh is marked for CPU read.
[2026.06.06-18.25.11:467][975]LogStaticMesh: [ArcLarge_Merged_001] Mesh is marked for CPU read.
[2026.06.06-18.25.11:467][975]LogStaticMesh: [ArcLarge_Merged_001] Mesh is marked for CPU read.
[2026.06.06-18.25.11:467][975]LogStaticMesh: [ArcLarge_Merged_001] Mesh is marked for CPU read.
[2026.06.06-18.25.11:467][975]LogStaticMesh: [ArcLarge_Merged_001] Mesh is marked for CPU read.
[2026.06.06-18.25.11:467][975]LogStaticMesh: [ArcCrooked_04] Mesh is marked for CPU read.
[2026.06.06-18.25.11:467][975]LogStaticMesh: [ArcCrooked_04] Mesh is marked for CPU read.
[2026.06.06-18.25.11:467][975]LogStaticMesh: [ArcCrooked_04] Mesh is marked for CPU read.
[2026.06.06-18.25.11:467][975]LogStaticMesh: [ArcCrooked_04] Mesh is marked for CPU read.
[2026.06.06-18.25.11:467][975]LogStaticMesh: [ArcLarge_01] Mesh is marked for CPU read.
[2026.06.06-18.25.11:467][975]LogStaticMesh: [ArcLarge_01] Mesh is marked for CPU read.
[2026.06.06-18.25.11:467][975]LogStaticMesh: [ArcLarge_01] Mesh is marked for CPU read.
[2026.06.06-18.25.11:467][975]LogStaticMesh: [ArcLarge_01] Mesh is marked for CPU read.
[2026.06.06-18.25.11:467][975]LogStaticMesh: [ArcLarge_04] Mesh is marked for CPU read.
[2026.06.06-18.25.11:467][975]LogStaticMesh: [ArcLarge_04] Mesh is marked for CPU read.
[2026.06.06-18.25.11:467][975]LogStaticMesh: [ArcLarge_04] Mesh is marked for CPU read.
[2026.06.06-18.25.11:467][975]LogStaticMesh: [ArcLarge_04] Mesh is marked for CPU read.
[2026.06.06-18.25.11:592][975]LogStaticMesh: [PowerSnail] Mesh is marked for CPU read.
[2026.06.06-18.25.11:592][975]LogStaticMesh: [PowerSnail] Mesh is marked for CPU read.
[2026.06.06-18.25.11:592][975]LogStaticMesh: [PowerSnail] Mesh is marked for CPU read.
[2026.06.06-18.25.11:927][975]LogWorldPartition: UWorldPartitionRuntimeSpatialHash::PostLoad : UseAlignedGridLevels = 0, SnapNonAlignedGridLevelsToLowerLevels = 1
[2026.06.06-18.25.12:002][975]LogAudio: Display: Audio Device (ID: 1) registered with world 'Persistent_Level'.
[2026.06.06-18.25.12:014][975]LogWorldPartition: ULevel::OnLevelLoaded(Persistent_Level)(bIsOwningWorldGameWorld=1, bIsOwningWorldPartitioned=1, InitializeForMainWorld=1, InitializeForEditor=0, InitializeForGame=1)
[2026.06.06-18.25.12:015][975]LogWorldPartition: Display: WorldPartition initialize started...
[2026.06.06-18.25.12:015][975]LogWorldPartition: UWorldPartition::Initialize : World = /Game/FactoryGame/Map/GameLevel01/Persistent_Level.Persistent_Level, World Type = Game, IsMainWorldPartition = 1, Location = V(0), Rotation = R(0), IsEditor = 0, IsGame = 1, IsPIEWorldTravel = 0, IsCooking = 0
[2026.06.06-18.25.12:015][975]LogWorldPartition: UWorldPartition::Initialize Context : World NetMode = Standalone, IsServer = 0, IsDedicatedServer = 0, IsServerStreamingEnabled = 1, IsServerStreamingOutEnabled = 1, IsUsingMakingVisibleTransaction = 0, IsUsingMakingInvisibleTransaction = 0
[2026.06.06-18.25.12:015][975]LogWorldPartition: Initial Data Layer Effective States Activated(DL_Cave) Loaded()
[2026.06.06-18.25.12:017][975]LogWorldPartition: Display: WorldPartition initialize took 2.478 ms
[2026.06.06-18.25.12:104][975]LogLoad: Game class is 'BP_GameMode_C'
[2026.06.06-18.25.12:111][975]LogReplicationGraph: Display: SetActorDiscoveryBudget set to 20 kBps (5333 bits per network tick).
[2026.06.06-18.25.12:112][975]LogNetCore: DDoS detection status: detection enabled: 0 analytics enabled: 0
[2026.06.06-18.25.12:113][975]LogPushModel: PushModel HandleCreation is now enabled
[2026.06.06-18.25.12:113][975]LogNet: InitBase GameNetDriver (NetDriverDefinition GameNetDriver) using replication model FGReplicationGraph
[2026.06.06-18.25.12:114][975]PacketHandlerLog: Loaded PacketHandler component: DTLSHandlerComponent ()
[2026.06.06-18.25.12:114][975]PacketHandlerLog: Loaded PacketHandler component: Engine.EngineHandlerComponentFactory (StatelessConnectHandlerComponent)
[2026.06.06-18.25.12:115][975]LogSockets: SteamSockets: Now tracking socket 65536 for addr steam.76561198412322587:7777, has parent? 0
[2026.06.06-18.25.12:115][975]LogNet: Name:GameNetDriver Def:GameNetDriver SteamSocketsNetDriver_2147475078 started listening on 7777
[2026.06.06-18.25.12:136][975]LogAkAudio: Warning: Enabled Late Reverb component for room AkSpatialAudioVolume_UAID_107C613DF100658602_1736155785 without an assigned Late Reverb Aux Bus
[2026.06.06-18.25.12:164][975]LogWorld: Bringing World /Game/FactoryGame/Map/GameLevel01/Persistent_Level.Persistent_Level up for play (max tick rate 60) at 2026.06.06-21.25.12
[2026.06.06-18.25.12:165][975]LogGame: Discovered 21 Remote Call Objects on AFGGameMode::InitGame
[2026.06.06-18.25.12:290][975]LogSeasonalEvents: AFGEventSubsystem::GetCurrentEvents: No active seasonal events
[2026.06.06-18.25.13:410][975]LogNiagara: Error: Emitter[ImpactPointsAtSphere] depends on Emitter[0] which is not available (has scalability removed it during a cook?).
[2026.06.06-18.25.13:993][975]LogStringTable: Warning: Failed to find string table entry for 'Player_UI' 'BuildMenu/Tabs/Cheats'. Did you forget to add a string table redirector?
[2026.06.06-18.25.14:169][975]LogGame: Set new random seed for node randomization 2147483647
[2026.06.06-18.25.14:201][975]LogWorld: Bringing up level for play took: 2.086990
[2026.06.06-18.25.14:203][975]LogNavigation: Warning: Navigation System: registration queue full! System:/Game/FactoryGame/Map/GameLevel01/Persistent_Level.Persistent_Level:NavigationSystemV1_2147475097 NavData:/Game/FactoryGame/Map/GameLevel01/Persistent_Level.Persistent_Level:PersistentLevel.FGEliteNavMesh_UAID_04421A9712A5C28A02-Elite
[2026.06.06-18.25.14:203][975]LogNavigation: Warning: Navigation System: registration queue full! System:/Game/FactoryGame/Map/GameLevel01/Persistent_Level.Persistent_Level:NavigationSystemV1_2147475097 NavData:/Game/FactoryGame/Map/GameLevel01/Persistent_Level.Persistent_Level:PersistentLevel.FGEliteNavMesh_UAID_107C613DF100648602-Elite
[2026.06.06-18.25.14:203][975]LogNavigation: Warning: Navigation System: registration queue full! System:/Game/FactoryGame/Map/GameLevel01/Persistent_Level.Persistent_Level:NavigationSystemV1_2147475097 NavData:/Game/FactoryGame/Map/GameLevel01/Persistent_Level.Persistent_Level:PersistentLevel.FGGiraffeNavMesh_UAID_04421A9712A5C28A02-Giraffe
[2026.06.06-18.25.14:204][975]LogNavigation: Warning: Navigation System: registration queue full! System:/Game/FactoryGame/Map/GameLevel01/Persistent_Level.Persistent_Level:NavigationSystemV1_2147475097 NavData:/Game/FactoryGame/Map/GameLevel01/Persistent_Level.Persistent_Level:PersistentLevel.FGGiraffeNavMesh_UAID_107C613DF100648602-Giraffe
[2026.06.06-18.25.14:204][975]LogNavigation: Error: Navmesh bounds are too large! Limiting requested tiles count (306440) to: (65536) for FGAlphaNavMesh /Game/FactoryGame/Map/GameLevel01/Persistent_Level.Persistent_Level:PersistentLevel.FGAlphaNavMesh_UAID_107C613DF100648602-Alpha. To resolve this, try using bigger tiles or increasing the TileNumberHardLimit in the NavMesh properties.
[2026.06.06-18.25.14:207][975]LogNavigation: Warning: NavData RegistrationFailed_AgentAlreadySupported, specified agent type already has its navmesh implemented.
[2026.06.06-18.25.14:207][975]LogNavigation: Error: Navmesh bounds are too large! Limiting requested tiles count (306440) to: (65536) for FGDefaultNavMesh /Game/FactoryGame/Map/GameLevel01/Persistent_Level.Persistent_Level:PersistentLevel.FGDefaultNavMesh_UAID_107C613DF100648602-Default. To resolve this, try using bigger tiles or increasing the TileNumberHardLimit in the NavMesh properties.
[2026.06.06-18.25.14:208][975]LogNavigation: Warning: NavData RegistrationFailed_AgentAlreadySupported, specified agent type already has its navmesh implemented.
[2026.06.06-18.25.14:209][975]LogNavigation: Error: Navmesh bounds are too large! Limiting requested tiles count (306440) to: (65536) for FGCritterNavMesh /Game/FactoryGame/Map/GameLevel01/Persistent_Level.Persistent_Level:PersistentLevel.FGCritterNavMesh_UAID_107C613DF100648602-Critter. To resolve this, try using bigger tiles or increasing the TileNumberHardLimit in the NavMesh properties.
[2026.06.06-18.25.14:210][975]LogNavigation: Warning: NavData RegistrationFailed_AgentAlreadySupported, specified agent type already has its navmesh implemented.
[2026.06.06-18.25.14:212][975]LogNavigation: Warning: NavData RegistrationFailed_AgentNotValid, NavData instance contains navmesh that doesn't support any of expected agent types.
[2026.06.06-18.25.14:212][975]LogNavigation: Warning: NavData RegistrationFailed_AgentNotValid, NavData instance contains navmesh that doesn't support any of expected agent types.
[2026.06.06-18.25.14:212][975]LogNavigation: Warning: NavData RegistrationFailed_AgentNotValid, NavData instance contains navmesh that doesn't support any of expected agent types.
[2026.06.06-18.25.14:214][975]LogNavigation: Warning: NavData RegistrationFailed_AgentNotValid, NavData instance contains navmesh that doesn't support any of expected agent types.
[2026.06.06-18.25.14:215][975]LogNavigation: Warning: NavData RegistrationFailed_AgentNotValid, NavData instance contains navmesh that doesn't support any of expected agent types.
[2026.06.06-18.25.14:215][975]LogNavigation: Warning: NavData RegistrationFailed_AgentNotValid, NavData instance contains navmesh that doesn't support any of expected agent types.
[2026.06.06-18.25.14:217][975]LogNavigation: Warning: NavData RegistrationFailed_AgentNotValid, NavData instance contains navmesh that doesn't support any of expected agent types.
[2026.06.06-18.25.14:219][975]LogNavigation: Warning: NavData RegistrationFailed_AgentNotValid, NavData instance contains navmesh that doesn't support any of expected agent types.
[2026.06.06-18.25.14:219][975]LogNavigation: Warning: NavData RegistrationFailed_AgentNotValid, NavData instance contains navmesh that doesn't support any of expected agent types.
[2026.06.06-18.25.14:221][975]LogNavigation: Warning: FNavigationOctree::AddNode: Empty bounds, ignoring FGWaterVolume /Game/FactoryGame/Map/GameLevel01/Persistent_Level.Persistent_Level:PersistentLevel.FGWaterVolume_UAID_04421A971D488DC301_1756062899.
[2026.06.06-18.25.14:222][975]LogNavigation: Warning: FNavigationOctree::AddNode: Empty bounds, ignoring FGWaterVolume /Game/FactoryGame/Map/GameLevel01/Persistent_Level.Persistent_Level:PersistentLevel.FGWaterVolume_UAID_04421A971D4867C501_1719327323.
[2026.06.06-18.25.14:222][975]LogNavigation: Warning: FNavigationOctree::AddNode: Empty bounds, ignoring FGWaterVolume /Game/FactoryGame/Map/GameLevel01/Persistent_Level.Persistent_Level:PersistentLevel.FGWaterVolume_UAID_04421A971D4893C301_1873925957.
[2026.06.06-18.25.14:223][975]LogNavigation: Warning: FNavigationOctree::AddNode: Empty bounds, ignoring FGWaterVolume /Game/FactoryGame/Map/GameLevel01/Persistent_Level.Persistent_Level:PersistentLevel.FGWaterVolume_UAID_04421A971D48CFC301_1960588519.
[2026.06.06-18.25.14:223][975]LogNavigation: Warning: FNavigationOctree::AddNode: Empty bounds, ignoring FGWaterVolume /Game/FactoryGame/Map/GameLevel01/Persistent_Level.Persistent_Level:PersistentLevel.FGWaterVolume_UAID_04421A971D4893C301_2008175959.
[2026.06.06-18.25.14:224][975]LogNavigation: Warning: FNavigationOctree::AddNode: Empty bounds, ignoring FGWaterVolume /Game/FactoryGame/Map/GameLevel01/Persistent_Level.Persistent_Level:PersistentLevel.FGWaterVolume_UAID_04421A971D4896C301_1149918480.
[2026.06.06-18.25.14:224][975]LogNavigation: Warning: FNavigationOctree::AddNode: Empty bounds, ignoring FGWaterVolume /Game/FactoryGame/Map/GameLevel01/Persistent_Level.Persistent_Level:PersistentLevel.FGWaterVolume_UAID_04421A971D4896C301_1838890481.
[2026.06.06-18.25.14:224][975]LogNavigation: Warning: FNavigationOctree::AddNode: Empty bounds, ignoring FGWaterVolume /Game/FactoryGame/Map/GameLevel01/Persistent_Level.Persistent_Level:PersistentLevel.FGWaterVolume_UAID_04421A971D4893C301_1793936956.
[2026.06.06-18.25.14:225][975]LogNavigation: Warning: FNavigationOctree::AddNode: Empty bounds, ignoring FGWaterVolume /Game/FactoryGame/Map/GameLevel01/Persistent_Level.Persistent_Level:PersistentLevel.FGWaterVolume_UAID_04421A971D4893C301_1954321958.
[2026.06.06-18.25.14:228][975]LogNavigation: Warning: FNavigationOctree::AddNode: Empty bounds, ignoring FGWaterVolume /Game/FactoryGame/Map/GameLevel01/Persistent_Level.Persistent_Level:PersistentLevel.FGWaterVolume_UAID_04421A971D488DC301_1756062899.
[2026.06.06-18.25.14:228][975]LogNavigation: Warning: FNavigationOctree::AddNode: Empty bounds, ignoring FGWaterVolume /Game/FactoryGame/Map/GameLevel01/Persistent_Level.Persistent_Level:PersistentLevel.FGWaterVolume_UAID_04421A971D4867C501_1719327323.
[2026.06.06-18.25.14:228][975]LogNavigation: Warning: FNavigationOctree::AddNode: Empty bounds, ignoring FGWaterVolume /Game/FactoryGame/Map/GameLevel01/Persistent_Level.Persistent_Level:PersistentLevel.FGWaterVolume_UAID_04421A971D4893C301_1873925957.
[2026.06.06-18.25.14:229][975]LogNavigation: Warning: FNavigationOctree::AddNode: Empty bounds, ignoring FGWaterVolume /Game/FactoryGame/Map/GameLevel01/Persistent_Level.Persistent_Level:PersistentLevel.FGWaterVolume_UAID_04421A971D48CFC301_1960588519.
[2026.06.06-18.25.14:229][975]LogNavigation: Warning: FNavigationOctree::AddNode: Empty bounds, ignoring FGWaterVolume /Game/FactoryGame/Map/GameLevel01/Persistent_Level.Persistent_Level:PersistentLevel.FGWaterVolume_UAID_04421A971D4893C301_2008175959.
[2026.06.06-18.25.14:229][975]LogNavigation: Warning: FNavigationOctree::AddNode: Empty bounds, ignoring FGWaterVolume /Game/FactoryGame/Map/GameLevel01/Persistent_Level.Persistent_Level:PersistentLevel.FGWaterVolume_UAID_04421A971D4896C301_1149918480.
[2026.06.06-18.25.14:230][975]LogNavigation: Warning: FNavigationOctree::AddNode: Empty bounds, ignoring FGWaterVolume /Game/FactoryGame/Map/GameLevel01/Persistent_Level.Persistent_Level:PersistentLevel.FGWaterVolume_UAID_04421A971D4896C301_1838890481.
[2026.06.06-18.25.14:230][975]LogNavigation: Warning: FNavigationOctree::AddNode: Empty bounds, ignoring FGWaterVolume /Game/FactoryGame/Map/GameLevel01/Persistent_Level.Persistent_Level:PersistentLevel.FGWaterVolume_UAID_04421A971D4893C301_1793936956.
[2026.06.06-18.25.14:230][975]LogNavigation: Warning: FNavigationOctree::AddNode: Empty bounds, ignoring FGWaterVolume /Game/FactoryGame/Map/GameLevel01/Persistent_Level.Persistent_Level:PersistentLevel.FGWaterVolume_UAID_04421A971D4893C301_1954321958.
[2026.06.06-18.25.14:253][975]LogGameMode: Display: Match State Changed from EnteringMap to WaitingToStart
[2026.06.06-18.25.14:253][975]LogGameState: Match State Changed from EnteringMap to WaitingToStart
[2026.06.06-18.25.14:292][975]LogStaticMesh: [ArcCrooked_06] Mesh is marked for CPU read.
[2026.06.06-18.25.14:292][975]LogStaticMesh: [ArcCrooked_06] Mesh is marked for CPU read.
[2026.06.06-18.25.14:292][975]LogStaticMesh: [ArcCrooked_06] Mesh is marked for CPU read.
[2026.06.06-18.25.14:292][975]LogStaticMesh: [ArcCrooked_06] Mesh is marked for CPU read.
[2026.06.06-18.25.14:293][975]LogStaticMesh: [ArcSmall_04] Mesh is marked for CPU read.
[2026.06.06-18.25.14:293][975]LogStaticMesh: [ArcSmall_04] Mesh is marked for CPU read.
[2026.06.06-18.25.14:293][975]LogStaticMesh: [ArcSmall_04] Mesh is marked for CPU read.
[2026.06.06-18.25.14:293][975]LogStaticMesh: [ArcSmall_04] Mesh is marked for CPU read.
[2026.06.06-18.25.14:293][975]LogStaticMesh: [ArcSmall_01] Mesh is marked for CPU read.
[2026.06.06-18.25.14:293][975]LogStaticMesh: [ArcSmall_01] Mesh is marked for CPU read.
[2026.06.06-18.25.14:293][975]LogStaticMesh: [ArcSmall_01] Mesh is marked for CPU read.
[2026.06.06-18.25.14:293][975]LogStaticMesh: [ArcSmall_01] Mesh is marked for CPU read.
[2026.06.06-18.25.14:293][975]LogStaticMesh: [ArcCrooked_02] Mesh is marked for CPU read.
[2026.06.06-18.25.14:293][975]LogStaticMesh: [ArcCrooked_02] Mesh is marked for CPU read.
[2026.06.06-18.25.14:293][975]LogStaticMesh: [ArcCrooked_02] Mesh is marked for CPU read.
[2026.06.06-18.25.14:293][975]LogStaticMesh: [ArcCrooked_02] Mesh is marked for CPU read.
[2026.06.06-18.25.14:293][975]LogStaticMesh: [ArcSmall_02] Mesh is marked for CPU read.
[2026.06.06-18.25.14:293][975]LogStaticMesh: [ArcSmall_02] Mesh is marked for CPU read.
[2026.06.06-18.25.14:293][975]LogStaticMesh: [ArcSmall_02] Mesh is marked for CPU read.
[2026.06.06-18.25.14:293][975]LogStaticMesh: [ArcSmall_02] Mesh is marked for CPU read.
[2026.06.06-18.25.14:294][975]LogStaticMesh: [ArcMedium_03] Mesh is marked for CPU read.
[2026.06.06-18.25.14:294][975]LogStaticMesh: [ArcMedium_03] Mesh is marked for CPU read.
[2026.06.06-18.25.14:294][975]LogStaticMesh: [ArcMedium_03] Mesh is marked for CPU read.
[2026.06.06-18.25.14:294][975]LogStaticMesh: [ArcMedium_03] Mesh is marked for CPU read.
[2026.06.06-18.25.14:299][975]LogStaticMesh: [ArcSmall_03] Mesh is marked for CPU read.
[2026.06.06-18.25.14:299][975]LogStaticMesh: [ArcSmall_03] Mesh is marked for CPU read.
[2026.06.06-18.25.14:299][975]LogStaticMesh: [ArcSmall_03] Mesh is marked for CPU read.
[2026.06.06-18.25.14:299][975]LogStaticMesh: [ArcSmall_03] Mesh is marked for CPU read.
[2026.06.06-18.25.14:306][975]LogStaticMesh: [ArcMedium_01] Mesh is marked for CPU read.
[2026.06.06-18.25.14:306][975]LogStaticMesh: [ArcMedium_01] Mesh is marked for CPU read.
[2026.06.06-18.25.14:306][975]LogStaticMesh: [ArcMedium_01] Mesh is marked for CPU read.
[2026.06.06-18.25.14:306][975]LogStaticMesh: [ArcMedium_01] Mesh is marked for CPU read.
[2026.06.06-18.25.14:369][975]LogStaticMesh: [ArcMedium_02] Mesh is marked for CPU read.
[2026.06.06-18.25.14:369][975]LogStaticMesh: [ArcMedium_02] Mesh is marked for CPU read.
[2026.06.06-18.25.14:369][975]LogStaticMesh: [ArcMedium_02] Mesh is marked for CPU read.
[2026.06.06-18.25.14:369][975]LogStaticMesh: [ArcMedium_02] Mesh is marked for CPU read.
[2026.06.06-18.25.14:370][975]LogStaticMesh: [ArcCrooked_01] Mesh is marked for CPU read.
[2026.06.06-18.25.14:370][975]LogStaticMesh: [ArcCrooked_01] Mesh is marked for CPU read.
[2026.06.06-18.25.14:370][975]LogStaticMesh: [ArcCrooked_01] Mesh is marked for CPU read.
[2026.06.06-18.25.14:370][975]LogStaticMesh: [ArcCrooked_01] Mesh is marked for CPU read.
[2026.06.06-18.25.14:370][975]LogStaticMesh: [ArcCrooked_07] Mesh is marked for CPU read.
[2026.06.06-18.25.14:370][975]LogStaticMesh: [ArcCrooked_07] Mesh is marked for CPU read.
[2026.06.06-18.25.14:370][975]LogStaticMesh: [ArcCrooked_07] Mesh is marked for CPU read.
[2026.06.06-18.25.14:370][975]LogStaticMesh: [ArcCrooked_07] Mesh is marked for CPU read.
[2026.06.06-18.25.14:370][975]LogStaticMesh: [ArcCrooked_05] Mesh is marked for CPU read.
[2026.06.06-18.25.14:370][975]LogStaticMesh: [ArcCrooked_05] Mesh is marked for CPU read.
[2026.06.06-18.25.14:370][975]LogStaticMesh: [ArcCrooked_05] Mesh is marked for CPU read.
[2026.06.06-18.25.14:370][975]LogStaticMesh: [ArcCrooked_05] Mesh is marked for CPU read.
[2026.06.06-18.25.14:374][975]LogStaticMesh: [ArcCrooked_03] Mesh is marked for CPU read.
[2026.06.06-18.25.14:374][975]LogStaticMesh: [ArcCrooked_03] Mesh is marked for CPU read.
[2026.06.06-18.25.14:374][975]LogStaticMesh: [ArcCrooked_03] Mesh is marked for CPU read.
[2026.06.06-18.25.14:374][975]LogStaticMesh: [ArcCrooked_03] Mesh is marked for CPU read.
[2026.06.06-18.25.14:383][975]LogStaticMesh: [ArcStump_01] Mesh is marked for CPU read.
[2026.06.06-18.25.14:383][975]LogStaticMesh: [ArcStump_01] Mesh is marked for CPU read.
[2026.06.06-18.25.14:383][975]LogStaticMesh: [ArcStump_01] Mesh is marked for CPU read.
[2026.06.06-18.25.14:383][975]LogStaticMesh: [ArcStump_01] Mesh is marked for CPU read.
[2026.06.06-18.25.14:590][975]LogStaticMesh: [Arc_Center] Mesh is marked for CPU read.
[2026.06.06-18.25.14:590][975]LogStaticMesh: [Arc_Center] Mesh is marked for CPU read.
[2026.06.06-18.25.14:590][975]LogStaticMesh: [Arc_Center] Mesh is marked for CPU read.
[2026.06.06-18.25.14:590][975]LogStaticMesh: [Arc_Center] Mesh is marked for CPU read.
[2026.06.06-18.25.14:690][975]LogStaticMesh: [CliffPillar_07] Mesh is marked for CPU read.
[2026.06.06-18.25.14:690][975]LogStaticMesh: [CliffPillar_07] Mesh is marked for CPU read.
[2026.06.06-18.25.14:690][975]LogStaticMesh: [CliffPillar_07] Mesh is marked for CPU read.
[2026.06.06-18.25.14:690][975]LogStaticMesh: [CliffPillar_07] Mesh is marked for CPU read.
[2026.06.06-18.25.14:691][975]LogStaticMesh: [CliffPillar_01_Front] Mesh is marked for CPU read.
[2026.06.06-18.25.14:691][975]LogStaticMesh: [CliffPillar_01_Front] Mesh is marked for CPU read.
[2026.06.06-18.25.14:691][975]LogStaticMesh: [CliffPillar_01_Front] Mesh is marked for CPU read.
[2026.06.06-18.25.14:691][975]LogStaticMesh: [CliffPillar_01_Front] Mesh is marked for CPU read.
[2026.06.06-18.25.14:692][975]LogStaticMesh: [CliffFormation_04] Mesh is marked for CPU read.
[2026.06.06-18.25.14:692][975]LogStaticMesh: [CliffFormation_04] Mesh is marked for CPU read.
[2026.06.06-18.25.14:692][975]LogStaticMesh: [CliffFormation_04] Mesh is marked for CPU read.
[2026.06.06-18.25.14:692][975]LogStaticMesh: [CliffFormation_04] Mesh is marked for CPU read.
[2026.06.06-18.25.14:692][975]LogStaticMesh: [CliffPillar_06] Mesh is marked for CPU read.
[2026.06.06-18.25.14:692][975]LogStaticMesh: [CliffPillar_06] Mesh is marked for CPU read.
[2026.06.06-18.25.14:692][975]LogStaticMesh: [CliffPillar_06] Mesh is marked for CPU read.
[2026.06.06-18.25.14:692][975]LogStaticMesh: [CliffPillar_06] Mesh is marked for CPU read.
[2026.06.06-18.25.14:693][975]LogStaticMesh: [CliffPillar_05_Top] Mesh is marked for CPU read.
[2026.06.06-18.25.14:693][975]LogStaticMesh: [CliffPillar_05_Top] Mesh is marked for CPU read.
[2026.06.06-18.25.14:693][975]LogStaticMesh: [CliffPillar_05_Top] Mesh is marked for CPU read.
[2026.06.06-18.25.14:693][975]LogStaticMesh: [CliffPillar_05_Top] Mesh is marked for CPU read.
[2026.06.06-18.25.14:694][975]LogStaticMesh: [CliffFlat_02] Mesh is marked for CPU read.
[2026.06.06-18.25.14:694][975]LogStaticMesh: [CliffFlat_02] Mesh is marked for CPU read.
[2026.06.06-18.25.14:694][975]LogStaticMesh: [CliffFlat_02] Mesh is marked for CPU read.
[2026.06.06-18.25.14:694][975]LogStaticMesh: [CliffFlat_02] Mesh is marked for CPU read.
[2026.06.06-18.25.14:694][975]LogStaticMesh: [CliffFormation_01] Mesh is marked for CPU read.
[2026.06.06-18.25.14:694][975]LogStaticMesh: [CliffFormation_01] Mesh is marked for CPU read.
[2026.06.06-18.25.14:694][975]LogStaticMesh: [CliffFormation_01] Mesh is marked for CPU read.
[2026.06.06-18.25.14:694][975]LogStaticMesh: [CliffFormation_01] Mesh is marked for CPU read.
[2026.06.06-18.25.14:694][975]LogStaticMesh: [CliffFormation_03] Mesh is marked for CPU read.
[2026.06.06-18.25.14:695][975]LogStaticMesh: [CliffFormation_03] Mesh is marked for CPU read.
[2026.06.06-18.25.14:695][975]LogStaticMesh: [CliffFormation_03] Mesh is marked for CPU read.
[2026.06.06-18.25.14:695][975]LogStaticMesh: [CliffFormation_03] Mesh is marked for CPU read.
[2026.06.06-18.25.14:695][975]LogStaticMesh: [CliffFormation_07] Mesh is marked for CPU read.
[2026.06.06-18.25.14:695][975]LogStaticMesh: [CliffFormation_07] Mesh is marked for CPU read.
[2026.06.06-18.25.14:695][975]LogStaticMesh: [CliffFormation_07] Mesh is marked for CPU read.
[2026.06.06-18.25.14:695][975]LogStaticMesh: [CliffFormation_07] Mesh is marked for CPU read.
[2026.06.06-18.25.14:695][975]LogStaticMesh: [CliffSide_02] Mesh is marked for CPU read.
[2026.06.06-18.25.14:695][975]LogStaticMesh: [CliffSide_02] Mesh is marked for CPU read.
[2026.06.06-18.25.14:695][975]LogStaticMesh: [CliffSide_02] Mesh is marked for CPU read.
[2026.06.06-18.25.14:695][975]LogStaticMesh: [CliffSide_02] Mesh is marked for CPU read.
[2026.06.06-18.25.14:696][975]LogStaticMesh: [CliffPillar_05] Mesh is marked for CPU read.
[2026.06.06-18.25.14:696][975]LogStaticMesh: [CliffPillar_05] Mesh is marked for CPU read.
[2026.06.06-18.25.14:696][975]LogStaticMesh: [CliffPillar_05] Mesh is marked for CPU read.
[2026.06.06-18.25.14:696][975]LogStaticMesh: [CliffPillar_05] Mesh is marked for CPU read.
[2026.06.06-18.25.14:697][975]LogStaticMesh: [CliffFormation_02] Mesh is marked for CPU read.
[2026.06.06-18.25.14:697][975]LogStaticMesh: [CliffFormation_02] Mesh is marked for CPU read.
[2026.06.06-18.25.14:697][975]LogStaticMesh: [CliffFormation_02] Mesh is marked for CPU read.
[2026.06.06-18.25.14:697][975]LogStaticMesh: [CliffFormation_02] Mesh is marked for CPU read.
[2026.06.06-18.25.14:698][975]LogStaticMesh: [CliffSide_01] Mesh is marked for CPU read.
[2026.06.06-18.25.14:698][975]LogStaticMesh: [CliffSide_01] Mesh is marked for CPU read.
[2026.06.06-18.25.14:698][975]LogStaticMesh: [CliffSide_01] Mesh is marked for CPU read.
[2026.06.06-18.25.14:698][975]LogStaticMesh: [CliffSide_01] Mesh is marked for CPU read.
[2026.06.06-18.25.14:699][975]LogStaticMesh: [CliffPillar_05_Bot] Mesh is marked for CPU read.
[2026.06.06-18.25.14:699][975]LogStaticMesh: [CliffPillar_05_Bot] Mesh is marked for CPU read.
[2026.06.06-18.25.14:699][975]LogStaticMesh: [CliffPillar_05_Bot] Mesh is marked for CPU read.
[2026.06.06-18.25.14:699][975]LogStaticMesh: [CliffPillar_05_Bot] Mesh is marked for CPU read.
[2026.06.06-18.25.14:705][975]LogStaticMesh: [CliffCone_01] Mesh is marked for CPU read.
[2026.06.06-18.25.14:705][975]LogStaticMesh: [CliffCone_01] Mesh is marked for CPU read.
[2026.06.06-18.25.14:705][975]LogStaticMesh: [CliffCone_01] Mesh is marked for CPU read.
[2026.06.06-18.25.14:705][975]LogStaticMesh: [CliffCone_01] Mesh is marked for CPU read.
[2026.06.06-18.25.14:705][975]LogStaticMesh: [CliffPillar_01_Left] Mesh is marked for CPU read.
[2026.06.06-18.25.14:705][975]LogStaticMesh: [CliffPillar_01_Left] Mesh is marked for CPU read.
[2026.06.06-18.25.14:705][975]LogStaticMesh: [CliffPillar_01_Left] Mesh is marked for CPU read.
[2026.06.06-18.25.14:705][975]LogStaticMesh: [CliffPillar_01_Left] Mesh is marked for CPU read.
[2026.06.06-18.25.14:707][975]LogStaticMesh: [CliffPillar_01] Mesh is marked for CPU read.
[2026.06.06-18.25.14:707][975]LogStaticMesh: [CliffPillar_01] Mesh is marked for CPU read.
[2026.06.06-18.25.14:707][975]LogStaticMesh: [CliffPillar_01] Mesh is marked for CPU read.
[2026.06.06-18.25.14:707][975]LogStaticMesh: [CliffPillar_01] Mesh is marked for CPU read.
[2026.06.06-18.25.14:708][975]LogStaticMesh: [CliffPillar_01_Bot] Mesh is marked for CPU read.
[2026.06.06-18.25.14:708][975]LogStaticMesh: [CliffPillar_01_Bot] Mesh is marked for CPU read.
[2026.06.06-18.25.14:708][975]LogStaticMesh: [CliffPillar_01_Bot] Mesh is marked for CPU read.
[2026.06.06-18.25.14:708][975]LogStaticMesh: [CliffPillar_01_Bot] Mesh is marked for CPU read.
[2026.06.06-18.25.14:716][975]LogStaticMesh: [CliffPillar_01_Top] Mesh is marked for CPU read.
[2026.06.06-18.25.14:716][975]LogStaticMesh: [CliffPillar_01_Top] Mesh is marked for CPU read.
[2026.06.06-18.25.14:716][975]LogStaticMesh: [CliffPillar_01_Top] Mesh is marked for CPU read.
[2026.06.06-18.25.14:716][975]LogStaticMesh: [CliffPillar_01_Top] Mesh is marked for CPU read.
[2026.06.06-18.25.14:717][975]LogStaticMesh: [CliffPillar_01_Right] Mesh is marked for CPU read.
[2026.06.06-18.25.14:717][975]LogStaticMesh: [CliffPillar_01_Right] Mesh is marked for CPU read.
[2026.06.06-18.25.14:717][975]LogStaticMesh: [CliffPillar_01_Right] Mesh is marked for CPU read.
[2026.06.06-18.25.14:717][975]LogStaticMesh: [CliffPillar_01_Right] Mesh is marked for CPU read.
[2026.06.06-18.25.14:718][975]LogStaticMesh: [CliffPillar_01_Back] Mesh is marked for CPU read.
[2026.06.06-18.25.14:718][975]LogStaticMesh: [CliffPillar_01_Back] Mesh is marked for CPU read.
[2026.06.06-18.25.14:718][975]LogStaticMesh: [CliffPillar_01_Back] Mesh is marked for CPU read.
[2026.06.06-18.25.14:719][975]LogStaticMesh: [CliffPillar_01_Back] Mesh is marked for CPU read.
[2026.06.06-18.25.14:724][975]LogStaticMesh: [CliffPillar_02] Mesh is marked for CPU read.
[2026.06.06-18.25.14:724][975]LogStaticMesh: [CliffPillar_02] Mesh is marked for CPU read.
[2026.06.06-18.25.14:724][975]LogStaticMesh: [CliffPillar_02] Mesh is marked for CPU read.
[2026.06.06-18.25.14:724][975]LogStaticMesh: [CliffPillar_02] Mesh is marked for CPU read.
[2026.06.06-18.25.14:725][975]LogStaticMesh: [CliffPillar_02_Bot] Mesh is marked for CPU read.
[2026.06.06-18.25.14:725][975]LogStaticMesh: [CliffPillar_02_Bot] Mesh is marked for CPU read.
[2026.06.06-18.25.14:725][975]LogStaticMesh: [CliffPillar_02_Bot] Mesh is marked for CPU read.
[2026.06.06-18.25.14:725][975]LogStaticMesh: [CliffPillar_02_Bot] Mesh is marked for CPU read.
[2026.06.06-18.25.14:726][975]LogStaticMesh: [CliffPillar_02_Top] Mesh is marked for CPU read.
[2026.06.06-18.25.14:726][975]LogStaticMesh: [CliffPillar_02_Top] Mesh is marked for CPU read.
[2026.06.06-18.25.14:726][975]LogStaticMesh: [CliffPillar_02_Top] Mesh is marked for CPU read.
[2026.06.06-18.25.14:726][975]LogStaticMesh: [CliffPillar_02_Top] Mesh is marked for CPU read.
[2026.06.06-18.25.14:726][975]LogStaticMesh: [CliffPillar_02_Back] Mesh is marked for CPU read.
[2026.06.06-18.25.14:726][975]LogStaticMesh: [CliffPillar_02_Back] Mesh is marked for CPU read.
[2026.06.06-18.25.14:726][975]LogStaticMesh: [CliffPillar_02_Back] Mesh is marked for CPU read.
[2026.06.06-18.25.14:726][975]LogStaticMesh: [CliffPillar_02_Back] Mesh is marked for CPU read.
[2026.06.06-18.25.14:727][975]LogStaticMesh: [CliffPillar_02_Right] Mesh is marked for CPU read.
[2026.06.06-18.25.14:727][975]LogStaticMesh: [CliffPillar_02_Right] Mesh is marked for CPU read.
[2026.06.06-18.25.14:727][975]LogStaticMesh: [CliffPillar_02_Right] Mesh is marked for CPU read.
[2026.06.06-18.25.14:727][975]LogStaticMesh: [CliffPillar_02_Right] Mesh is marked for CPU read.
[2026.06.06-18.25.14:727][975]LogStaticMesh: [CliffPillar_02_Front] Mesh is marked for CPU read.
[2026.06.06-18.25.14:727][975]LogStaticMesh: [CliffPillar_02_Front] Mesh is marked for CPU read.
[2026.06.06-18.25.14:727][975]LogStaticMesh: [CliffPillar_02_Front] Mesh is marked for CPU read.
[2026.06.06-18.25.14:727][975]LogStaticMesh: [CliffPillar_02_Front] Mesh is marked for CPU read.
[2026.06.06-18.25.14:729][975]LogStaticMesh: [CliffPillar_02_Left] Mesh is marked for CPU read.
[2026.06.06-18.25.14:729][975]LogStaticMesh: [CliffPillar_02_Left] Mesh is marked for CPU read.
[2026.06.06-18.25.14:729][975]LogStaticMesh: [CliffPillar_02_Left] Mesh is marked for CPU read.
[2026.06.06-18.25.14:729][975]LogStaticMesh: [CliffPillar_02_Left] Mesh is marked for CPU read.
[2026.06.06-18.25.14:737][975]LogStaticMesh: [CliffFlat_04] Mesh is marked for CPU read.
[2026.06.06-18.25.14:737][975]LogStaticMesh: [CliffFlat_04] Mesh is marked for CPU read.
[2026.06.06-18.25.14:737][975]LogStaticMesh: [CliffFlat_04] Mesh is marked for CPU read.
[2026.06.06-18.25.14:737][975]LogStaticMesh: [CliffFlat_04] Mesh is marked for CPU read.
[2026.06.06-18.25.14:738][975]LogStaticMesh: [CliffFlat_01] Mesh is marked for CPU read.
[2026.06.06-18.25.14:738][975]LogStaticMesh: [CliffFlat_01] Mesh is marked for CPU read.
[2026.06.06-18.25.14:738][975]LogStaticMesh: [CliffFlat_01] Mesh is marked for CPU read.
[2026.06.06-18.25.14:738][975]LogStaticMesh: [CliffFlat_01] Mesh is marked for CPU read.
[2026.06.06-18.25.14:744][975]LogStaticMesh: [CliffFormation_06] Mesh is marked for CPU read.
[2026.06.06-18.25.14:744][975]LogStaticMesh: [CliffFormation_06] Mesh is marked for CPU read.
[2026.06.06-18.25.14:744][975]LogStaticMesh: [CliffFormation_06] Mesh is marked for CPU read.
[2026.06.06-18.25.14:744][975]LogStaticMesh: [CliffFormation_06] Mesh is marked for CPU read.
[2026.06.06-18.25.14:746][975]LogStaticMesh: [CliffPillar_03] Mesh is marked for CPU read.
[2026.06.06-18.25.14:747][975]LogStaticMesh: [CliffPillar_03] Mesh is marked for CPU read.
[2026.06.06-18.25.14:747][975]LogStaticMesh: [CliffPillar_03] Mesh is marked for CPU read.
[2026.06.06-18.25.14:747][975]LogStaticMesh: [CliffPillar_03] Mesh is marked for CPU read.
[2026.06.06-18.25.14:752][975]LogStaticMesh: [CliffPillar_04] Mesh is marked for CPU read.
[2026.06.06-18.25.14:752][975]LogStaticMesh: [CliffPillar_04] Mesh is marked for CPU read.
[2026.06.06-18.25.14:752][975]LogStaticMesh: [CliffPillar_04] Mesh is marked for CPU read.
[2026.06.06-18.25.14:752][975]LogStaticMesh: [CliffPillar_04] Mesh is marked for CPU read.
[2026.06.06-18.25.14:758][975]LogStaticMesh: [CliffFlat_03] Mesh is marked for CPU read.
[2026.06.06-18.25.14:758][975]LogStaticMesh: [CliffFlat_03] Mesh is marked for CPU read.
[2026.06.06-18.25.14:758][975]LogStaticMesh: [CliffFlat_03] Mesh is marked for CPU read.
[2026.06.06-18.25.14:758][975]LogStaticMesh: [CliffFlat_03] Mesh is marked for CPU read.
[2026.06.06-18.25.14:766][975]LogStaticMesh: [CliffFormation_05_CollisionPH] Mesh is marked for CPU read.
[2026.06.06-18.25.14:766][975]LogStaticMesh: [CliffFormation_05_CollisionPH] Mesh is marked for CPU read.
[2026.06.06-18.25.14:766][975]LogStaticMesh: [CliffFormation_05_CollisionPH] Mesh is marked for CPU read.
[2026.06.06-18.25.14:766][975]LogStaticMesh: [CliffFormation_05_CollisionPH] Mesh is marked for CPU read.
[2026.06.06-18.25.14:767][975]LogStaticMesh: [CliffFormation_05] Mesh is marked for CPU read.
[2026.06.06-18.25.14:767][975]LogStaticMesh: [CliffFormation_05] Mesh is marked for CPU read.
[2026.06.06-18.25.14:767][975]LogStaticMesh: [CliffFormation_05] Mesh is marked for CPU read.
[2026.06.06-18.25.14:767][975]LogStaticMesh: [CliffFormation_05] Mesh is marked for CPU read.
[2026.06.06-18.25.14:892][975]LogStaticMesh: [DioTree_03] Mesh is marked for CPU read.
[2026.06.06-18.25.14:892][975]LogStaticMesh: [DioTree_03] Mesh is marked for CPU read.
[2026.06.06-18.25.14:892][975]LogStaticMesh: [DioTree_03] Mesh is marked for CPU read.
[2026.06.06-18.25.14:892][975]LogStaticMesh: [DioTree_03] Mesh is marked for CPU read.
[2026.06.06-18.25.14:894][975]LogStaticMesh: [SM_GreenTree_01] Mesh is marked for CPU read.
[2026.06.06-18.25.14:894][975]LogStaticMesh: [SM_GreenTree_01] Mesh is marked for CPU read.
[2026.06.06-18.25.14:894][975]LogStaticMesh: [SM_GreenTree_01] Mesh is marked for CPU read.
[2026.06.06-18.25.14:894][975]LogStaticMesh: [SM_GreenTree_01] Mesh is marked for CPU read.
[2026.06.06-18.25.14:894][975]LogStaticMesh: [SM_GreenTree_02] Mesh is marked for CPU read.
[2026.06.06-18.25.14:895][975]LogStaticMesh: [SM_GreenTree_02] Mesh is marked for CPU read.
[2026.06.06-18.25.14:895][975]LogStaticMesh: [SM_GreenTree_02] Mesh is marked for CPU read.
[2026.06.06-18.25.14:895][975]LogStaticMesh: [SM_GreenTree_02] Mesh is marked for CPU read.
[2026.06.06-18.25.14:895][975]LogStaticMesh: [DioTree_01] Mesh is marked for CPU read.
[2026.06.06-18.25.14:895][975]LogStaticMesh: [DioTree_01] Mesh is marked for CPU read.
[2026.06.06-18.25.14:895][975]LogStaticMesh: [DioTree_01] Mesh is marked for CPU read.
[2026.06.06-18.25.14:895][975]LogStaticMesh: [DioTree_01] Mesh is marked for CPU read.
[2026.06.06-18.25.14:896][975]LogStaticMesh: [Orange_palm2] Mesh is marked for CPU read.
[2026.06.06-18.25.14:896][975]LogStaticMesh: [Orange_palm2] Mesh is marked for CPU read.
[2026.06.06-18.25.14:896][975]LogStaticMesh: [Orange_palm2] Mesh is marked for CPU read.
[2026.06.06-18.25.14:896][975]LogStaticMesh: [Orange_palm1] Mesh is marked for CPU read.
[2026.06.06-18.25.14:896][975]LogStaticMesh: [Orange_palm1] Mesh is marked for CPU read.
[2026.06.06-18.25.14:896][975]LogStaticMesh: [SM_Yucca_01] Mesh is marked for CPU read.
[2026.06.06-18.25.14:896][975]LogStaticMesh: [SM_Yucca_01] Mesh is marked for CPU read.
[2026.06.06-18.25.14:896][975]LogStaticMesh: [SM_Yucca_01] Mesh is marked for CPU read.
[2026.06.06-18.25.14:897][975]LogStaticMesh: [SM_Yucca_02] Mesh is marked for CPU read.
[2026.06.06-18.25.14:897][975]LogStaticMesh: [SM_Yucca_02] Mesh is marked for CPU read.
[2026.06.06-18.25.14:897][975]LogStaticMesh: [SM_Yucca_02] Mesh is marked for CPU read.
[2026.06.06-18.25.14:897][975]LogStaticMesh: [BluePalm_02] Mesh is marked for CPU read.
[2026.06.06-18.25.14:897][975]LogStaticMesh: [BluePalm_02] Mesh is marked for CPU read.
[2026.06.06-18.25.14:897][975]LogStaticMesh: [BluePalm_02] Mesh is marked for CPU read.
[2026.06.06-18.25.14:897][975]LogStaticMesh: [BluePalm_01] Mesh is marked for CPU read.
[2026.06.06-18.25.14:897][975]LogStaticMesh: [BluePalm_01] Mesh is marked for CPU read.
[2026.06.06-18.25.14:897][975]LogStaticMesh: [BluePalm_01] Mesh is marked for CPU read.
[2026.06.06-18.25.14:897][975]LogStaticMesh: [SM_AncientPineTree_01] Mesh is marked for CPU read.
[2026.06.06-18.25.14:897][975]LogStaticMesh: [SM_AncientPineTree_01] Mesh is marked for CPU read.
[2026.06.06-18.25.14:897][975]LogStaticMesh: [SM_AncientPineTree_01] Mesh is marked for CPU read.
[2026.06.06-18.25.14:897][975]LogStaticMesh: [SM_AncientPineTree_01] Mesh is marked for CPU read.
[2026.06.06-18.25.14:897][975]LogStaticMesh: [SM_AncientPineTree_01] Mesh is marked for CPU read.
[2026.06.06-18.25.14:897][975]LogStaticMesh: [SM_AncientPineTree_02] Mesh is marked for CPU read.
[2026.06.06-18.25.14:897][975]LogStaticMesh: [SM_AncientPineTree_02] Mesh is marked for CPU read.
[2026.06.06-18.25.14:897][975]LogStaticMesh: [SM_AncientPineTree_02] Mesh is marked for CPU read.
[2026.06.06-18.25.14:897][975]LogStaticMesh: [SM_AncientPineTree_02] Mesh is marked for CPU read.
[2026.06.06-18.25.14:897][975]LogStaticMesh: [SM_AncientPineTree_02] Mesh is marked for CPU read.
[2026.06.06-18.25.14:947][975]LogStaticMesh: [FunnelTree_01] Mesh is marked for CPU read.
[2026.06.06-18.25.14:947][975]LogStaticMesh: [FunnelTree_01] Mesh is marked for CPU read.
[2026.06.06-18.25.14:947][975]LogStaticMesh: [FunnelTree_01] Mesh is marked for CPU read.
[2026.06.06-18.25.14:947][975]LogStaticMesh: [FunnelTree_01] Mesh is marked for CPU read.
[2026.06.06-18.25.14:947][975]LogStaticMesh: [DioTree_02] Mesh is marked for CPU read.
[2026.06.06-18.25.14:947][975]LogStaticMesh: [DioTree_02] Mesh is marked for CPU read.
[2026.06.06-18.25.14:947][975]LogStaticMesh: [DioTree_02] Mesh is marked for CPU read.
[2026.06.06-18.25.14:947][975]LogStaticMesh: [DioTree_02] Mesh is marked for CPU read.
[2026.06.06-18.25.15:596][975]LogGameMode: Display: Match State Changed from WaitingToStart to InProgress
[2026.06.06-18.25.15:606][975]AnimBlueprintLog: Warning: SLOTNODE: 'LeftArmSlot' в экземпляре анимации класс Anim_1p_WIP_C уже существует. Удалите копии из графа анимации для этого класса.
[2026.06.06-18.25.15:610][975]LogAkAudio: AFGPlayerControllerBase::SetupWwise
[2026.06.06-18.25.15:639][975]LogGame: Change node mesh ResourceNode_OreCopper_01_UAID_40B076DF2F794FE201_2126955722 Desc_OreCopper_C -> Desc_Coal_C scale 0.91 offset 3.04 6.58 -78.04 nodeLocation 95345.54 -168441.80 13262.00 

[2026.06.06-18.25.15:640][975]LogGame: Change node mesh BP_SamNode_C_UAID_40B076DF2F793DD901_1863863056 Desc_SAM_C -> Desc_OreIron_C scale 1.99 offset -382.07 65.81 -25.19 nodeLocation 15459.89 -803.77 14671.21 

[2026.06.06-18.25.15:640][975]LogGame: Change node mesh SulfurResource_01_11 Desc_Sulfur_C -> Desc_Stone_C scale 2.74 offset 35.09 51.04 -19.66 nodeLocation -39889.76 -93579.23 343.08 

[2026.06.06-18.25.15:640][975]LogGame: Change node mesh SulfurResource_4 Desc_Sulfur_C -> Desc_SAM_C scale 1.47 offset 8.59 -0.35 109.78 nodeLocation -41122.32 -72631.13 23212.21 

[2026.06.06-18.25.15:640][975]LogGame: Change node mesh StaticMeshActor_4147 Desc_OreIron_C -> Desc_Stone_C scale 2.53 offset -9.69 56.35 -18.56 nodeLocation 64576.34 -71386.95 10641.13 

[2026.06.06-18.25.15:640][975]LogGame: Change node mesh StaticMeshActor_5208 Desc_Stone_C -> Desc_Coal_C scale 0.67 offset -5.90 -0.01 -50.22 nodeLocation 121322.34 -88295.22 13669.12 

[2026.06.06-18.25.15:640][975]LogGame: Change node mesh SulfurResource_UAID_40B076DF2F7914DB01_1577064945 Desc_Sulfur_C -> Desc_Coal_C scale 1.10 offset -0.09 -0.40 -101.24 nodeLocation 128296.09 -75942.00 3668.38 

[2026.06.06-18.25.15:641][975]LogGame: Change node mesh StaticMeshActor_4290 Desc_Stone_C -> Desc_OreIron_C scale 1.46 offset -231.31 166.74 -40.19 nodeLocation 75114.84 -123003.48 13630.33 

[2026.06.06-18.25.15:641][975]LogGame: Change node mesh ResourceNode_quartz13_UAID_40B076DF2F7991DF01_1459642181 Desc_RawQuartz_C -> Desc_Stone_C scale 2.53 offset 24.94 51.42 -18.70 nodeLocation 62289.97 -137424.12 8325.42 

[2026.06.06-18.25.15:641][975]LogGame: Change node mesh StaticMeshActor_UAID_40B076DF2F790FE201_1577162466 Desc_Stone_C -> Desc_OreCopper_C scale 1.61 offset -287.87 65.46 -81.37 nodeLocation 66756.94 -150676.98 -1180.96 

[2026.06.06-18.25.15:642][975]LogGame: Change node mesh StaticMeshActor_UAID_40B076DF2F7915E201_1334561514 Desc_Stone_C -> Desc_OreIron_C scale 1.58 offset -307.01 -27.74 -41.08 nodeLocation 40251.39 -144690.51 369.07 

[2026.06.06-18.25.15:642][975]LogGame: Change node mesh ResourceNode_OreCopper_01_2 Desc_OreCopper_C -> Desc_Stone_C scale 2.49 offset -46.06 -32.46 -17.86 nodeLocation 56109.16 -85970.16 9944.39 

[2026.06.06-18.25.15:642][975]LogGame: Change node mesh ResourceNode_OreIron_11 Desc_OreIron_C -> Desc_RawQuartz_C scale 2.00 offset -319.96 222.25 -67.73 nodeLocation 70865.27 -78125.82 10451.65 

[2026.06.06-18.25.15:642][975]LogGame: Change node mesh ResourceNode_OreIron_14 Desc_OreIron_C -> Desc_Stone_C scale 2.53 offset 15.89 55.22 -16.35 nodeLocation 68075.34 -81001.09 9944.15 

[2026.06.06-18.25.15:642][975]LogGame: Change node mesh StaticMeshActor_4146 Desc_OreIron_C -> Desc_Stone_C scale 2.53 offset 6.60 56.80 -18.50 nodeLocation 59113.39 -71501.63 10568.02 

[2026.06.06-18.25.15:642][975]LogGame: Change node mesh StaticMeshActor_4148 Desc_OreIron_C -> Desc_Stone_C scale 2.53 offset -38.62 42.99 -11.38 nodeLocation 84199.14 -86393.55 9766.53 

[2026.06.06-18.25.15:643][975]LogGame: Change node mesh StaticMeshActor_4151 Desc_Stone_C -> Desc_OreIron_C scale 1.46 offset -235.38 -160.34 -26.19 nodeLocation 79670.50 -75852.08 12028.01 

[2026.06.06-18.25.15:643][975]LogGame: Change node mesh StaticMeshActor_4292 Desc_Stone_C -> Desc_OreIron_C scale 1.46 offset 205.13 -194.50 -2.64 nodeLocation 20776.25 -134970.05 16881.84 

[2026.06.06-18.25.15:643][975]LogGame: Change node mesh StaticMeshActor_4291 Desc_Stone_C -> Desc_OreIron_C scale 1.58 offset -301.19 65.66 -39.36 nodeLocation 50259.73 -157152.75 -144.06 

[2026.06.06-18.25.15:643][975]LogGame: Change node mesh ResourceNode_OreCopper_01_UAID_40B076DF2F794DE201_1842001368 Desc_OreCopper_C -> Desc_Stone_C scale 2.49 offset -7.50 -55.81 -18.12 nodeLocation 20143.98 -169847.12 15477.61 

[2026.06.06-18.25.15:643][975]LogGame: Change node mesh StaticMeshActor_UAID_40B076DF2F790EE201_1850719288 Desc_Stone_C -> Desc_OreIron_C scale 1.58 offset -300.78 65.51 -56.26 nodeLocation 15240.25 -158578.61 -1397.12 

[2026.06.06-18.25.15:643][975]LogGame: Change node mesh ResourceNode_OreCopper_01_UAID_BCFCE78C20935C9802_1477006224 Desc_LiquidOil_C -> Desc_OreCopper_C scale 2.02 offset -371.95 47.19 -40.26 nodeLocation 52588.73 -8859.30 13593.47 

[2026.06.06-18.25.15:644][975]LogGame: Change node mesh Stone_02_5 Desc_Stone_C -> Desc_Coal_C scale 0.67 offset -1.78 2.84 -50.37 nodeLocation 63823.27 8376.80 14012.66 

[2026.06.06-18.25.15:644][975]LogGame: Change node mesh StaticMeshActor_2948 Desc_Stone_C -> Desc_LiquidOil_C scale 2.02 offset 49.92 -28.69 -13.83 nodeLocation -55554.98 -129406.36 6951.59 

[2026.06.06-18.25.15:644][975]LogGame: Change node mesh StaticMeshActor_5209 Desc_Stone_C -> Desc_OreIron_C scale 1.46 offset -283.30 31.94 -45.33 nodeLocation 107368.21 -43239.49 14774.43 

[2026.06.06-18.25.15:644][975]LogGame: Change node mesh ResourceNode_OreIron_10 Desc_OreIron_C -> Desc_Coal_C scale 0.92 offset -0.47 3.26 -79.98 nodeLocation -44869.38 -139479.69 7983.02 

[2026.06.06-18.25.15:644][975]LogGame: Change node mesh StaticMeshActor_2946 Desc_OreIron_C -> Desc_OreGold_C scale 2.00 offset -242.58 305.43 -41.89 nodeLocation -47085.40 -141054.67 8074.43 

[2026.06.06-18.25.15:645][975]LogGame: Change node mesh Stone_39 Desc_Stone_C -> Desc_OreIron_C scale 1.46 offset -282.29 34.15 -61.20 nodeLocation -41844.61 -152412.11 9227.16 

[2026.06.06-18.25.15:645][975]LogGame: Change node mesh ResourceNode_OreCopper_01_13 Desc_OreCopper_C -> Desc_OreGold_C scale 1.97 offset -298.82 239.95 -61.85 nodeLocation -26897.67 -145468.75 8397.13 

[2026.06.06-18.25.15:645][975]LogGame: Change node mesh ResourceNode_OreCopper_16 Desc_OreCopper_C -> Desc_OreIron_C scale 1.97 offset -382.71 -2.41 -69.59 nodeLocation -21758.37 -145311.75 10021.68 

[2026.06.06-18.25.15:645][975]LogGame: Change node mesh ResourceNode_quartz13_UAID_40B076DF2F7935DF01_1413192978 Desc_RawQuartz_C -> Desc_Coal_C scale 0.92 offset -0.12 5.17 -79.91 nodeLocation 55041.62 -130641.27 7156.28 

[2026.06.06-18.25.15:645][975]LogGame: Change node mesh Resource_OreCaterium2_UAID_40B076DF2F7934DF01_1597674800 Desc_OreGold_C -> Desc_OreIron_C scale 2.00 offset 187.83 341.84 -41.65 nodeLocation 103845.57 -94854.04 12651.91 

[2026.06.06-18.25.15:645][975]LogGame: Change node mesh StaticMeshActor_UAID_04D9F5D427118D6601_1755079040 Desc_OreBauxite_C -> Desc_Stone_C scale 2.53 offset -0.60 57.70 -13.57 nodeLocation 2570.99 9834.49 24001.52 

[2026.06.06-18.25.15:645][975]LogGame: Change node mesh ResourceNode_OreCopper_01_UAID_BCFCE78C20935C9802_1300419222 Desc_LiquidOil_C -> Desc_SAM_C scale 1.79 offset 18.08 5.99 141.76 nodeLocation 49403.65 -4743.89 13191.50 

[2026.06.06-18.25.15:645][975]LogGame: Change node mesh ResourceNode_OreCopper_01_UAID_BCFCE78C20935C9802_1374088223 Desc_LiquidOil_C -> Desc_OreIron_C scale 2.80 offset -373.36 398.69 -40.37 nodeLocation 49638.54 655.76 13149.62 

[2026.06.06-18.25.15:645][975]LogGame: Change node mesh StaticMeshActor_UAID_04D9F5D427118D6601_1755143082 Desc_Coal_C -> Desc_OreIron_C scale 2.17 offset 289.15 306.91 -73.15 nodeLocation 33024.75 69.48 23076.41 

[2026.06.06-18.25.15:645][975]LogGame: Change node mesh ResourceNode_OreCopper_01_UAID_BCFCE78C20934D9802_2092661560 Desc_LiquidOil_C -> Desc_Coal_C scale 1.28 offset -0.00 0.00 -122.32 nodeLocation 26597.50 -193983.95 -1683.90 

[2026.06.06-18.25.15:646][975]LogGame: Change node mesh ResourceNode_OreCopper_01_UAID_BCFCE78C20935A9802_1225134857 Desc_LiquidOil_C -> Desc_Stone_C scale 3.42 offset -48.50 60.19 -21.41 nodeLocation 29991.33 -186849.66 -1689.26 

[2026.06.06-18.25.15:646][975]LogGame: Change node mesh StaticMeshActor_UAID_BCFCE78C2093599802_1966220679 Desc_LiquidOil_C -> Desc_OreCopper_C scale 2.74 offset 183.17 -473.88 -50.16 nodeLocation 57144.12 -191300.44 -1744.93 

[2026.06.06-18.25.15:646][975]LogGame: Change node mesh ResourceNode_OreCopper_01_UAID_BCFCE78C20935A9802_1846119861 Desc_LiquidOil_C -> Desc_OreCopper_C scale 2.02 offset -372.03 47.18 -41.31 nodeLocation 52471.01 -201464.72 -1658.74 

[2026.06.06-18.25.15:646][975]LogGame: Change node mesh Stone_UAID_BCFCE78C20934F9802_1193664913 Desc_LiquidOil_C -> Desc_OreIron_C scale 2.76 offset -408.75 349.09 -40.36 nodeLocation -32599.65 -192537.50 2280.04 

[2026.06.06-18.25.15:646][975]LogGame: Change node mesh Stone_UAID_BCFCE78C2093599802_1717612678 Desc_LiquidOil_C -> Desc_Stone_C scale 3.55 offset -63.48 49.20 -21.85 nodeLocation -43612.14 -190316.36 2291.04 

[2026.06.06-18.25.15:646][975]LogGame: Change node mesh ResourceNode_OreCopper_01_UAID_BCFCE78C2093599802_2145315680 Desc_LiquidOil_C -> Desc_OreIron_C scale 2.70 offset 428.54 -304.89 -40.49 nodeLocation 15357.45 -197672.22 -1606.50 

[2026.06.06-18.25.15:694][975]LogConveyorChain: Server Build Conveyor Items Num: 392
[2026.06.06-18.25.15:694][975]LogGame: Apply Lightweight Instances from Load took: 0.000001 seconds
[2026.06.06-18.25.15:726][975]LogCommonUser: QueryBlockedAll - start Query
[2026.06.06-18.25.15:726][975]LogCommonUser: QueryBlocked - start Query on Backend service: STEAM
[2026.06.06-18.25.15:726][975]LogCommonUser: QueryBlocked - completed Query on Backend service: STEAM
[2026.06.06-18.25.15:726][975]LogCommonUser: QueryBlocked - start Query on Backend service: Epic
[2026.06.06-18.25.15:739][975]LogGame: Error: IFGOptionInterfaceImpl::GetOptionValue - Could not find user setting with id 'conveyor.UseExperimental'
[2026.06.06-18.25.15:739][975]LogCreature: Updated Navigation Generation settings for Critter
[2026.06.06-18.25.15:739][975]LogCreature: Updated Navigation Generation settings for Default
[2026.06.06-18.25.15:739][975]LogCreature: Updated Navigation Generation settings for Alpha
[2026.06.06-18.25.15:740][975]LogCreature: Error: Nav Data for agent Elite was not found. This is quite the problem and will likely result in creatures not moving. Sadge.
[2026.06.06-18.25.15:740][975]LogCreature: Error: Nav Data for agent Giraffe was not found. This is quite the problem and will likely result in creatures not moving. Sadge.
[2026.06.06-18.25.15:744][975]LogNavOctree: Warning: Can't add node [/Game/FactoryGame/Map/GameLevel01/Persistent_Level/_Generated_/CQ0CKTZT5E0ASGUGG57K4U301.Persistent_Level:PersistentLevel.BP_DestructibleLargeRock_C_13.NavModifier] - parent [StaticMeshProxy] not found in octree!
[2026.06.06-18.25.15:745][975]LogNavigationDataBuild: Display:    RebuildAll building NavData:  Name Alpha class /Script/FactoryGame.FGAlphaNavMesh agent radius 120.0.
[2026.06.06-18.25.15:745][975]LogNavigationDataBuild: Display:    ANavigationData::RebuildAll load time: 0.00s
[2026.06.06-18.25.15:745][975]LogNavigation: Error: Navmesh bounds are too large! Limiting requested tiles count (306440) to: (65536) for FGAlphaNavMesh /Game/FactoryGame/Map/GameLevel01/Persistent_Level.Persistent_Level:PersistentLevel.FGAlphaNavMesh_UAID_107C613DF100648602-Alpha. To resolve this, try using bigger tiles or increasing the TileNumberHardLimit in the NavMesh properties.
[2026.06.06-18.25.15:748][975]LogNavigation: Error: Navmesh bounds are too large! Limiting requested tiles count (306440) to: (65536) for FGAlphaNavMesh /Game/FactoryGame/Map/GameLevel01/Persistent_Level.Persistent_Level:PersistentLevel.FGAlphaNavMesh_UAID_107C613DF100648602-Alpha. To resolve this, try using bigger tiles or increasing the TileNumberHardLimit in the NavMesh properties.
[2026.06.06-18.25.15:752][975]LogNavigationDataBuild: Display:    RebuildAll building NavData:  Name Default class /Script/FactoryGame.FGDefaultNavMesh agent radius 85.5.
[2026.06.06-18.25.15:752][975]LogNavigationDataBuild: Display:    ANavigationData::RebuildAll load time: 0.00s
[2026.06.06-18.25.15:753][975]LogNavigation: Error: Navmesh bounds are too large! Limiting requested tiles count (306440) to: (65536) for FGDefaultNavMesh /Game/FactoryGame/Map/GameLevel01/Persistent_Level.Persistent_Level:PersistentLevel.FGDefaultNavMesh_UAID_107C613DF100648602-Default. To resolve this, try using bigger tiles or increasing the TileNumberHardLimit in the NavMesh properties.
[2026.06.06-18.25.15:756][975]LogNavigation: Error: Navmesh bounds are too large! Limiting requested tiles count (306440) to: (65536) for FGDefaultNavMesh /Game/FactoryGame/Map/GameLevel01/Persistent_Level.Persistent_Level:PersistentLevel.FGDefaultNavMesh_UAID_107C613DF100648602-Default. To resolve this, try using bigger tiles or increasing the TileNumberHardLimit in the NavMesh properties.
[2026.06.06-18.25.15:758][975]LogNavigationDataBuild: Display:    RebuildAll building NavData:  Name Critter class /Script/FactoryGame.FGCritterNavMesh agent radius 20.0.
[2026.06.06-18.25.15:759][975]LogNavigationDataBuild: Display:    ANavigationData::RebuildAll load time: 0.00s
[2026.06.06-18.25.15:759][975]LogNavigation: Error: Navmesh bounds are too large! Limiting requested tiles count (306440) to: (65536) for FGCritterNavMesh /Game/FactoryGame/Map/GameLevel01/Persistent_Level.Persistent_Level:PersistentLevel.FGCritterNavMesh_UAID_107C613DF100648602-Critter. To resolve this, try using bigger tiles or increasing the TileNumberHardLimit in the NavMesh properties.
[2026.06.06-18.25.15:761][975]LogNavigation: Error: Navmesh bounds are too large! Limiting requested tiles count (306440) to: (65536) for FGCritterNavMesh /Game/FactoryGame/Map/GameLevel01/Persistent_Level.Persistent_Level:PersistentLevel.FGCritterNavMesh_UAID_107C613DF100648602-Critter. To resolve this, try using bigger tiles or increasing the TileNumberHardLimit in the NavMesh properties.
[2026.06.06-18.25.15:765][975]LogNavigationDataBuild: Display: UNavigationSystemV1::Build started...
[2026.06.06-18.25.15:765][975]LogNavigationDataBuild: Display:    RebuildAll building NavData:  Name Alpha class /Script/FactoryGame.FGAlphaNavMesh agent radius 120.0.
[2026.06.06-18.25.15:765][975]LogNavigationDataBuild: Display:    ANavigationData::RebuildAll load time: 0.00s
[2026.06.06-18.25.15:765][975]LogNavigation: Error: Navmesh bounds are too large! Limiting requested tiles count (306440) to: (65536) for FGAlphaNavMesh /Game/FactoryGame/Map/GameLevel01/Persistent_Level.Persistent_Level:PersistentLevel.FGAlphaNavMesh_UAID_107C613DF100648602-Alpha. To resolve this, try using bigger tiles or increasing the TileNumberHardLimit in the NavMesh properties.
[2026.06.06-18.25.15:769][975]LogNavigation: Error: Navmesh bounds are too large! Limiting requested tiles count (306440) to: (65536) for FGAlphaNavMesh /Game/FactoryGame/Map/GameLevel01/Persistent_Level.Persistent_Level:PersistentLevel.FGAlphaNavMesh_UAID_107C613DF100648602-Alpha. To resolve this, try using bigger tiles or increasing the TileNumberHardLimit in the NavMesh properties.
[2026.06.06-18.25.15:773][975]LogNavigationDataBuild: Display:    RebuildAll building NavData:  Name Default class /Script/FactoryGame.FGDefaultNavMesh agent radius 85.5.
[2026.06.06-18.25.15:774][975]LogNavigationDataBuild: Display:    ANavigationData::RebuildAll load time: 0.00s
[2026.06.06-18.25.15:774][975]LogNavigation: Error: Navmesh bounds are too large! Limiting requested tiles count (306440) to: (65536) for FGDefaultNavMesh /Game/FactoryGame/Map/GameLevel01/Persistent_Level.Persistent_Level:PersistentLevel.FGDefaultNavMesh_UAID_107C613DF100648602-Default. To resolve this, try using bigger tiles or increasing the TileNumberHardLimit in the NavMesh properties.
[2026.06.06-18.25.15:778][975]LogNavigation: Error: Navmesh bounds are too large! Limiting requested tiles count (306440) to: (65536) for FGDefaultNavMesh /Game/FactoryGame/Map/GameLevel01/Persistent_Level.Persistent_Level:PersistentLevel.FGDefaultNavMesh_UAID_107C613DF100648602-Default. To resolve this, try using bigger tiles or increasing the TileNumberHardLimit in the NavMesh properties.
[2026.06.06-18.25.15:781][975]LogNavigationDataBuild: Display:    RebuildAll building NavData:  Name Critter class /Script/FactoryGame.FGCritterNavMesh agent radius 20.0.
[2026.06.06-18.25.15:781][975]LogNavigationDataBuild: Display:    ANavigationData::RebuildAll load time: 0.00s
[2026.06.06-18.25.15:781][975]LogNavigation: Error: Navmesh bounds are too large! Limiting requested tiles count (306440) to: (65536) for FGCritterNavMesh /Game/FactoryGame/Map/GameLevel01/Persistent_Level.Persistent_Level:PersistentLevel.FGCritterNavMesh_UAID_107C613DF100648602-Critter. To resolve this, try using bigger tiles or increasing the TileNumberHardLimit in the NavMesh properties.
[2026.06.06-18.25.15:784][975]LogNavigation: Error: Navmesh bounds are too large! Limiting requested tiles count (306440) to: (65536) for FGCritterNavMesh /Game/FactoryGame/Map/GameLevel01/Persistent_Level.Persistent_Level:PersistentLevel.FGCritterNavMesh_UAID_107C613DF100648602-Critter. To resolve this, try using bigger tiles or increasing the TileNumberHardLimit in the NavMesh properties.
[2026.06.06-18.25.15:787][975]LogNavigationDataBuild: Display: UNavigationSystemV1::Build total execution time: 0.02s
[2026.06.06-18.25.16:133][975]LogGameState: Match State Changed from WaitingToStart to InProgress
[2026.06.06-18.25.16:134][975]Model View Viewmodel: Error: При инициализации источник 'OnlineIntegrationState_PendingSessionMigration' был рассчитан как недопустимый. Widget_PendingSessionMigration
[2026.06.06-18.25.16:134][975]Model View Viewmodel: Error: Недопустимый источник 'OnlineIntegrationState_PendingSessionMigration', невозможно инициализировать привязки. Widget_PendingSessionMigration
[2026.06.06-18.25.16:159][975]LogLoad: Took 5.181843 seconds to LoadMap(/Game/FactoryGame/Map/GameLevel01/Persistent_Level)
[2026.06.06-18.25.16:159][975]LogGlobalStatus: UEngine::LoadMap Load map complete /Game/FactoryGame/Map/GameLevel01/Persistent_Level
[2026.06.06-18.25.16:240][975]LogConveyorItemSubSystem: Initialized 218 conveyor items
[2026.06.06-18.25.16:247][975]LogGame: Warning: BP_CreatureSpawner_C /Game/FactoryGame/Map/GameLevel01/Persistent_Level/_Generated_/0KRL3VQVHZQNVHGD96KREOOR8.Persistent_Level:PersistentLevel.BP_CreatureSpawner704 spawner has no spawn data. Forcing a respawn
[2026.06.06-18.25.16:247][975]LogGame: Warning: BP_CreatureSpawner_C /Game/FactoryGame/Map/GameLevel01/Persistent_Level/_Generated_/0KRL3VQVHZQNVHGD96KREOOR8.Persistent_Level:PersistentLevel.BP_CreatureSpawner94_3 spawner has no spawn data. Forcing a respawn
[2026.06.06-18.25.16:248][975]LogGame: Warning: BP_CreatureSpawner_C /Game/FactoryGame/Map/GameLevel01/Persistent_Level/_Generated_/0KRL3VQVHZQNVHGD96KREOOR8.Persistent_Level:PersistentLevel.BP_CreatureSpawner95 spawner has no spawn data. Forcing a respawn
[2026.06.06-18.25.16:405][975]LogSave: Warning: New/Old Root size mismatch!
[2026.06.06-18.25.16:408][975]LogGame: World Serialization (save): 0.061 seconds (game thread)
[2026.06.06-18.25.16:411][975]LogCommonUser: Error: UCommonUserSubsystem::OnGameplayEventTriggered - Gameplay Stat Event Activity.Progression01.Main has no int payload and it cannot be processed.
[2026.06.06-18.25.16:412][975]LogCommonUser: Error: UCommonUserSubsystem::OnGameplayEventTriggered - Gameplay Stat Event Activity.Progression01.Task01 has no int payload and it cannot be processed.
[2026.06.06-18.25.16:412][975]LogCommonUser: Error: UCommonUserSubsystem::OnGameplayEventTriggered - Gameplay Stat Event Activity.Progression01.Task02 has no int payload and it cannot be processed.
[2026.06.06-18.25.16:413][975]LogCommonUser: Error: UCommonUserSubsystem::OnGameplayEventTriggered - Gameplay Stat Event Activity.Progression01.Task03 has no int payload and it cannot be processed.
[2026.06.06-18.25.16:413][975]LogCommonUser: Error: UCommonUserSubsystem::OnGameplayEventTriggered - Gameplay Stat Event Activity.Progression01.Task04 has no int payload and it cannot be processed.
[2026.06.06-18.25.16:413][975]LogCommonUser: Error: UCommonUserSubsystem::OnGameplayEventTriggered - Gameplay Stat Event Activity.Progression01.Task05 has no int payload and it cannot be processed.
[2026.06.06-18.25.16:414][975]LogCommonUser: Error: UCommonUserSubsystem::OnGameplayEventTriggered - Gameplay Stat Event Activity.Progression01.Task06 has no int payload and it cannot be processed.
[2026.06.06-18.25.16:414][975]LogCommonUser: Error: UCommonUserSubsystem::OnGameplayEventTriggered - Gameplay Stat Event Activity.Progression01.Task07 has no int payload and it cannot be processed.
[2026.06.06-18.25.16:415][975]LogCommonUser: Error: UCommonUserSubsystem::OnGameplayEventTriggered - Gameplay Stat Event Activity.Continue has no int payload and it cannot be processed.
[2026.06.06-18.25.16:423][975]LogRenderer: Forcing update for all mesh draw commands: SkyLight real-time capture change
[2026.06.06-18.25.16:428][975]LogStreaming: Display: FlushAsyncLoading(2016): 1 QueuedPackages, 1 AsyncPackages
[2026.06.06-18.25.16:429][975]LogStreaming: Warning: LoadPackage: SkipPackage: /Engine/MapTemplates/Sky/Desert_Outer_HDR (0xA64BF2D02939A874) - The package to load does not exist on disk or in the loader
[2026.06.06-18.25.16:429][975]LogUObjectGlobals: Warning: Не удалось найти объект 'Object /Engine/MapTemplates/Sky/Desert_Outer_HDR.Desert_Outer_HDR'
[2026.06.06-18.25.16:437][975]LogGame: Compression: 0.027 seconds (background)
[2026.06.06-18.25.16:437][975]LogGame: Write To Disk: 0.001 seconds (background)
[2026.06.06-18.25.17:098][975]LogCommonUser: QueryBlocked - completed Query on Backend service: Epic
[2026.06.06-18.25.17:099][975]LogEOSSDK: Warning: LogEOSRTC: TickTracker Tick is delayed. TimePeriod=[13.770295s]  TickIntervalThreshold=[0.100000s] MaxTickInterval=[6.191785s] MaxExecutionTime=[0.000110s] TicksCount=[443] ExpectedTicksCount=[1377]
[2026.06.06-18.25.17:143][976]LogNet: UNetDriver::TickDispatch: Very long time between ticks. DeltaTime: 6.21, Realtime: 0.00. SteamSocketsNetDriver_2147475078
[2026.06.06-18.25.18:650][979]LogNet: New Dynamic NetSpeed 120000 vs old 120000
[2026.06.06-18.25.18:701][979]LogD3D11RHI: Error: D:\HordeAgent\Sandbox\Rel\Sync\Engine\Source\Runtime\Windows\D3D11RHI\Private\D3D11Viewport.cpp:(250): BackBuffer->GetResource() has 2 refs, expected 1
[2026.06.06-18.25.26:219][343]LogD3D11RHI: Error: D:\HordeAgent\Sandbox\Rel\Sync\Engine\Source\Runtime\Windows\D3D11RHI\Private\D3D11Viewport.cpp:(250): BackBuffer->GetResource() has 2 refs, expected 1
[2026.06.06-18.25.27:101][373]LogEOSSDK: Warning: LogEOSRTC: TickTracker Tick is delayed. TimePeriod=[10.003157s]  TickIntervalThreshold=[0.100000s] MaxTickInterval=[0.180930s] MaxExecutionTime=[0.000677s] TicksCount=[398] ExpectedTicksCount=[1000]
[2026.06.06-18.25.27:584][402]LogOnline: Warning: LoadSubsystemModule attempting to load module "OnlineSubsystemEpic" after FOnlineSubsystemModule::StartupModule. This can result in shutdown issues due to the loaded module unloading before OSS itself. Please add the module to the [OnlineSubsystem] AdditionalModulesToLoad config array to fix.
[2026.06.06-18.25.27:795][413]LogStreaming: Display: FlushAsyncLoading(2213): 1 QueuedPackages, 0 AsyncPackages
[2026.06.06-18.25.27:800][413]LogBlueprintUserMessages: [BPW_UserIcon] -- Avatar request failed URL: 
[2026.06.06-18.25.27:810][413]LogSlate: Took 0.000390 seconds to synchronously load lazily loaded font '../../../Engine/Content/Slate/Fonts/Roboto-Regular.ttf' (155K)
[2026.06.06-18.25.27:837][413]LogUI: UpdateFocusHighlights [mCreateNewGame] -- FORCE FOCUS LOST
[2026.06.06-18.25.27:837][413]LogUI: UpdateFocusHighlights [mCreateNewGame] -- FORCE FOCUS LOST
[2026.06.06-18.25.27:858][413]LogUI: UpdateFocusHighlights Widget_ServerManager NO CDO
[2026.06.06-18.25.27:960][413]LogStreamableManager: Display: RequestAsyncLoad() called with empty or only null assets!
[2026.06.06-18.25.31:595][632]LogNavigationDataBuild: Display:    FRecastNavMeshGenerator::ProcessTileTasksAndGetUpdatedTiles build time: 15.82s
[2026.06.06-18.25.31:802][637]LogNavigationDataBuild: Display:    FRecastNavMeshGenerator::ProcessTileTasksAndGetUpdatedTiles build time: 16.02s
[2026.06.06-18.25.32:765][688]LogSave: Warning: New/Old Root size mismatch!
[2026.06.06-18.25.32:766][688]LogGame: World Serialization (save): 0.027 seconds (game thread)
[2026.06.06-18.25.32:788][690]LogGame: Compression: 0.020 seconds (background)
[2026.06.06-18.25.32:788][690]LogGame: Write To Disk: 0.001 seconds (background)
[2026.06.06-18.25.32:806][690]LogWidget: Warning: Widget_Popup_C_2147470204: Trying to set the default focus widget with a widget that isn't focusable: mButton
[2026.06.06-18.25.34:809][811]LogNavigationDataBuild: Display:    FRecastNavMeshGenerator::ProcessTileTasksAndGetUpdatedTiles build time: 19.02s
[2026.06.06-18.25.37:116][949]LogEOSSDK: Warning: LogEOSRTC: TickTracker Tick is delayed. TimePeriod=[10.014004s]  TickIntervalThreshold=[0.100000s] MaxTickInterval=[0.144792s] MaxExecutionTime=[0.000566s] TicksCount=[576] ExpectedTicksCount=[1001]
[2026.06.06-18.25.37:595][978]LogOnline: Warning: LoadSubsystemModule attempting to load module "OnlineSubsystemEpic" after FOnlineSubsystemModule::StartupModule. This can result in shutdown issues due to the loaded module unloading before OSS itself. Please add the module to the [OnlineSubsystem] AdditionalModulesToLoad config array to fix.
[2026.06.06-18.25.44:840][412]LogWidget: Warning: Widget_Popup_C_2147469809: Trying to set the default focus widget with a widget that isn't focusable: mButton
[2026.06.06-18.25.47:595][578]LogOnline: Warning: LoadSubsystemModule attempting to load module "OnlineSubsystemEpic" after FOnlineSubsystemModule::StartupModule. This can result in shutdown issues due to the loaded module unloading before OSS itself. Please add the module to the [OnlineSubsystem] AdditionalModulesToLoad config array to fix.
[2026.06.06-18.25.51:803][829]LogSave: Warning: New/Old Root size mismatch!
[2026.06.06-18.25.51:804][829]LogGame: World Serialization (save): 0.025 seconds (game thread)
[2026.06.06-18.25.51:823][831]LogGame: Compression: 0.018 seconds (background)
[2026.06.06-18.25.51:823][831]LogGame: Write To Disk: 0.001 seconds (background)
[2026.06.06-18.25.51:842][831]LogWidget: Warning: Widget_Popup_C_2147469593: Trying to set the default focus widget with a widget that isn't focusable: mButton
[2026.06.06-18.25.56:126][ 88]LogWidget: Warning: Widget_Popup_C_2147469401: Trying to set the default focus widget with a widget that isn't focusable: mButton
[2026.06.06-18.25.57:582][176]LogOnline: Warning: LoadSubsystemModule attempting to load module "OnlineSubsystemEpic" after FOnlineSubsystemModule::StartupModule. This can result in shutdown issues due to the loaded module unloading before OSS itself. Please add the module to the [OnlineSubsystem] AdditionalModulesToLoad config array to fix.
[2026.06.06-18.25.58:896][254]LogWidget: Warning: Widget_Popup_C_2147469234: Trying to set the default focus widget with a widget that isn't focusable: mButton
[2026.06.06-18.26.01:481][409]LogWidget: Warning: Widget_Popup_C_2147469121: Trying to set the default focus widget with a widget that isn't focusable: mButton
[2026.06.06-18.26.02:543][473]LogScript: Warning: Script Msg: Attempted to access index 0 from array 'SaveHeaders' of length 0 in '/Script/FactoryGame.SessionSaveStruct'!
[2026.06.06-18.26.02:544][473]LogScript: Warning: Script Msg: Attempted to access index 0 from array 'SaveHeaders' of length 0 in '/Script/FactoryGame.SessionSaveStruct'!
[2026.06.06-18.26.02:544][473]LogScript: Warning: Script Msg: Attempted to access index 0 from array 'SaveHeaders' of length 0 in '/Script/FactoryGame.SessionSaveStruct'!
[2026.06.06-18.26.07:585][776]LogOnline: Warning: LoadSubsystemModule attempting to load module "OnlineSubsystemEpic" after FOnlineSubsystemModule::StartupModule. This can result in shutdown issues due to the loaded module unloading before OSS itself. Please add the module to the [OnlineSubsystem] AdditionalModulesToLoad config array to fix.
[2026.06.06-18.26.17:586][376]LogOnline: Warning: LoadSubsystemModule attempting to load module "OnlineSubsystemEpic" after FOnlineSubsystemModule::StartupModule. This can result in shutdown issues due to the loaded module unloading before OSS itself. Please add the module to the [OnlineSubsystem] AdditionalModulesToLoad config array to fix.
[2026.06.06-18.26.27:135][937]LogEOSSDK: Warning: LogEOSRTC: TickTracker Tick is delayed. TimePeriod=[10.011518s]  TickIntervalThreshold=[0.100000s] MaxTickInterval=[0.190096s] MaxExecutionTime=[0.000072s] TicksCount=[589] ExpectedTicksCount=[1001]
[2026.06.06-18.26.27:581][964]LogOnline: Warning: LoadSubsystemModule attempting to load module "OnlineSubsystemEpic" after FOnlineSubsystemModule::StartupModule. This can result in shutdown issues due to the loaded module unloading before OSS itself. Please add the module to the [OnlineSubsystem] AdditionalModulesToLoad config array to fix.
[2026.06.06-18.26.29:205][ 60]LogSave: Warning: New/Old Root size mismatch!
[2026.06.06-18.26.29:206][ 60]LogGame: World Serialization (save): 0.024 seconds (game thread)
[2026.06.06-18.26.29:225][ 62]LogGame: Compression: 0.018 seconds (background)
[2026.06.06-18.26.29:225][ 62]LogGame: Write To Disk: 0.001 seconds (background)
[2026.06.06-18.26.29:243][ 62]LogWidget: Warning: Widget_Popup_C_2147468596: Trying to set the default focus widget with a widget that isn't focusable: mButton
[2026.06.06-18.26.31:596][204]LogWindowsDesktop: Alt-F4 pressed!
[2026.06.06-18.26.31:596][204]LogSlate: Request Window 'Satisfactory  ' being destroyed
[2026.06.06-18.26.31:596][204]LogSlate: Window 'Satisfactory  ' being destroyed
[2026.06.06-18.26.31:824][204]LogWindowsTextInputMethodSystem: Activated input method: English (United States) - (Keyboard).
[2026.06.06-18.26.31:840][204]LogFactory: Warning: Put down failed because we where never equipped.
[2026.06.06-18.26.31:840][204]LogFactory: Warning: Put down failed because we where never equipped.
[2026.06.06-18.26.31:845][204]LogStringTable: Warning: Failed to find string table entry for 'Messages_UI' 'Options/OfflinePlayer'. Did you forget to add a string table redirector?
[2026.06.06-18.26.31:845][204]LogAkAudio: AFGPlayerControllerBase::RemoveWwise
[2026.06.06-18.26.31:846][204]LogScript: Warning: UAkGameplayStatics::PostAkEvent: NULL Actor specified!
[2026.06.06-18.26.31:847][204]LogScript: Warning: UAkGameplayStatics::PostAkEvent: NULL Actor specified!
[2026.06.06-18.26.31:877][204]Model View Viewmodel: Error: Недопустимый источник 'OnlineIntegrationState_PendingSessionMigration', невозможно отменить инициализацию привязок. Widget_PendingSessionMigration
[2026.06.06-18.26.31:877][204]LogSlate: Updating window title bar state: overlay mode, drag disabled, window buttons hidden, title bar hidden
[2026.06.06-18.26.31:877][204]LogEngine: All Windows Closed
[2026.06.06-18.26.31:877][204]LogWindows: FPlatformMisc::RequestExit(0, UGameEngine::Tick.ViewportClosed)
[2026.06.06-18.26.31:877][204]LogWindows: FPlatformMisc::RequestExitWithStatus(0, 0, UGameEngine::Tick.ViewportClosed)
[2026.06.06-18.26.31:877][204]LogCore: Engine exit requested (reason: Win RequestExit)
[2026.06.06-18.26.31:881][205]LogCore: Engine exit requested (reason: EngineExit() was called; note: exit was already requested)
[2026.06.06-18.26.31:889][205]LogInit: Display: PreExit Game.
[2026.06.06-18.26.31:894][205]LogWorld: BeginTearingDown for /Game/FactoryGame/Map/GameLevel01/Persistent_Level
[2026.06.06-18.26.31:905][205]LogNet: World NetDriver shutdown SteamSocketsNetDriver_2147475078 [GameNetDriver]
[2026.06.06-18.26.31:905][205]LogNet: DestroyNamedNetDriver: Name:GameNetDriver Def:GameNetDriver SteamSocketsNetDriver_2147475078 
[2026.06.06-18.26.31:907][205]LogSockets: SteamSockets: Closing all sockets attached to listener 65536
[2026.06.06-18.26.31:995][205]LogWorld: UWorld::CleanupWorld for Persistent_Level, bSessionEnded=true, bCleanupResources=true
[2026.06.06-18.26.32:025][205]LogSlate: InvalidateAllWidgets triggered.  All widgets were invalidated
[2026.06.06-18.26.32:025][205]LogWorldPartition: UWorldPartition::Uninitialize : World = /Game/FactoryGame/Map/GameLevel01/Persistent_Level.Persistent_Level
[2026.06.06-18.26.32:025][205]LogWorld: UWorld::CleanupWorld for Persistent_Level, bSessionEnded=true, bCleanupResources=true
[2026.06.06-18.26.32:025][205]LogSlate: InvalidateAllWidgets triggered.  All widgets were invalidated
[2026.06.06-18.26.32:029][205]LogWorld: UWorld::CleanupWorld for Persistent_Level, bSessionEnded=true, bCleanupResources=true
[2026.06.06-18.26.32:029][205]LogSlate: InvalidateAllWidgets triggered.  All widgets were invalidated
[2026.06.06-18.26.32:032][205]LogWorld: UWorld::CleanupWorld for Persistent_Level, bSessionEnded=true, bCleanupResources=true
[2026.06.06-18.26.32:032][205]LogSlate: InvalidateAllWidgets triggered.  All widgets were invalidated
[2026.06.06-18.26.32:035][205]LogWorld: UWorld::CleanupWorld for Persistent_Level, bSessionEnded=true, bCleanupResources=true
[2026.06.06-18.26.32:035][205]LogSlate: InvalidateAllWidgets triggered.  All widgets were invalidated
[2026.06.06-18.26.32:038][205]LogWorld: UWorld::CleanupWorld for Persistent_Level, bSessionEnded=true, bCleanupResources=true
[2026.06.06-18.26.32:038][205]LogSlate: InvalidateAllWidgets triggered.  All widgets were invalidated
[2026.06.06-18.26.32:042][205]LogWorld: UWorld::CleanupWorld for Persistent_Level, bSessionEnded=true, bCleanupResources=true
[2026.06.06-18.26.32:042][205]LogSlate: InvalidateAllWidgets triggered.  All widgets were invalidated
[2026.06.06-18.26.32:046][205]LogWorld: UWorld::CleanupWorld for Persistent_Level, bSessionEnded=true, bCleanupResources=true
[2026.06.06-18.26.32:046][205]LogSlate: InvalidateAllWidgets triggered.  All widgets were invalidated
[2026.06.06-18.26.32:049][205]LogWorld: UWorld::CleanupWorld for Persistent_Level, bSessionEnded=true, bCleanupResources=true
[2026.06.06-18.26.32:049][205]LogSlate: InvalidateAllWidgets triggered.  All widgets were invalidated
[2026.06.06-18.26.32:051][205]LogWorld: UWorld::CleanupWorld for Persistent_Level, bSessionEnded=true, bCleanupResources=true
[2026.06.06-18.26.32:051][205]LogSlate: InvalidateAllWidgets triggered.  All widgets were invalidated
[2026.06.06-18.26.32:054][205]LogWorld: UWorld::CleanupWorld for Persistent_Level, bSessionEnded=true, bCleanupResources=true
[2026.06.06-18.26.32:054][205]LogSlate: InvalidateAllWidgets triggered.  All widgets were invalidated
[2026.06.06-18.26.32:056][205]LogWorld: UWorld::CleanupWorld for Persistent_Level, bSessionEnded=true, bCleanupResources=true
[2026.06.06-18.26.32:056][205]LogSlate: InvalidateAllWidgets triggered.  All widgets were invalidated
[2026.06.06-18.26.32:058][205]LogWorld: UWorld::CleanupWorld for Persistent_Level, bSessionEnded=true, bCleanupResources=true
[2026.06.06-18.26.32:058][205]LogSlate: InvalidateAllWidgets triggered.  All widgets were invalidated
[2026.06.06-18.26.32:059][205]LogWorld: UWorld::CleanupWorld for Persistent_Level, bSessionEnded=true, bCleanupResources=true
[2026.06.06-18.26.32:059][205]LogSlate: InvalidateAllWidgets triggered.  All widgets were invalidated
[2026.06.06-18.26.32:061][205]LogWorld: UWorld::CleanupWorld for Persistent_Level, bSessionEnded=true, bCleanupResources=true
[2026.06.06-18.26.32:061][205]LogSlate: InvalidateAllWidgets triggered.  All widgets were invalidated
[2026.06.06-18.26.32:063][205]LogWorld: UWorld::CleanupWorld for Persistent_Level, bSessionEnded=true, bCleanupResources=true
[2026.06.06-18.26.32:063][205]LogSlate: InvalidateAllWidgets triggered.  All widgets were invalidated
[2026.06.06-18.26.32:067][205]LogWorld: UWorld::CleanupWorld for Persistent_Level, bSessionEnded=true, bCleanupResources=true
[2026.06.06-18.26.32:067][205]LogSlate: InvalidateAllWidgets triggered.  All widgets were invalidated
[2026.06.06-18.26.32:068][205]LogWorld: UWorld::CleanupWorld for Persistent_Level, bSessionEnded=true, bCleanupResources=true
[2026.06.06-18.26.32:068][205]LogSlate: InvalidateAllWidgets triggered.  All widgets were invalidated
[2026.06.06-18.26.32:071][205]LogWorld: UWorld::CleanupWorld for Persistent_Level, bSessionEnded=true, bCleanupResources=true
[2026.06.06-18.26.32:071][205]LogSlate: InvalidateAllWidgets triggered.  All widgets were invalidated
[2026.06.06-18.26.32:074][205]LogWorld: UWorld::CleanupWorld for Persistent_Level, bSessionEnded=true, bCleanupResources=true
[2026.06.06-18.26.32:074][205]LogSlate: InvalidateAllWidgets triggered.  All widgets were invalidated
[2026.06.06-18.26.32:076][205]LogWorld: UWorld::CleanupWorld for Persistent_Level, bSessionEnded=true, bCleanupResources=true
[2026.06.06-18.26.32:076][205]LogSlate: InvalidateAllWidgets triggered.  All widgets were invalidated
[2026.06.06-18.26.32:077][205]LogWorld: UWorld::CleanupWorld for Persistent_Level, bSessionEnded=true, bCleanupResources=true
[2026.06.06-18.26.32:078][205]LogSlate: InvalidateAllWidgets triggered.  All widgets were invalidated
[2026.06.06-18.26.32:080][205]LogWorld: UWorld::CleanupWorld for Persistent_Level, bSessionEnded=true, bCleanupResources=true
[2026.06.06-18.26.32:080][205]LogSlate: InvalidateAllWidgets triggered.  All widgets were invalidated
[2026.06.06-18.26.32:083][205]LogWorld: UWorld::CleanupWorld for Persistent_Level, bSessionEnded=true, bCleanupResources=true
[2026.06.06-18.26.32:083][205]LogSlate: InvalidateAllWidgets triggered.  All widgets were invalidated
[2026.06.06-18.26.32:085][205]LogWorld: UWorld::CleanupWorld for Persistent_Level, bSessionEnded=true, bCleanupResources=true
[2026.06.06-18.26.32:085][205]LogSlate: InvalidateAllWidgets triggered.  All widgets were invalidated
[2026.06.06-18.26.32:086][205]LogWorld: UWorld::CleanupWorld for Persistent_Level, bSessionEnded=true, bCleanupResources=true
[2026.06.06-18.26.32:086][205]LogSlate: InvalidateAllWidgets triggered.  All widgets were invalidated
[2026.06.06-18.26.32:089][205]LogWorld: UWorld::CleanupWorld for Persistent_Level, bSessionEnded=true, bCleanupResources=true
[2026.06.06-18.26.32:089][205]LogSlate: InvalidateAllWidgets triggered.  All widgets were invalidated
[2026.06.06-18.26.32:090][205]LogWorld: UWorld::CleanupWorld for Persistent_Level, bSessionEnded=true, bCleanupResources=true
[2026.06.06-18.26.32:090][205]LogSlate: InvalidateAllWidgets triggered.  All widgets were invalidated
[2026.06.06-18.26.32:093][205]LogWorld: UWorld::CleanupWorld for Persistent_Level, bSessionEnded=true, bCleanupResources=true
[2026.06.06-18.26.32:093][205]LogSlate: InvalidateAllWidgets triggered.  All widgets were invalidated
[2026.06.06-18.26.32:095][205]LogWorld: UWorld::CleanupWorld for Persistent_Level, bSessionEnded=true, bCleanupResources=true
[2026.06.06-18.26.32:095][205]LogSlate: InvalidateAllWidgets triggered.  All widgets were invalidated
[2026.06.06-18.26.32:098][205]LogWorld: UWorld::CleanupWorld for Persistent_Level, bSessionEnded=true, bCleanupResources=true
[2026.06.06-18.26.32:098][205]LogSlate: InvalidateAllWidgets triggered.  All widgets were invalidated
[2026.06.06-18.26.32:100][205]LogWorld: UWorld::CleanupWorld for Persistent_Level, bSessionEnded=true, bCleanupResources=true
[2026.06.06-18.26.32:100][205]LogSlate: InvalidateAllWidgets triggered.  All widgets were invalidated
[2026.06.06-18.26.32:101][205]LogWorld: UWorld::CleanupWorld for Persistent_Level, bSessionEnded=true, bCleanupResources=true
[2026.06.06-18.26.32:101][205]LogSlate: InvalidateAllWidgets triggered.  All widgets were invalidated
[2026.06.06-18.26.32:104][205]LogWorld: UWorld::CleanupWorld for Persistent_Level, bSessionEnded=true, bCleanupResources=true
[2026.06.06-18.26.32:104][205]LogSlate: InvalidateAllWidgets triggered.  All widgets were invalidated
[2026.06.06-18.26.32:106][205]LogWorld: UWorld::CleanupWorld for Persistent_Level, bSessionEnded=true, bCleanupResources=true
[2026.06.06-18.26.32:106][205]LogSlate: InvalidateAllWidgets triggered.  All widgets were invalidated
[2026.06.06-18.26.32:108][205]LogWorld: UWorld::CleanupWorld for Persistent_Level, bSessionEnded=true, bCleanupResources=true
[2026.06.06-18.26.32:108][205]LogSlate: InvalidateAllWidgets triggered.  All widgets were invalidated
[2026.06.06-18.26.32:109][205]LogWorld: UWorld::CleanupWorld for Persistent_Level, bSessionEnded=true, bCleanupResources=true
[2026.06.06-18.26.32:109][205]LogSlate: InvalidateAllWidgets triggered.  All widgets were invalidated
[2026.06.06-18.26.32:112][205]LogWorld: UWorld::CleanupWorld for Persistent_Level, bSessionEnded=true, bCleanupResources=true
[2026.06.06-18.26.32:112][205]LogSlate: InvalidateAllWidgets triggered.  All widgets were invalidated
[2026.06.06-18.26.32:114][205]LogWorld: UWorld::CleanupWorld for Persistent_Level, bSessionEnded=true, bCleanupResources=true
[2026.06.06-18.26.32:114][205]LogSlate: InvalidateAllWidgets triggered.  All widgets were invalidated
[2026.06.06-18.26.32:117][205]LogWorld: UWorld::CleanupWorld for Persistent_Level, bSessionEnded=true, bCleanupResources=true
[2026.06.06-18.26.32:117][205]LogSlate: InvalidateAllWidgets triggered.  All widgets were invalidated
[2026.06.06-18.26.32:119][205]LogWorld: UWorld::CleanupWorld for Persistent_Level, bSessionEnded=true, bCleanupResources=true
[2026.06.06-18.26.32:119][205]LogSlate: InvalidateAllWidgets triggered.  All widgets were invalidated
[2026.06.06-18.26.32:122][205]LogWorld: UWorld::CleanupWorld for Persistent_Level, bSessionEnded=true, bCleanupResources=true
[2026.06.06-18.26.32:122][205]LogSlate: InvalidateAllWidgets triggered.  All widgets were invalidated
[2026.06.06-18.26.32:124][205]LogWorld: UWorld::CleanupWorld for Persistent_Level, bSessionEnded=true, bCleanupResources=true
[2026.06.06-18.26.32:124][205]LogSlate: InvalidateAllWidgets triggered.  All widgets were invalidated
[2026.06.06-18.26.32:126][205]LogWorld: UWorld::CleanupWorld for Persistent_Level, bSessionEnded=true, bCleanupResources=true
[2026.06.06-18.26.32:126][205]LogSlate: InvalidateAllWidgets triggered.  All widgets were invalidated
[2026.06.06-18.26.32:128][205]LogWorld: UWorld::CleanupWorld for Persistent_Level, bSessionEnded=true, bCleanupResources=true
[2026.06.06-18.26.32:128][205]LogSlate: InvalidateAllWidgets triggered.  All widgets were invalidated
[2026.06.06-18.26.32:130][205]LogWorld: UWorld::CleanupWorld for Persistent_Level, bSessionEnded=true, bCleanupResources=true
[2026.06.06-18.26.32:130][205]LogSlate: InvalidateAllWidgets triggered.  All widgets were invalidated
[2026.06.06-18.26.32:132][205]LogWorld: UWorld::CleanupWorld for Persistent_Level, bSessionEnded=true, bCleanupResources=true
[2026.06.06-18.26.32:132][205]LogSlate: InvalidateAllWidgets triggered.  All widgets were invalidated
[2026.06.06-18.26.32:134][205]LogWorld: UWorld::CleanupWorld for Persistent_Level, bSessionEnded=true, bCleanupResources=true
[2026.06.06-18.26.32:134][205]LogSlate: InvalidateAllWidgets triggered.  All widgets were invalidated
[2026.06.06-18.26.32:137][205]LogWorld: UWorld::CleanupWorld for Persistent_Level, bSessionEnded=true, bCleanupResources=true
[2026.06.06-18.26.32:137][205]LogSlate: InvalidateAllWidgets triggered.  All widgets were invalidated
[2026.06.06-18.26.32:139][205]LogWorld: UWorld::CleanupWorld for Persistent_Level, bSessionEnded=true, bCleanupResources=true
[2026.06.06-18.26.32:139][205]LogSlate: InvalidateAllWidgets triggered.  All widgets were invalidated
[2026.06.06-18.26.32:142][205]LogWorld: UWorld::CleanupWorld for Persistent_Level, bSessionEnded=true, bCleanupResources=true
[2026.06.06-18.26.32:142][205]LogSlate: InvalidateAllWidgets triggered.  All widgets were invalidated
[2026.06.06-18.26.32:145][205]LogWorld: UWorld::CleanupWorld for Persistent_Level, bSessionEnded=true, bCleanupResources=true
[2026.06.06-18.26.32:145][205]LogSlate: InvalidateAllWidgets triggered.  All widgets were invalidated
[2026.06.06-18.26.32:147][205]LogWorld: UWorld::CleanupWorld for Persistent_Level, bSessionEnded=true, bCleanupResources=true
[2026.06.06-18.26.32:147][205]LogSlate: InvalidateAllWidgets triggered.  All widgets were invalidated
[2026.06.06-18.26.32:149][205]LogWorld: UWorld::CleanupWorld for Persistent_Level, bSessionEnded=true, bCleanupResources=true
[2026.06.06-18.26.32:149][205]LogSlate: InvalidateAllWidgets triggered.  All widgets were invalidated
[2026.06.06-18.26.32:150][205]LogWorld: UWorld::CleanupWorld for Persistent_Level, bSessionEnded=true, bCleanupResources=true
[2026.06.06-18.26.32:150][205]LogSlate: InvalidateAllWidgets triggered.  All widgets were invalidated
[2026.06.06-18.26.32:152][205]LogWorld: UWorld::CleanupWorld for Persistent_Level, bSessionEnded=true, bCleanupResources=true
[2026.06.06-18.26.32:152][205]LogSlate: InvalidateAllWidgets triggered.  All widgets were invalidated
[2026.06.06-18.26.32:155][205]LogWorld: UWorld::CleanupWorld for Persistent_Level, bSessionEnded=true, bCleanupResources=true
[2026.06.06-18.26.32:156][205]LogSlate: InvalidateAllWidgets triggered.  All widgets were invalidated
[2026.06.06-18.26.32:158][205]LogWorld: UWorld::CleanupWorld for Persistent_Level, bSessionEnded=true, bCleanupResources=true
[2026.06.06-18.26.32:158][205]LogSlate: InvalidateAllWidgets triggered.  All widgets were invalidated
[2026.06.06-18.26.32:160][205]LogWorld: UWorld::CleanupWorld for Persistent_Level, bSessionEnded=true, bCleanupResources=true
[2026.06.06-18.26.32:160][205]LogSlate: InvalidateAllWidgets triggered.  All widgets were invalidated
[2026.06.06-18.26.32:162][205]LogWorld: UWorld::CleanupWorld for Persistent_Level, bSessionEnded=true, bCleanupResources=true
[2026.06.06-18.26.32:162][205]LogSlate: InvalidateAllWidgets triggered.  All widgets were invalidated
[2026.06.06-18.26.32:164][205]LogWorld: UWorld::CleanupWorld for Persistent_Level, bSessionEnded=true, bCleanupResources=true
[2026.06.06-18.26.32:164][205]LogSlate: InvalidateAllWidgets triggered.  All widgets were invalidated
[2026.06.06-18.26.32:167][205]LogWorld: UWorld::CleanupWorld for Persistent_Level, bSessionEnded=true, bCleanupResources=true
[2026.06.06-18.26.32:167][205]LogSlate: InvalidateAllWidgets triggered.  All widgets were invalidated
[2026.06.06-18.26.32:170][205]LogWorld: UWorld::CleanupWorld for Persistent_Level, bSessionEnded=true, bCleanupResources=true
[2026.06.06-18.26.32:170][205]LogSlate: InvalidateAllWidgets triggered.  All widgets were invalidated
[2026.06.06-18.26.32:172][205]LogWorld: UWorld::CleanupWorld for Persistent_Level, bSessionEnded=true, bCleanupResources=true
[2026.06.06-18.26.32:172][205]LogSlate: InvalidateAllWidgets triggered.  All widgets were invalidated
[2026.06.06-18.26.32:174][205]LogWorld: UWorld::CleanupWorld for Persistent_Level, bSessionEnded=true, bCleanupResources=true
[2026.06.06-18.26.32:174][205]LogSlate: InvalidateAllWidgets triggered.  All widgets were invalidated
[2026.06.06-18.26.32:176][205]LogWorld: UWorld::CleanupWorld for Persistent_Level, bSessionEnded=true, bCleanupResources=true
[2026.06.06-18.26.32:176][205]LogSlate: InvalidateAllWidgets triggered.  All widgets were invalidated
[2026.06.06-18.26.32:179][205]LogWorld: UWorld::CleanupWorld for Persistent_Level, bSessionEnded=true, bCleanupResources=true
[2026.06.06-18.26.32:179][205]LogSlate: InvalidateAllWidgets triggered.  All widgets were invalidated
[2026.06.06-18.26.32:180][205]LogWorld: UWorld::CleanupWorld for Persistent_Level, bSessionEnded=true, bCleanupResources=true
[2026.06.06-18.26.32:180][205]LogSlate: InvalidateAllWidgets triggered.  All widgets were invalidated
[2026.06.06-18.26.32:183][205]LogWorld: UWorld::CleanupWorld for Persistent_Level, bSessionEnded=true, bCleanupResources=true
[2026.06.06-18.26.32:183][205]LogSlate: InvalidateAllWidgets triggered.  All widgets were invalidated
[2026.06.06-18.26.32:186][205]LogWorld: UWorld::CleanupWorld for Persistent_Level, bSessionEnded=true, bCleanupResources=true
[2026.06.06-18.26.32:186][205]LogSlate: InvalidateAllWidgets triggered.  All widgets were invalidated
[2026.06.06-18.26.32:187][205]LogWorld: UWorld::CleanupWorld for Persistent_Level, bSessionEnded=true, bCleanupResources=true
[2026.06.06-18.26.32:187][205]LogSlate: InvalidateAllWidgets triggered.  All widgets were invalidated
[2026.06.06-18.26.32:190][205]LogWorld: UWorld::CleanupWorld for Persistent_Level, bSessionEnded=true, bCleanupResources=true
[2026.06.06-18.26.32:190][205]LogSlate: InvalidateAllWidgets triggered.  All widgets were invalidated
[2026.06.06-18.26.32:193][205]LogWorld: UWorld::CleanupWorld for Persistent_Level, bSessionEnded=true, bCleanupResources=true
[2026.06.06-18.26.32:193][205]LogSlate: InvalidateAllWidgets triggered.  All widgets were invalidated
[2026.06.06-18.26.32:195][205]LogWorld: UWorld::CleanupWorld for Persistent_Level, bSessionEnded=true, bCleanupResources=true
[2026.06.06-18.26.32:195][205]LogSlate: InvalidateAllWidgets triggered.  All widgets were invalidated
[2026.06.06-18.26.32:196][205]LogWorld: UWorld::CleanupWorld for Persistent_Level, bSessionEnded=true, bCleanupResources=true
[2026.06.06-18.26.32:196][205]LogSlate: InvalidateAllWidgets triggered.  All widgets were invalidated
[2026.06.06-18.26.32:198][205]LogWorld: UWorld::CleanupWorld for Persistent_Level, bSessionEnded=true, bCleanupResources=true
[2026.06.06-18.26.32:198][205]LogSlate: InvalidateAllWidgets triggered.  All widgets were invalidated
[2026.06.06-18.26.32:200][205]LogWorld: UWorld::CleanupWorld for Persistent_Level, bSessionEnded=true, bCleanupResources=true
[2026.06.06-18.26.32:200][205]LogSlate: InvalidateAllWidgets triggered.  All widgets were invalidated
[2026.06.06-18.26.32:204][205]LogWorld: UWorld::CleanupWorld for Persistent_Level, bSessionEnded=true, bCleanupResources=true
[2026.06.06-18.26.32:204][205]LogSlate: InvalidateAllWidgets triggered.  All widgets were invalidated
[2026.06.06-18.26.32:207][205]LogWorld: UWorld::CleanupWorld for Persistent_Level, bSessionEnded=true, bCleanupResources=true
[2026.06.06-18.26.32:207][205]LogSlate: InvalidateAllWidgets triggered.  All widgets were invalidated
[2026.06.06-18.26.32:210][205]LogWorld: UWorld::CleanupWorld for Persistent_Level, bSessionEnded=true, bCleanupResources=true
[2026.06.06-18.26.32:210][205]LogSlate: InvalidateAllWidgets triggered.  All widgets were invalidated
[2026.06.06-18.26.32:213][205]LogWorld: UWorld::CleanupWorld for Persistent_Level, bSessionEnded=true, bCleanupResources=true
[2026.06.06-18.26.32:213][205]LogSlate: InvalidateAllWidgets triggered.  All widgets were invalidated
[2026.06.06-18.26.32:216][205]LogWorld: UWorld::CleanupWorld for Persistent_Level, bSessionEnded=true, bCleanupResources=true
[2026.06.06-18.26.32:216][205]LogSlate: InvalidateAllWidgets triggered.  All widgets were invalidated
[2026.06.06-18.26.32:220][205]LogWorld: UWorld::CleanupWorld for Persistent_Level, bSessionEnded=true, bCleanupResources=true
[2026.06.06-18.26.32:220][205]LogSlate: InvalidateAllWidgets triggered.  All widgets were invalidated
[2026.06.06-18.26.32:225][205]LogWorld: UWorld::CleanupWorld for Persistent_Level, bSessionEnded=true, bCleanupResources=true
[2026.06.06-18.26.32:225][205]LogSlate: InvalidateAllWidgets triggered.  All widgets were invalidated
[2026.06.06-18.26.32:228][205]LogWorld: UWorld::CleanupWorld for Persistent_Level, bSessionEnded=true, bCleanupResources=true
[2026.06.06-18.26.32:228][205]LogSlate: InvalidateAllWidgets triggered.  All widgets were invalidated
[2026.06.06-18.26.32:231][205]LogWorld: UWorld::CleanupWorld for Persistent_Level, bSessionEnded=true, bCleanupResources=true
[2026.06.06-18.26.32:231][205]LogSlate: InvalidateAllWidgets triggered.  All widgets were invalidated
[2026.06.06-18.26.32:234][205]LogWorld: UWorld::CleanupWorld for Persistent_Level, bSessionEnded=true, bCleanupResources=true
[2026.06.06-18.26.32:234][205]LogSlate: InvalidateAllWidgets triggered.  All widgets were invalidated
[2026.06.06-18.26.32:237][205]LogWorld: UWorld::CleanupWorld for Persistent_Level, bSessionEnded=true, bCleanupResources=true
[2026.06.06-18.26.32:237][205]LogSlate: InvalidateAllWidgets triggered.  All widgets were invalidated
[2026.06.06-18.26.32:240][205]LogWorld: UWorld::CleanupWorld for Persistent_Level, bSessionEnded=true, bCleanupResources=true
[2026.06.06-18.26.32:240][205]LogSlate: InvalidateAllWidgets triggered.  All widgets were invalidated
[2026.06.06-18.26.32:243][205]LogWorld: UWorld::CleanupWorld for Persistent_Level, bSessionEnded=true, bCleanupResources=true
[2026.06.06-18.26.32:243][205]LogSlate: InvalidateAllWidgets triggered.  All widgets were invalidated
[2026.06.06-18.26.32:247][205]LogWorld: UWorld::CleanupWorld for Persistent_Level, bSessionEnded=true, bCleanupResources=true
[2026.06.06-18.26.32:247][205]LogSlate: InvalidateAllWidgets triggered.  All widgets were invalidated
[2026.06.06-18.26.32:249][205]LogWorld: UWorld::CleanupWorld for Persistent_Level, bSessionEnded=true, bCleanupResources=true
[2026.06.06-18.26.32:249][205]LogSlate: InvalidateAllWidgets triggered.  All widgets were invalidated
[2026.06.06-18.26.32:252][205]LogWorld: UWorld::CleanupWorld for Persistent_Level, bSessionEnded=true, bCleanupResources=true
[2026.06.06-18.26.32:252][205]LogSlate: InvalidateAllWidgets triggered.  All widgets were invalidated
[2026.06.06-18.26.32:254][205]LogWorld: UWorld::CleanupWorld for Persistent_Level, bSessionEnded=true, bCleanupResources=true
[2026.06.06-18.26.32:255][205]LogSlate: InvalidateAllWidgets triggered.  All widgets were invalidated
[2026.06.06-18.26.32:257][205]LogWorld: UWorld::CleanupWorld for Persistent_Level, bSessionEnded=true, bCleanupResources=true
[2026.06.06-18.26.32:257][205]LogSlate: InvalidateAllWidgets triggered.  All widgets were invalidated
[2026.06.06-18.26.32:259][205]LogWorld: UWorld::CleanupWorld for Persistent_Level, bSessionEnded=true, bCleanupResources=true
[2026.06.06-18.26.32:259][205]LogSlate: InvalidateAllWidgets triggered.  All widgets were invalidated
[2026.06.06-18.26.32:260][205]LogWorld: UWorld::CleanupWorld for Persistent_Level, bSessionEnded=true, bCleanupResources=true
[2026.06.06-18.26.32:260][205]LogSlate: InvalidateAllWidgets triggered.  All widgets were invalidated
[2026.06.06-18.26.32:262][205]LogWorld: UWorld::CleanupWorld for Persistent_Level, bSessionEnded=true, bCleanupResources=true
[2026.06.06-18.26.32:262][205]LogSlate: InvalidateAllWidgets triggered.  All widgets were invalidated
[2026.06.06-18.26.32:265][205]LogWorld: UWorld::CleanupWorld for Persistent_Level, bSessionEnded=true, bCleanupResources=true
[2026.06.06-18.26.32:265][205]LogSlate: InvalidateAllWidgets triggered.  All widgets were invalidated
[2026.06.06-18.26.32:269][205]LogWorld: UWorld::CleanupWorld for Persistent_Level, bSessionEnded=true, bCleanupResources=true
[2026.06.06-18.26.32:269][205]LogSlate: InvalidateAllWidgets triggered.  All widgets were invalidated
[2026.06.06-18.26.32:272][205]LogWorld: UWorld::CleanupWorld for Persistent_Level, bSessionEnded=true, bCleanupResources=true
[2026.06.06-18.26.32:272][205]LogSlate: InvalidateAllWidgets triggered.  All widgets were invalidated
[2026.06.06-18.26.32:274][205]LogWorld: UWorld::CleanupWorld for Persistent_Level, bSessionEnded=true, bCleanupResources=true
[2026.06.06-18.26.32:274][205]LogSlate: InvalidateAllWidgets triggered.  All widgets were invalidated
[2026.06.06-18.26.32:277][205]LogWorld: UWorld::CleanupWorld for Persistent_Level, bSessionEnded=true, bCleanupResources=true
[2026.06.06-18.26.32:277][205]LogSlate: InvalidateAllWidgets triggered.  All widgets were invalidated
[2026.06.06-18.26.32:280][205]LogWorld: UWorld::CleanupWorld for Persistent_Level, bSessionEnded=true, bCleanupResources=true
[2026.06.06-18.26.32:280][205]LogSlate: InvalidateAllWidgets triggered.  All widgets were invalidated
[2026.06.06-18.26.32:285][205]LogWorld: UWorld::CleanupWorld for Persistent_Level, bSessionEnded=true, bCleanupResources=true
[2026.06.06-18.26.32:285][205]LogSlate: InvalidateAllWidgets triggered.  All widgets were invalidated
[2026.06.06-18.26.32:288][205]LogWorld: UWorld::CleanupWorld for Persistent_Level, bSessionEnded=true, bCleanupResources=true
[2026.06.06-18.26.32:288][205]LogSlate: InvalidateAllWidgets triggered.  All widgets were invalidated
[2026.06.06-18.26.32:292][205]LogWorld: UWorld::CleanupWorld for Persistent_Level, bSessionEnded=true, bCleanupResources=true
[2026.06.06-18.26.32:292][205]LogSlate: InvalidateAllWidgets triggered.  All widgets were invalidated
[2026.06.06-18.26.32:296][205]LogWorld: UWorld::CleanupWorld for Persistent_Level, bSessionEnded=true, bCleanupResources=true
[2026.06.06-18.26.32:296][205]LogSlate: InvalidateAllWidgets triggered.  All widgets were invalidated
[2026.06.06-18.26.32:299][205]LogWorld: UWorld::CleanupWorld for Persistent_Level, bSessionEnded=true, bCleanupResources=true
[2026.06.06-18.26.32:299][205]LogSlate: InvalidateAllWidgets triggered.  All widgets were invalidated
[2026.06.06-18.26.32:302][205]LogWorld: UWorld::CleanupWorld for Persistent_Level, bSessionEnded=true, bCleanupResources=true
[2026.06.06-18.26.32:302][205]LogSlate: InvalidateAllWidgets triggered.  All widgets were invalidated
[2026.06.06-18.26.32:306][205]LogWorld: UWorld::CleanupWorld for Persistent_Level, bSessionEnded=true, bCleanupResources=true
[2026.06.06-18.26.32:306][205]LogSlate: InvalidateAllWidgets triggered.  All widgets were invalidated
[2026.06.06-18.26.32:309][205]LogWorld: UWorld::CleanupWorld for Persistent_Level, bSessionEnded=true, bCleanupResources=true
[2026.06.06-18.26.32:309][205]LogSlate: InvalidateAllWidgets triggered.  All widgets were invalidated
[2026.06.06-18.26.32:313][205]LogWorld: UWorld::CleanupWorld for Persistent_Level, bSessionEnded=true, bCleanupResources=true
[2026.06.06-18.26.32:313][205]LogSlate: InvalidateAllWidgets triggered.  All widgets were invalidated
[2026.06.06-18.26.32:315][205]LogWorld: UWorld::CleanupWorld for Persistent_Level, bSessionEnded=true, bCleanupResources=true
[2026.06.06-18.26.32:315][205]LogSlate: InvalidateAllWidgets triggered.  All widgets were invalidated
[2026.06.06-18.26.32:317][205]LogWorld: UWorld::CleanupWorld for Persistent_Level, bSessionEnded=true, bCleanupResources=true
[2026.06.06-18.26.32:317][205]LogSlate: InvalidateAllWidgets triggered.  All widgets were invalidated
[2026.06.06-18.26.32:802][205]LogGameFeatures: Shutting down game features subsystem
[2026.06.06-18.26.32:804][205]LogSentrySdk: Verbose: sending envelope
[2026.06.06-18.26.32:804][205]LogSentrySdk: Verbose: submitting task to background worker thread
[2026.06.06-18.26.32:804][205]LogSentrySdk: Verbose: shutting down backend
[2026.06.06-18.26.32:804][205]LogSentrySdk: Verbose: executing task on worker thread
[2026.06.06-18.26.32:804][205]LogSentrySdk: Verbose: shutting down transport
[2026.06.06-18.26.32:804][205]LogSentrySdk: Verbose: shutting down background worker thread
[2026.06.06-18.26.32:804][205]LogSentrySdk: Verbose: submitting task to background worker thread
[2026.06.06-18.26.32:804][205]LogSentrySdk: Verbose: sending request using winhttp to "https://o4510000618995712.ingest.de.sentry.io:443/api/4510000622141520/envelope/":
x-sentry-auth:Sentry sentry_key=ce9e39afc0e16e3b66a9b309fe98f23b, sentry_version=7, sentry_client=sentry.native.unreal/0.10.1
content-type:application/x-sentry-envelope
content-length:360

[2026.06.06-18.26.33:009][205]LogSentrySdk: Verbose: received response:
HTTP/1.1 200 OK
Date: Sat, 06 Jun 2026 18:26:37 GMT
Via: 1.1 google
Content-Length: 2
Content-Type: application/json
Server: nginx
Vary: origin, access-control-request-method, access-control-request-headers
access-control-allow-origin: *
access-control-expose-headers: x-sentry-error,x-sentry-rate-limits,retry-after
cross-origin-resource-policy: cross-origin
strict-transport-security: max-age=31536000; includeSubDomains; preload
Alt-Svc: h3=":443"; ma=2592000


[2026.06.06-18.26.33:009][205]LogSentrySdk: Verbose: request handled in 205ms
[2026.06.06-18.26.33:010][205]LogSentrySdk: Verbose: executing task on worker thread
[2026.06.06-18.26.33:010][205]LogSentrySdk: Verbose: background worker thread shut down
[2026.06.06-18.26.33:015][205]LogAudio: Display: Beginning Audio Device Manager Shutdown (Module: AudioMixerXAudio2)...
[2026.06.06-18.26.33:015][205]LogAudio: Display: Destroying 1 Remaining Audio Device(s)...
[2026.06.06-18.26.33:015][205]LogAudio: Display: Audio Device unregistered from world 'Persistent_Level'.
[2026.06.06-18.26.33:015][205]LogAudio: Display: Shutting down audio device while 1 references to it are still alive. For more information, compile with INSTRUMENT_AUDIODEVICE_HANDLES.
[2026.06.06-18.26.33:015][205]LogAudioMixer: Display: FMixerPlatformXAudio2::StopAudioStream() called. InstanceID=1, StreamState=4
[2026.06.06-18.26.33:015][205]LogAudioMixer: Display: FMixerPlatformXAudio2::StopAudioStream() called. InstanceID=1, StreamState=2
[2026.06.06-18.26.33:020][205]LogAudioMixer: Deinitializing Audio Bus Subsystem for audio device with ID -1
[2026.06.06-18.26.33:020][205]LogAudio: Display: Audio Device Manager Shutdown
[2026.06.06-18.26.33:406][205]LogSlate: Slate User Destroyed.  User Index 0, Is Virtual User: 0
[2026.06.06-18.26.33:406][205]LogExit: Preparing to exit.
[2026.06.06-18.26.33:406][205]LogMoviePlayer: Shutting down movie player
[2026.06.06-18.26.33:482][205]LogSlate: Updating window title bar state: overlay mode, drag disabled, window buttons hidden, title bar hidden
[2026.06.06-18.26.33:683][205]LogDemo: Cleaned up 0 splitscreen connections, owner deletion: enabled
[2026.06.06-18.26.33:750][205]LogExit: Game engine shut down
[2026.06.06-18.26.33:894][205]LogRenderer: Forcing update for all mesh draw commands: SkyLight real-time capture change
[2026.06.06-18.26.34:209][205]LogExit: Object subsystem successfully closed.
[2026.06.06-18.26.34:248][205]LogStreamline: FStreamlineCoreModule::ShutdownModule Enter
[2026.06.06-18.26.34:248][205]LogStreamline: UnregisterStreamlineReflexHooks Enter
[2026.06.06-18.26.34:248][205]LogStreamline: UnregisterStreamlineReflexHooks Leave
[2026.06.06-18.26.34:248][205]LogStreamline: FStreamlineCoreModule::ShutdownModule Leave
[2026.06.06-18.26.34:248][205]LogDLSSNGXRHI: FNGXRHIModule::ShutdownModule Enter
[2026.06.06-18.26.34:248][205]LogDLSSNGXRHI: FNGXRHIModule::ShutdownModule Leave
[2026.06.06-18.26.34:248][205]LogDLSS: FDLSSModule::ShutdownModule Enter
[2026.06.06-18.26.34:248][205]LogDLSS: FDLSSModule::ShutdownModule Leave
[2026.06.06-18.26.34:248][205]LogSockets: SteamSockets: Cleaning up
[2026.06.06-18.26.34:248][205]LogWwiseNiagara: Display: Shutting down default Niagara.
[2026.06.06-18.26.34:249][205]LogGauntlet: Gauntlet Shutdown
[2026.06.06-18.26.34:249][205]LogLoad: Skipping reloading missing WwiseSoundEngine module: Exiting.
[2026.06.06-18.26.34:260][205]LogAkAudio: Audiokinetic Audio Device terminated.
[2026.06.06-18.26.34:260][205]LogWwiseConcurrency: Display: Shutting down default Concurrency.
[2026.06.06-18.26.34:260][205]LogWwiseProcessing: Display: Shutting down default Processing.
[2026.06.06-18.26.34:261][205]LogWwiseFileHandler: Closing FileHandler with remaining 1 FileStates. Leaking.
[2026.06.06-18.26.34:261][205]LogWwiseSoundEngine: Unloading Wwise Sound Engine
[2026.06.06-18.26.34:261][205]LogXeSSModule: XeSS shut down
[2026.06.06-18.26.34:261][205]LogStreamlineD3D11RHI: FStreamlineD3D11RHI::~FStreamlineD3D11RHI Enter
[2026.06.06-18.26.34:261][205]LogStreamlineD3D11RHI: FStreamlineD3D11RHI::~FStreamlineD3D11RHI Leave
[2026.06.06-18.26.34:261][205]LogStreamlineD3D11RHI: FStreamlineD3D11RHIModule::ShutdownModule Enter
[2026.06.06-18.26.34:261][205]LogStreamlineD3D11RHI: FStreamlineD3D11RHIModule::ShutdownModule Leave
[2026.06.06-18.26.34:261][205]LogOnlineServices: 000002E1D11973D0 Steam online services instance flushing remain operations
[2026.06.06-18.26.34:261][205]LogOnlineServices: Warning: 000002E1D11973D0 Steam online services flush timed out, cancelling all operations
[2026.06.06-18.26.34:261][205]LogOnlineServices: 000002E204E363D0 BatchQueryPresence clear complete callbacks while in state Running
[2026.06.06-18.26.34:261][205]LogOnlineServices: 000002E1D6037550 QueryUserAvatar clear complete callbacks while in state Invalid
[2026.06.06-18.26.34:261][205]LogOnlineServices: 000002E1D6037410 QueryUserInfo clear complete callbacks while in state Invalid
[2026.06.06-18.26.34:261][205]LogOnlineServices: 000002E2804A4490 QueryUserAvatar clear complete callbacks while in state Invalid
[2026.06.06-18.26.34:261][205]LogOnlineServices: 000002E209D5CCD0 QueryUserInfo clear complete callbacks while in state Invalid
[2026.06.06-18.26.34:261][205]LogOnlineServices: 000002E1D11973D0 Steam online services instance destroy
[2026.06.06-18.26.34:261][205]LogSteamShared: Unloading the Steam API...
[2026.06.06-18.26.34:289][205]LogOnlineServices: Error: Steam online services is still been referenced after shutting down
[2026.06.06-18.26.34:289][205]LogSteamShared: Freeing the Steam Loaded Modules...
[2026.06.06-18.26.34:289][205]LogFFXFI: FFX Frame Interpolation Module Shutdown
[2026.06.06-18.26.34:289][205]LogFSR3: FSR3 Temporal Upscaling Module Shutdown
[2026.06.06-18.26.34:290][205]LogDLSSNGXVulkanRHIPreInit: FNGXVulkanRHIPreInitModule::ShutdownModule Enter
[2026.06.06-18.26.34:290][205]LogDLSSNGXVulkanRHIPreInit: FNGXVulkanRHIPreInitModule::ShutdownModule Leave
[2026.06.06-18.26.34:293][205]LogOnlineServices: 000002E1B7336710 Epic online services instance destroy
[2026.06.06-18.26.34:293][205]LogEOSSDK: LogEOSFriends: Successfully closed a listener.
[2026.06.06-18.26.34:293][205]LogEOSSDK: Warning: LogEOSP2P: Leave all connections due to P2P network shutdown
[2026.06.06-18.26.34:297][205]LogEOSSDK: LogEOSRTC: [Core] Shutting down LibRTC...
[2026.06.06-18.26.34:837][205]LogEOSShared: FEOSSDKManager::Shutdown EOS_Shutdown Result=[EOS_Success]
[2026.06.06-18.26.34:841][205]LogNFORDenoise: NFORDenoise function shutting down
[2026.06.06-18.26.34:850][205]LogIris: FNetObjectFactoryRegistry::UnregisterFactory is unregistering factory: None name: NetActorFactory id: 0
[2026.06.06-18.26.34:850][205]LogIris: FNetObjectFactoryRegistry::UnregisterFactory is unregistering factory: None name: NetSubObjectFactory id: 1
[2026.06.06-18.26.34:850][205]LogPakFile: Destroying PakPlatformFile
[2026.06.06-18.26.34:860][205]LogD3D11RHI: Shutdown
[2026.06.06-18.26.34:860][205]LogD3D11RHI: CleanupD3DDevice
[2026.06.06-18.26.34:921][205]LogExit: Exiting.
[2026.06.06-18.26.34:948][205]Log file closed, 06/06/26 21:26:34
