Log file open, 06/12/26 15:52:34
LogWindows: Custom abort handler registered for crash reporting.
LogInit: Display: Running engine for game: FactoryGame
LogInit: Display: Project file not found: C:/Program Files (x86)/Steam/steamapps/common/Satisfactory/FactoryGame/FactoryGame.uproject
LogInit: Display: 	Attempting to find via project info helper.
LogPakFile: Initializing PakPlatformFile
LogIoDispatcher: Display: Reading toc: ../../../FactoryGame/Content/Paks/global.utoc
LogIoDispatcher: Display: Toc loaded : ../../../FactoryGame/Content/Paks/global.utoc, Id=ffffffffffffffff, Order=0, EntryCount=1, SignatureHash=8E033094D165D37223BC9D46DF0D6D71DF85DB0A
LogIoDispatcher: Display: Mounting container '../../../FactoryGame/Content/Paks/global.utoc' in location slot 0
LogPakFile: Display: Initialized I/O dispatcher file backend. Mounted the global container: ../../../FactoryGame/Content/Paks/global.utoc
LogPakFile: Display: Found Pak file ../../../FactoryGame/Content/Paks/FactoryGame-Windows.pak attempting to mount.
LogPakFile: Display: Mounting pak file ../../../FactoryGame/Content/Paks/FactoryGame-Windows.pak.
LogIoDispatcher: Display: Reading toc: ../../../FactoryGame/Content/Paks/FactoryGame-Windows.utoc
LogIoDispatcher: Display: Toc loaded : ../../../FactoryGame/Content/Paks/FactoryGame-Windows.utoc, Id=52f27a6f7471235e, Order=4, EntryCount=59243, SignatureHash=5ED7FE8540FF1E6B609002412F9BCA7F7C7E9497
LogIoDispatcher: Display: Mounting container '../../../FactoryGame/Content/Paks/FactoryGame-Windows.utoc' in location slot 0
LogPakFile: Display: Mounted IoStore container "../../../FactoryGame/Content/Paks/FactoryGame-Windows.utoc"
LogFilePackageStore: Mounting container: Id=52f27a6f7471235e, Order=4, NumPackages=28225
LogPakFile: Display: Mounted Pak file '../../../FactoryGame/Content/Paks/FactoryGame-Windows.pak', mount point: '../../../'
LogICUInternationalization: ICU TimeZone Detection - Raw Offset: +2:00, Platform Override: ''
LogInit: Session CrashGUID >====================================================
         Session CrashGUID >   UECC-Windows-B20BD183418AE4AE1145829C7FDA8E0D
         Session CrashGUID >====================================================
LogWindows: Attached monitors:
LogWindows:     resolution: 1600x1000, work area: (0, 0) -> (1600, 952), device: '\\.\DISPLAY1' [PRIMARY]
LogWindows: Found 1 attached monitors.
LogWindows: Gathering driver information using Windows Setup API
LogConfig: Using compiled CustomConfig Steam
LogAssetRegistry: Premade AssetRegistry loaded from '../../../FactoryGame/AssetRegistry.bin'
LogConfig: No local boot hotfix file found at: [C:/Users/cheva/AppData/Local/FactoryGame/Saved/PersistentDownloadDir/HotfixForNextBoot.txt]
LogAudio: Display: Pre-Initializing Audio Device Manager...
LogAudio: Display: AudioInfo: 'OPUS' Registered
LogAudioDebug: Display: Lib vorbis DLL was dynamically loaded.
LogAudio: Display: AudioInfo: 'OGG' Registered
LogAudio: Display: AudioInfo: 'ADPCM' Registered
LogAudio: Display: AudioInfo: 'PCM' Registered
LogAudio: Display: AudioInfo: 'BINKA' Registered
LogAudio: Display: AudioInfo: 'RADA' Registered
LogAudio: Display: Audio Device Manager Pre-Initialized
LogPluginManager: Mounting Engine plugin Paper2D
LogPluginManager: Mounting Engine plugin AISupport
LogPluginManager: Mounting Engine plugin EnvironmentQueryEditor
LogPluginManager: Mounting Engine plugin ACLPlugin
LogPluginManager: Mounting Engine plugin AnimationData
LogPluginManager: Mounting Engine plugin AnimationLocomotionLibrary
LogPluginManager: Mounting Engine plugin AnimationModifierLibrary
LogPluginManager: Mounting Engine plugin AnimationWarping
LogPluginManager: Mounting Engine plugin ControlRigModules
LogPluginManager: Mounting Engine plugin ControlRigSpline
LogPluginManager: Mounting Engine plugin ControlRig
LogPluginManager: Mounting Engine plugin DeformerGraph
LogPluginManager: Mounting Engine plugin IKRig
LogPluginManager: Mounting Engine plugin SkeletalMeshModelingTools
LogPluginManager: Mounting Engine plugin TweeningUtils
LogPluginManager: Mounting Engine plugin CSLocTools
LogPluginManager: Mounting Engine plugin CameraShakePreviewer
LogPluginManager: Mounting Engine plugin EngineCameras
LogPluginManager: Mounting Engine plugin GameplayCameras
LogPluginManager: Mounting Engine plugin ChaosClothAsset
LogPluginManager: Mounting Engine plugin ChaosCloth
LogPluginManager: Mounting Engine plugin ChaosVD
LogPluginManager: Mounting Engine plugin LensDistortion
LogPluginManager: Mounting Engine plugin OpenColorIO
LogPluginManager: Mounting Engine plugin OodleNetwork
LogPluginManager: Mounting Engine plugin AnimationSharing
LogPluginManager: Mounting Engine plugin ConcertMain
LogPluginManager: Mounting Engine plugin ConcertSyncClient
LogPluginManager: Mounting Engine plugin ConcertSyncCore
LogPluginManager: Mounting Engine plugin ConcertSharedSlate
LogPluginManager: Mounting Engine plugin NamingTokens
LogPluginManager: Mounting Engine plugin PluginUtils
LogPluginManager: Mounting Engine plugin UObjectPlugin
LogPluginManager: Mounting Engine plugin AssetManagerEditor
LogPluginManager: Mounting Engine plugin AssetReferenceRestrictions
LogPluginManager: Mounting Engine plugin BlueprintHeaderView
LogPluginManager: Mounting Engine plugin BlueprintMaterialTextureNodes
LogPluginManager: Mounting Engine plugin ColorGrading
LogPluginManager: Mounting Engine plugin ConsoleVariables
LogPluginManager: Mounting Engine plugin ContentBrowserAssetDataSource
LogPluginManager: Mounting Engine plugin CurveEditorTools
LogPluginManager: Mounting Engine plugin DataValidation
LogPluginManager: Mounting Engine plugin EditorScriptingUtilities
LogPluginManager: Mounting Engine plugin EngineAssetDefinitions
LogPluginManager: Mounting Engine plugin FacialAnimation
LogPluginManager: Mounting Engine plugin GameplayTagsEditor
LogPluginManager: Mounting Engine plugin GeometryMode
LogPluginManager: Mounting Engine plugin LightMixer
LogPluginManager: Mounting Engine plugin ObjectMixer
LogPluginManager: Mounting Engine plugin ProxyLODPlugin
LogPluginManager: Mounting Engine plugin ScriptableToolsEditorMode
LogPluginManager: Mounting Engine plugin SequencerAnimTools
LogPluginManager: Mounting Engine plugin SpeedTreeImporter
LogPluginManager: Mounting Engine plugin UMGWidgetPreview
LogPluginManager: Mounting Engine plugin UVEditor
LogPluginManager: Mounting Engine plugin EnhancedInput
LogPluginManager: Mounting Engine plugin DatasmithContent
LogPluginManager: Mounting Engine plugin GLTFExporter
LogPluginManager: Mounting Engine plugin VariantManagerContent
LogPluginManager: Mounting Engine plugin VariantManager
LogPluginManager: Mounting Engine plugin AsyncMessageSystem
LogPluginManager: Mounting Engine plugin AutomationUtils
LogPluginManager: Mounting Engine plugin BackChannel
LogPluginManager: Mounting Engine plugin BlueprintStats
LogPluginManager: Mounting Engine plugin ChaosCaching
LogPluginManager: Mounting Engine plugin ChaosEditor
LogPluginManager: Mounting Engine plugin ChaosNiagara
LogPluginManager: Mounting Engine plugin ChaosSolverPlugin
LogPluginManager: Mounting Engine plugin ChaosUserDataPT
LogPluginManager: Mounting Engine plugin ChaosVehiclesPlugin
LogPluginManager: Mounting Engine plugin CharacterAI
LogPluginManager: Mounting Engine plugin CompositeCore
LogPluginManager: Mounting Engine plugin ControlFlows
LogPluginManager: Mounting Engine plugin Dataflow
LogPluginManager: Mounting Engine plugin EditorDataStorageFeatures
LogPluginManager: Mounting Engine plugin EditorDataStorage
LogPluginManager: Mounting Engine plugin Fracture
LogPluginManager: Mounting Engine plugin FullBodyIK
LogPluginManager: Mounting Engine plugin Gauntlet
LogPluginManager: Mounting Engine plugin GeometryCollectionPlugin
LogPluginManager: Mounting Engine plugin GeometryDataflow
LogPluginManager: Mounting Engine plugin Landmass
LogPluginManager: Mounting Engine plugin LevelSequenceNavigatorBridge
LogPluginManager: Mounting Engine plugin LocalizableMessage
LogPluginManager: Mounting Engine plugin MeshModelingToolsetExp
LogPluginManager: Mounting Engine plugin NFORDenoise
LogPluginManager: Mounting Engine plugin PlanarCut
LogPluginManager: Mounting Engine plugin PlatformCrypto
LogPluginManager: Mounting Engine plugin PythonScriptPlugin
LogPluginManager: Mounting Engine plugin RuntimeTelemetry
LogPluginManager: Mounting Engine plugin SlateIM
LogPluginManager: Mounting Engine plugin ToolPresets
LogPluginManager: Mounting Engine plugin CascadeToNiagaraConverter
LogPluginManager: Mounting Engine plugin Cascade
LogPluginManager: Mounting Engine plugin NiagaraSimCaching
LogPluginManager: Mounting Engine plugin Niagara
LogPluginManager: Mounting Engine plugin Fab
LogPluginManager: Mounting Engine plugin AlembicImporter
LogPluginManager: Mounting Engine plugin InterchangeAssets
LogPluginManager: Mounting Engine plugin InterchangeEditor
LogPluginManager: Mounting Engine plugin Interchange
LogPluginManager: Mounting Engine plugin AppleProResMedia
LogPluginManager: Mounting Engine plugin ImgMedia
LogPluginManager: Mounting Engine plugin MediaCompositing
LogPluginManager: Mounting Engine plugin MediaPlate
LogPluginManager: Mounting Engine plugin MfMedia
LogPluginManager: Mounting Engine plugin WebMMedia
LogPluginManager: Mounting Engine plugin WmfMedia
LogPluginManager: Mounting Engine plugin MeshPainting
LogPluginManager: Mounting Engine plugin TcpMessaging
LogPluginManager: Mounting Engine plugin UdpMessaging
LogPluginManager: Mounting Engine plugin ActorSequence
LogPluginManager: Mounting Engine plugin LevelSequenceEditor
LogPluginManager: Mounting Engine plugin MovieRenderPipeline
LogPluginManager: Mounting Engine plugin SequencerScripting
LogPluginManager: Mounting Engine plugin TemplateSequence
LogPluginManager: Mounting Engine plugin EOSShared
LogPluginManager: Mounting Engine plugin OnlineBase
LogPluginManager: Mounting Engine plugin OnlineServicesEOSGS
LogPluginManager: Mounting Engine plugin OnlineServicesEOS
LogPluginManager: Mounting Engine plugin OnlineServicesEpicCommon
LogPluginManager: Mounting Engine plugin OnlineServicesNull
LogPluginManager: Mounting Engine plugin OnlineServicesOSSAdapter
LogPluginManager: Mounting Engine plugin OnlineServices
LogPluginManager: Mounting Engine plugin OnlineSubsystemNull
LogPluginManager: Mounting Engine plugin OnlineSubsystemSteam
LogPluginManager: Mounting Engine plugin OnlineSubsystemUtils
LogPluginManager: Mounting Engine plugin OnlineSubsystem
LogPluginManager: Mounting Engine plugin SocketSubsystemEOS
LogPluginManager: Mounting Engine plugin LauncherChunkInstaller
LogPluginManager: Mounting Engine plugin ActorLayerUtilities
LogPluginManager: Mounting Engine plugin AndroidFileServer
LogPluginManager: Mounting Engine plugin ApexDestruction
LogPluginManager: Mounting Engine plugin AppleImageUtils
LogPluginManager: Mounting Engine plugin AssetTags
LogPluginManager: Mounting Engine plugin AudioCapture
LogPluginManager: Mounting Engine plugin AudioSynesthesia
LogPluginManager: Mounting Engine plugin AudioWidgets
LogPluginManager: Mounting Engine plugin CableComponent
LogPluginManager: Mounting Engine plugin ChunkDownloader
LogPluginManager: Mounting Engine plugin ComputeFramework
LogPluginManager: Mounting Engine plugin CustomMeshComponent
LogPluginManager: Mounting Engine plugin DataRegistry
LogPluginManager: Mounting Engine plugin SQLiteCore
LogPluginManager: Mounting Engine plugin ExampleDeviceProfileSelector
LogPluginManager: Mounting Engine plugin GameFeatures
LogPluginManager: Mounting Engine plugin GeometryCache
LogPluginManager: Mounting Engine plugin GeometryProcessing
LogPluginManager: Mounting Engine plugin GeometryScripting
LogPluginManager: Mounting Engine plugin GooglePAD
LogPluginManager: Mounting Engine plugin HairStrands
LogPluginManager: Mounting Engine plugin MeshModelingToolset
LogPluginManager: Mounting Engine plugin Metasound
LogPluginManager: Mounting Engine plugin ModelViewViewModel
LogPluginManager: Mounting Engine plugin ModularGameplay
LogPluginManager: Mounting Engine plugin MsQuic
LogPluginManager: Mounting Engine plugin DTLSHandlerComponent
LogPluginManager: Mounting Engine plugin ProceduralMeshComponent
LogPluginManager: Mounting Engine plugin PropertyAccessEditor
LogPluginManager: Mounting Engine plugin PropertyBindingUtils
LogPluginManager: Mounting Engine plugin ReplicationGraph
LogPluginManager: Mounting Engine plugin ResonanceAudio
LogPluginManager: Mounting Engine plugin RigVM
LogPluginManager: Mounting Engine plugin ScriptableToolsFramework
LogPluginManager: Mounting Engine plugin SignificanceManager
LogPluginManager: Mounting Engine plugin SoundFields
LogPluginManager: Mounting Engine plugin StateTree
LogPluginManager: Mounting Engine plugin SteamController
LogPluginManager: Mounting Engine plugin SteamShared
LogPluginManager: Mounting Engine plugin SteamSockets
LogPluginManager: Mounting Engine plugin Synthesis
LogPluginManager: Mounting Engine plugin WaveTable
LogPluginManager: Mounting Engine plugin WebMMoviePlayer
LogPluginManager: Mounting Engine plugin WindowsDeviceProfileSelector
LogPluginManager: Mounting Engine plugin WindowsMoviePlayer
LogPluginManager: Mounting Engine plugin WinDualShock
LogPluginManager: Mounting Engine plugin XInputDevice
LogPluginManager: Mounting Engine plugin EditorTests
LogPluginManager: Mounting Engine plugin FbxAutomationTestBuilder
LogPluginManager: Mounting Engine plugin FunctionalTestingEditor
LogPluginManager: Mounting Engine plugin InterchangeTests
LogPluginManager: Mounting Engine plugin RuntimeTests
LogPluginManager: Mounting Engine plugin TestFramework
LogPluginManager: Mounting Engine plugin TraceUtilities
LogPluginManager: Mounting Engine plugin CameraCalibrationCore
LogPluginManager: Mounting Engine plugin Takes
LogPluginManager: Mounting Engine plugin WorldMetrics
LogPluginManager: Mounting Engine plugin WwiseNiagara
LogPluginManager: Mounting Engine plugin Wwise
LogPluginManager: Mounting Project plugin AbstractInstance
LogPluginManager: Mounting Project plugin DLSS
LogPluginManager: Mounting Project plugin EditorTools
LogPluginManager: Mounting Project plugin FSR3
LogPluginManager: Mounting Project plugin GameplayEvents
LogPluginManager: Mounting Project plugin OnlineIntegration
LogPluginManager: Mounting Project plugin OnlineServicesSteamLimited
LogPluginManager: Mounting Project plugin RainRendering
LogPluginManager: Mounting Project plugin ReliableMessaging
LogPluginManager: Mounting Project plugin Sentry
LogPluginManager: Mounting Project plugin SignificanceISPC
LogPluginManager: Mounting Project plugin SteamDeckConfig
LogPluginManager: Mounting Project plugin StreamlineCore
LogPluginManager: Mounting Project plugin StreamlineDLSSG
LogPluginManager: Mounting Project plugin StreamlineDeepDVC
LogPluginManager: Mounting Project plugin StreamlineReflex
LogPluginManager: Mounting Project plugin Streamline
LogPluginManager: Mounting Project plugin XeSS
LogPluginManager: Mounting Mod plugin AdvancedLogistics
LogPluginManager: Mounting Mod plugin ContainerScreen
LogPluginManager: Mounting Mod plugin DaisyChainPowerCables
LogPluginManager: Mounting Mod plugin DeepMining
LogPluginManager: Mounting Mod plugin ContainerWithScreen
LogPluginManager: Mounting Mod plugin FasterManualCraftingRedux
LogPluginManager: Mounting Mod plugin FloorHole
LogPluginManager: Mounting Mod plugin InventorySpace2
LogPluginManager: Mounting Mod plugin MAMTips
LogPluginManager: Mounting Mod plugin moidu21_lib
LogPluginManager: Mounting Mod plugin MovePlayerInventory
LogPluginManager: Mounting Mod plugin OrganizedCrates
LogPluginManager: Mounting Mod plugin SmallAwesomeSink
LogPluginManager: Mounting Mod plugin TenTimesAwesomePoints
LogPluginManager: Mounting Mod plugin SML
LogPluginManager: Mounting Mod plugin UndergroundBelts
LogPluginManager: Mounting Mod plugin UtilityMod
LogPluginManager: Mounting Mod plugin BlueprintHighlighted
LogPluginManager: Mounting Mod plugin CrashSiteBeacons
LogPluginManager: Mounting Mod plugin HighlightScannedObject
LogPluginManager: Mounting Mod plugin InfiniteNudge
LogPluginManager: Mounting Mod plugin InfiniteZoop
LogPluginManager: Mounting Mod plugin FlashlightSettings
LogPluginManager: Mounting Mod plugin minerplus
LogPluginManager: Mounting Mod plugin NoSplash
LogPluginManager: Mounting Mod plugin SkyUI
LogIoDispatcher: Display: Reading toc: ../../../FactoryGame/Mods/AdvancedLogistics/Content/Paks/Windows/AdvancedLogisticsFactoryGame-Windows.utoc
LogIoDispatcher: Display: Toc loaded : ../../../FactoryGame/Mods/AdvancedLogistics/Content/Paks/Windows/AdvancedLogisticsFactoryGame-Windows.utoc, Id=3bd1f41eeccfcc51, Order=0, EntryCount=14, SignatureHash=0000000000000000000000000000000000000000
LogIoDispatcher: Display: Mounting container '../../../FactoryGame/Mods/AdvancedLogistics/Content/Paks/Windows/AdvancedLogisticsFactoryGame-Windows.utoc' in location slot 1
LogPakFile: Display: Mounted IoStore container "../../../FactoryGame/Mods/AdvancedLogistics/Content/Paks/Windows/AdvancedLogisticsFactoryGame-Windows.utoc"
LogFilePackageStore: Mounting container: Id=3bd1f41eeccfcc51, Order=0, NumPackages=13
LogPakFile: Display: Mounted Pak file '../../../FactoryGame/Mods/AdvancedLogistics/Content/Paks/Windows/AdvancedLogisticsFactoryGame-Windows.pak', mount point: '../../../FactoryGame/Mods/AdvancedLogistics/'
LogPakFile: Display: Mount point '../../../FactoryGame/Mods/AdvancedLogistics/' is not mounted to a valid Root Path yet, assets in this pak file may not be accessible until a corresponding UFS Mount Point is added through FPackageName::RegisterMountPoint.
LogIoDispatcher: Display: Reading toc: ../../../FactoryGame/Mods/ContainerScreen/Content/Paks/Windows/ContainerScreenFactoryGame-Windows.utoc
LogIoDispatcher: Display: Toc loaded : ../../../FactoryGame/Mods/ContainerScreen/Content/Paks/Windows/ContainerScreenFactoryGame-Windows.utoc, Id=665b07fcf804c906, Order=0, EntryCount=69, SignatureHash=0000000000000000000000000000000000000000
LogIoDispatcher: Display: Mounting container '../../../FactoryGame/Mods/ContainerScreen/Content/Paks/Windows/ContainerScreenFactoryGame-Windows.utoc' in location slot 1
LogPakFile: Display: Mounted IoStore container "../../../FactoryGame/Mods/ContainerScreen/Content/Paks/Windows/ContainerScreenFactoryGame-Windows.utoc"
LogFilePackageStore: Mounting container: Id=665b07fcf804c906, Order=0, NumPackages=43
LogPakFile: Display: Mounted Pak file '../../../FactoryGame/Mods/ContainerScreen/Content/Paks/Windows/ContainerScreenFactoryGame-Windows.pak', mount point: '../../../FactoryGame/Mods/ContainerScreen/'
LogPakFile: Display: Mount point '../../../FactoryGame/Mods/ContainerScreen/' is not mounted to a valid Root Path yet, assets in this pak file may not be accessible until a corresponding UFS Mount Point is added through FPackageName::RegisterMountPoint.
LogIoDispatcher: Display: Reading toc: ../../../FactoryGame/Mods/DaisyChainPowerCables/Content/Paks/Windows/DaisyChainPowerCablesFactoryGame-Windows.utoc
LogIoDispatcher: Display: Toc loaded : ../../../FactoryGame/Mods/DaisyChainPowerCables/Content/Paks/Windows/DaisyChainPowerCablesFactoryGame-Windows.utoc, Id=96fc5f6d131f0e87, Order=0, EntryCount=72, SignatureHash=0000000000000000000000000000000000000000
LogIoDispatcher: Display: Mounting container '../../../FactoryGame/Mods/DaisyChainPowerCables/Content/Paks/Windows/DaisyChainPowerCablesFactoryGame-Windows.utoc' in location slot 1
LogPakFile: Display: Mounted IoStore container "../../../FactoryGame/Mods/DaisyChainPowerCables/Content/Paks/Windows/DaisyChainPowerCablesFactoryGame-Windows.utoc"
LogFilePackageStore: Mounting container: Id=96fc5f6d131f0e87, Order=0, NumPackages=71
LogPakFile: Display: Mounted Pak file '../../../FactoryGame/Mods/DaisyChainPowerCables/Content/Paks/Windows/DaisyChainPowerCablesFactoryGame-Windows.pak', mount point: '../../../FactoryGame/Mods/DaisyChainPowerCables/'
LogPakFile: Display: Mount point '../../../FactoryGame/Mods/DaisyChainPowerCables/' is not mounted to a valid Root Path yet, assets in this pak file may not be accessible until a corresponding UFS Mount Point is added through FPackageName::RegisterMountPoint.
LogIoDispatcher: Display: Reading toc: ../../../FactoryGame/Mods/DeepMining/Content/Paks/Windows/DeepMiningFactoryGame-Windows.utoc
LogIoDispatcher: Display: Toc loaded : ../../../FactoryGame/Mods/DeepMining/Content/Paks/Windows/DeepMiningFactoryGame-Windows.utoc, Id=358888508f532e48, Order=0, EntryCount=41, SignatureHash=0000000000000000000000000000000000000000
LogIoDispatcher: Display: Mounting container '../../../FactoryGame/Mods/DeepMining/Content/Paks/Windows/DeepMiningFactoryGame-Windows.utoc' in location slot 1
LogPakFile: Display: Mounted IoStore container "../../../FactoryGame/Mods/DeepMining/Content/Paks/Windows/DeepMiningFactoryGame-Windows.utoc"
LogFilePackageStore: Mounting container: Id=358888508f532e48, Order=0, NumPackages=30
LogPakFile: Display: Mounted Pak file '../../../FactoryGame/Mods/DeepMining/Content/Paks/Windows/DeepMiningFactoryGame-Windows.pak', mount point: '../../../FactoryGame/Mods/DeepMining/'
LogPakFile: Display: Mount point '../../../FactoryGame/Mods/DeepMining/' is not mounted to a valid Root Path yet, assets in this pak file may not be accessible until a corresponding UFS Mount Point is added through FPackageName::RegisterMountPoint.
LogIoDispatcher: Display: Reading toc: ../../../FactoryGame/Mods/ContainerWithScreen/Content/Paks/Windows/ContainerWithScreenFactoryGame-Windows.utoc
LogIoDispatcher: Display: Toc loaded : ../../../FactoryGame/Mods/ContainerWithScreen/Content/Paks/Windows/ContainerWithScreenFactoryGame-Windows.utoc, Id=4b5eb288afebf5a7, Order=0, EntryCount=38, SignatureHash=0000000000000000000000000000000000000000
LogIoDispatcher: Display: Mounting container '../../../FactoryGame/Mods/ContainerWithScreen/Content/Paks/Windows/ContainerWithScreenFactoryGame-Windows.utoc' in location slot 1
LogPakFile: Display: Mounted IoStore container "../../../FactoryGame/Mods/ContainerWithScreen/Content/Paks/Windows/ContainerWithScreenFactoryGame-Windows.utoc"
LogFilePackageStore: Mounting container: Id=4b5eb288afebf5a7, Order=0, NumPackages=20
LogPakFile: Display: Mounted Pak file '../../../FactoryGame/Mods/ContainerWithScreen/Content/Paks/Windows/ContainerWithScreenFactoryGame-Windows.pak', mount point: '../../../FactoryGame/Mods/ContainerWithScreen/'
LogPakFile: Display: Mount point '../../../FactoryGame/Mods/ContainerWithScreen/' is not mounted to a valid Root Path yet, assets in this pak file may not be accessible until a corresponding UFS Mount Point is added through FPackageName::RegisterMountPoint.
LogIoDispatcher: Display: Reading toc: ../../../FactoryGame/Mods/FasterManualCraftingRedux/Content/Paks/Windows/FasterManualCraftingReduxFactoryGame-Windows.utoc
LogIoDispatcher: Display: Toc loaded : ../../../FactoryGame/Mods/FasterManualCraftingRedux/Content/Paks/Windows/FasterManualCraftingReduxFactoryGame-Windows.utoc, Id=e263af47724971d7, Order=0, EntryCount=5, SignatureHash=0000000000000000000000000000000000000000
LogIoDispatcher: Display: Mounting container '../../../FactoryGame/Mods/FasterManualCraftingRedux/Content/Paks/Windows/FasterManualCraftingReduxFactoryGame-Windows.utoc' in location slot 1
LogPakFile: Display: Mounted IoStore container "../../../FactoryGame/Mods/FasterManualCraftingRedux/Content/Paks/Windows/FasterManualCraftingReduxFactoryGame-Windows.utoc"
LogFilePackageStore: Mounting container: Id=e263af47724971d7, Order=0, NumPackages=4
LogPakFile: Display: Mounted Pak file '../../../FactoryGame/Mods/FasterManualCraftingRedux/Content/Paks/Windows/FasterManualCraftingReduxFactoryGame-Windows.pak', mount point: '../../../FactoryGame/Mods/FasterManualCraftingRedux/'
LogPakFile: Display: Mount point '../../../FactoryGame/Mods/FasterManualCraftingRedux/' is not mounted to a valid Root Path yet, assets in this pak file may not be accessible until a corresponding UFS Mount Point is added through FPackageName::RegisterMountPoint.
LogIoDispatcher: Display: Reading toc: ../../../FactoryGame/Mods/FloorHole/Content/Paks/Windows/FloorHoleFactoryGame-Windows.utoc
LogIoDispatcher: Display: Toc loaded : ../../../FactoryGame/Mods/FloorHole/Content/Paks/Windows/FloorHoleFactoryGame-Windows.utoc, Id=101fa75bd20237ae, Order=0, EntryCount=157, SignatureHash=0000000000000000000000000000000000000000
LogIoDispatcher: Display: Mounting container '../../../FactoryGame/Mods/FloorHole/Content/Paks/Windows/FloorHoleFactoryGame-Windows.utoc' in location slot 1
LogPakFile: Display: Mounted IoStore container "../../../FactoryGame/Mods/FloorHole/Content/Paks/Windows/FloorHoleFactoryGame-Windows.utoc"
LogFilePackageStore: Mounting container: Id=101fa75bd20237ae, Order=0, NumPackages=149
LogPakFile: Display: Mounted Pak file '../../../FactoryGame/Mods/FloorHole/Content/Paks/Windows/FloorHoleFactoryGame-Windows.pak', mount point: '../../../FactoryGame/Mods/FloorHole/'
LogPakFile: Display: Mount point '../../../FactoryGame/Mods/FloorHole/' is not mounted to a valid Root Path yet, assets in this pak file may not be accessible until a corresponding UFS Mount Point is added through FPackageName::RegisterMountPoint.
LogIoDispatcher: Display: Reading toc: ../../../FactoryGame/Mods/InventorySpace2/Content/Paks/Windows/InventorySpace2FactoryGame-Windows.utoc
LogIoDispatcher: Display: Toc loaded : ../../../FactoryGame/Mods/InventorySpace2/Content/Paks/Windows/InventorySpace2FactoryGame-Windows.utoc, Id=1de38c878d314dac, Order=0, EntryCount=4, SignatureHash=0000000000000000000000000000000000000000
LogIoDispatcher: Display: Mounting container '../../../FactoryGame/Mods/InventorySpace2/Content/Paks/Windows/InventorySpace2FactoryGame-Windows.utoc' in location slot 1
LogPakFile: Display: Mounted IoStore container "../../../FactoryGame/Mods/InventorySpace2/Content/Paks/Windows/InventorySpace2FactoryGame-Windows.utoc"
LogFilePackageStore: Mounting container: Id=1de38c878d314dac, Order=0, NumPackages=3
LogPakFile: Display: Mounted Pak file '../../../FactoryGame/Mods/InventorySpace2/Content/Paks/Windows/InventorySpace2FactoryGame-Windows.pak', mount point: '../../../FactoryGame/Mods/InventorySpace2/'
LogPakFile: Display: Mount point '../../../FactoryGame/Mods/InventorySpace2/' is not mounted to a valid Root Path yet, assets in this pak file may not be accessible until a corresponding UFS Mount Point is added through FPackageName::RegisterMountPoint.
LogIoDispatcher: Display: Reading toc: ../../../FactoryGame/Mods/MAMTips/Content/Paks/Windows/MAMTipsFactoryGame-Windows.utoc
LogIoDispatcher: Display: Toc loaded : ../../../FactoryGame/Mods/MAMTips/Content/Paks/Windows/MAMTipsFactoryGame-Windows.utoc, Id=f9e53b47b5d5e4db, Order=0, EntryCount=49, SignatureHash=0000000000000000000000000000000000000000
LogIoDispatcher: Display: Mounting container '../../../FactoryGame/Mods/MAMTips/Content/Paks/Windows/MAMTipsFactoryGame-Windows.utoc' in location slot 1
LogPakFile: Display: Mounted IoStore container "../../../FactoryGame/Mods/MAMTips/Content/Paks/Windows/MAMTipsFactoryGame-Windows.utoc"
LogFilePackageStore: Mounting container: Id=f9e53b47b5d5e4db, Order=0, NumPackages=39
LogPakFile: Display: Mounted Pak file '../../../FactoryGame/Mods/MAMTips/Content/Paks/Windows/MAMTipsFactoryGame-Windows.pak', mount point: '../../../FactoryGame/Mods/MAMTips/'
LogPakFile: Display: Mount point '../../../FactoryGame/Mods/MAMTips/' is not mounted to a valid Root Path yet, assets in this pak file may not be accessible until a corresponding UFS Mount Point is added through FPackageName::RegisterMountPoint.
LogIoDispatcher: Display: Reading toc: ../../../FactoryGame/Mods/moidu21_lib/Content/Paks/Windows/moidu21_libFactoryGame-Windows.utoc
LogIoDispatcher: Display: Toc loaded : ../../../FactoryGame/Mods/moidu21_lib/Content/Paks/Windows/moidu21_libFactoryGame-Windows.utoc, Id=b6bce8dd18fe3ca2, Order=0, EntryCount=1, SignatureHash=0000000000000000000000000000000000000000
LogIoDispatcher: Display: Mounting container '../../../FactoryGame/Mods/moidu21_lib/Content/Paks/Windows/moidu21_libFactoryGame-Windows.utoc' in location slot 1
LogPakFile: Display: Mounted IoStore container "../../../FactoryGame/Mods/moidu21_lib/Content/Paks/Windows/moidu21_libFactoryGame-Windows.utoc"
LogFilePackageStore: Mounting container: Id=b6bce8dd18fe3ca2, Order=0, NumPackages=0
LogPakFile: Display: Mounted Pak file '../../../FactoryGame/Mods/moidu21_lib/Content/Paks/Windows/moidu21_libFactoryGame-Windows.pak', mount point: '../../../FactoryGame/Mods/moidu21_lib/'
LogPakFile: Display: Mount point '../../../FactoryGame/Mods/moidu21_lib/' is not mounted to a valid Root Path yet, assets in this pak file may not be accessible until a corresponding UFS Mount Point is added through FPackageName::RegisterMountPoint.
LogIoDispatcher: Display: Reading toc: ../../../FactoryGame/Mods/MovePlayerInventory/Content/Paks/Windows/MovePlayerInventoryFactoryGame-Windows.utoc
LogIoDispatcher: Display: Toc loaded : ../../../FactoryGame/Mods/MovePlayerInventory/Content/Paks/Windows/MovePlayerInventoryFactoryGame-Windows.utoc, Id=9f4d7f882a5a0752, Order=0, EntryCount=19, SignatureHash=0000000000000000000000000000000000000000
LogIoDispatcher: Display: Mounting container '../../../FactoryGame/Mods/MovePlayerInventory/Content/Paks/Windows/MovePlayerInventoryFactoryGame-Windows.utoc' in location slot 1
LogPakFile: Display: Mounted IoStore container "../../../FactoryGame/Mods/MovePlayerInventory/Content/Paks/Windows/MovePlayerInventoryFactoryGame-Windows.utoc"
LogFilePackageStore: Mounting container: Id=9f4d7f882a5a0752, Order=0, NumPackages=10
LogPakFile: Display: Mounted Pak file '../../../FactoryGame/Mods/MovePlayerInventory/Content/Paks/Windows/MovePlayerInventoryFactoryGame-Windows.pak', mount point: '../../../FactoryGame/Mods/MovePlayerInventory/'
LogPakFile: Display: Mount point '../../../FactoryGame/Mods/MovePlayerInventory/' is not mounted to a valid Root Path yet, assets in this pak file may not be accessible until a corresponding UFS Mount Point is added through FPackageName::RegisterMountPoint.
LogIoDispatcher: Display: Reading toc: ../../../FactoryGame/Mods/OrganizedCrates/Content/Paks/Windows/OrganizedCratesFactoryGame-Windows.utoc
LogIoDispatcher: Display: Toc loaded : ../../../FactoryGame/Mods/OrganizedCrates/Content/Paks/Windows/OrganizedCratesFactoryGame-Windows.utoc, Id=6fc8403796a78274, Order=0, EntryCount=9, SignatureHash=0000000000000000000000000000000000000000
LogIoDispatcher: Display: Mounting container '../../../FactoryGame/Mods/OrganizedCrates/Content/Paks/Windows/OrganizedCratesFactoryGame-Windows.utoc' in location slot 1
LogPakFile: Display: Mounted IoStore container "../../../FactoryGame/Mods/OrganizedCrates/Content/Paks/Windows/OrganizedCratesFactoryGame-Windows.utoc"
LogFilePackageStore: Mounting container: Id=6fc8403796a78274, Order=0, NumPackages=7
LogPakFile: Display: Mounted Pak file '../../../FactoryGame/Mods/OrganizedCrates/Content/Paks/Windows/OrganizedCratesFactoryGame-Windows.pak', mount point: '../../../FactoryGame/Mods/OrganizedCrates/'
LogPakFile: Display: Mount point '../../../FactoryGame/Mods/OrganizedCrates/' is not mounted to a valid Root Path yet, assets in this pak file may not be accessible until a corresponding UFS Mount Point is added through FPackageName::RegisterMountPoint.
LogIoDispatcher: Display: Reading toc: ../../../FactoryGame/Mods/SmallAwesomeSink/Content/Paks/Windows/SmallAwesomeSinkFactoryGame-Windows.utoc
LogIoDispatcher: Display: Toc loaded : ../../../FactoryGame/Mods/SmallAwesomeSink/Content/Paks/Windows/SmallAwesomeSinkFactoryGame-Windows.utoc, Id=8692968a9c2afa60, Order=0, EntryCount=38, SignatureHash=0000000000000000000000000000000000000000
LogIoDispatcher: Display: Mounting container '../../../FactoryGame/Mods/SmallAwesomeSink/Content/Paks/Windows/SmallAwesomeSinkFactoryGame-Windows.utoc' in location slot 1
LogPakFile: Display: Mounted IoStore container "../../../FactoryGame/Mods/SmallAwesomeSink/Content/Paks/Windows/SmallAwesomeSinkFactoryGame-Windows.utoc"
LogFilePackageStore: Mounting container: Id=8692968a9c2afa60, Order=0, NumPackages=22
LogPakFile: Display: Mounted Pak file '../../../FactoryGame/Mods/SmallAwesomeSink/Content/Paks/Windows/SmallAwesomeSinkFactoryGame-Windows.pak', mount point: '../../../FactoryGame/Mods/SmallAwesomeSink/'
LogPakFile: Display: Mount point '../../../FactoryGame/Mods/SmallAwesomeSink/' is not mounted to a valid Root Path yet, assets in this pak file may not be accessible until a corresponding UFS Mount Point is added through FPackageName::RegisterMountPoint.
LogIoDispatcher: Display: Reading toc: ../../../FactoryGame/Mods/TenTimesAwesomePoints/Content/Paks/Windows/TenTimesAwesomePointsFactoryGame-Windows.utoc
LogIoDispatcher: Display: Toc loaded : ../../../FactoryGame/Mods/TenTimesAwesomePoints/Content/Paks/Windows/TenTimesAwesomePointsFactoryGame-Windows.utoc, Id=ddcf3336608a8ff1, Order=0, EntryCount=4, SignatureHash=0000000000000000000000000000000000000000
LogIoDispatcher: Display: Mounting container '../../../FactoryGame/Mods/TenTimesAwesomePoints/Content/Paks/Windows/TenTimesAwesomePointsFactoryGame-Windows.utoc' in location slot 1
LogPakFile: Display: Mounted IoStore container "../../../FactoryGame/Mods/TenTimesAwesomePoints/Content/Paks/Windows/TenTimesAwesomePointsFactoryGame-Windows.utoc"
LogFilePackageStore: Mounting container: Id=ddcf3336608a8ff1, Order=0, NumPackages=3
LogPakFile: Display: Mounted Pak file '../../../FactoryGame/Mods/TenTimesAwesomePoints/Content/Paks/Windows/TenTimesAwesomePointsFactoryGame-Windows.pak', mount point: '../../../FactoryGame/Mods/TenTimesAwesomePoints/'
LogPakFile: Display: Mount point '../../../FactoryGame/Mods/TenTimesAwesomePoints/' is not mounted to a valid Root Path yet, assets in this pak file may not be accessible until a corresponding UFS Mount Point is added through FPackageName::RegisterMountPoint.
LogIoDispatcher: Display: Reading toc: ../../../FactoryGame/Mods/SML/Content/Paks/Windows/SMLFactoryGame-Windows.utoc
LogIoDispatcher: Display: Toc loaded : ../../../FactoryGame/Mods/SML/Content/Paks/Windows/SMLFactoryGame-Windows.utoc, Id=fa86da71c71dfbad, Order=0, EntryCount=91, SignatureHash=0000000000000000000000000000000000000000
LogIoDispatcher: Display: Mounting container '../../../FactoryGame/Mods/SML/Content/Paks/Windows/SMLFactoryGame-Windows.utoc' in location slot 1
LogPakFile: Display: Mounted IoStore container "../../../FactoryGame/Mods/SML/Content/Paks/Windows/SMLFactoryGame-Windows.utoc"
LogFilePackageStore: Mounting container: Id=fa86da71c71dfbad, Order=0, NumPackages=77
LogPakFile: Display: Mounted Pak file '../../../FactoryGame/Mods/SML/Content/Paks/Windows/SMLFactoryGame-Windows.pak', mount point: '../../../FactoryGame/Mods/SML/'
LogPakFile: Display: Mount point '../../../FactoryGame/Mods/SML/' is not mounted to a valid Root Path yet, assets in this pak file may not be accessible until a corresponding UFS Mount Point is added through FPackageName::RegisterMountPoint.
LogIoDispatcher: Display: Reading toc: ../../../FactoryGame/Mods/UndergroundBelts/Content/Paks/Windows/UndergroundBeltsFactoryGame-Windows.utoc
LogIoDispatcher: Display: Toc loaded : ../../../FactoryGame/Mods/UndergroundBelts/Content/Paks/Windows/UndergroundBeltsFactoryGame-Windows.utoc, Id=e60d20d29db75c42, Order=0, EntryCount=75, SignatureHash=0000000000000000000000000000000000000000
LogIoDispatcher: Display: Mounting container '../../../FactoryGame/Mods/UndergroundBelts/Content/Paks/Windows/UndergroundBeltsFactoryGame-Windows.utoc' in location slot 1
LogPakFile: Display: Mounted IoStore container "../../../FactoryGame/Mods/UndergroundBelts/Content/Paks/Windows/UndergroundBeltsFactoryGame-Windows.utoc"
LogFilePackageStore: Mounting container: Id=e60d20d29db75c42, Order=0, NumPackages=49
LogPakFile: Display: Mounted Pak file '../../../FactoryGame/Mods/UndergroundBelts/Content/Paks/Windows/UndergroundBeltsFactoryGame-Windows.pak', mount point: '../../../FactoryGame/Mods/UndergroundBelts/'
LogPakFile: Display: Mount point '../../../FactoryGame/Mods/UndergroundBelts/' is not mounted to a valid Root Path yet, assets in this pak file may not be accessible until a corresponding UFS Mount Point is added through FPackageName::RegisterMountPoint.
LogIoDispatcher: Display: Reading toc: ../../../FactoryGame/Mods/UtilityMod/Content/Paks/Windows/UtilityModFactoryGame-Windows.utoc
LogIoDispatcher: Display: Toc loaded : ../../../FactoryGame/Mods/UtilityMod/Content/Paks/Windows/UtilityModFactoryGame-Windows.utoc, Id=356300e204f45ecf, Order=0, EntryCount=14, SignatureHash=0000000000000000000000000000000000000000
LogIoDispatcher: Display: Mounting container '../../../FactoryGame/Mods/UtilityMod/Content/Paks/Windows/UtilityModFactoryGame-Windows.utoc' in location slot 1
LogPakFile: Display: Mounted IoStore container "../../../FactoryGame/Mods/UtilityMod/Content/Paks/Windows/UtilityModFactoryGame-Windows.utoc"
LogFilePackageStore: Mounting container: Id=356300e204f45ecf, Order=0, NumPackages=13
LogPakFile: Display: Mounted Pak file '../../../FactoryGame/Mods/UtilityMod/Content/Paks/Windows/UtilityModFactoryGame-Windows.pak', mount point: '../../../FactoryGame/Mods/UtilityMod/'
LogPakFile: Display: Mount point '../../../FactoryGame/Mods/UtilityMod/' is not mounted to a valid Root Path yet, assets in this pak file may not be accessible until a corresponding UFS Mount Point is added through FPackageName::RegisterMountPoint.
LogIoDispatcher: Display: Reading toc: ../../../FactoryGame/Mods/GameFeatures/BlueprintHighlighted/Content/Paks/Windows/BlueprintHighlightedFactoryGame-Windows.utoc
LogIoDispatcher: Display: Toc loaded : ../../../FactoryGame/Mods/GameFeatures/BlueprintHighlighted/Content/Paks/Windows/BlueprintHighlightedFactoryGame-Windows.utoc, Id=3789050eedd9b94f, Order=0, EntryCount=10, SignatureHash=0000000000000000000000000000000000000000
LogIoDispatcher: Display: Mounting container '../../../FactoryGame/Mods/GameFeatures/BlueprintHighlighted/Content/Paks/Windows/BlueprintHighlightedFactoryGame-Windows.utoc' in location slot 1
LogPakFile: Display: Mounted IoStore container "../../../FactoryGame/Mods/GameFeatures/BlueprintHighlighted/Content/Paks/Windows/BlueprintHighlightedFactoryGame-Windows.utoc"
LogFilePackageStore: Mounting container: Id=3789050eedd9b94f, Order=0, NumPackages=9
LogPakFile: Display: Mounted Pak file '../../../FactoryGame/Mods/GameFeatures/BlueprintHighlighted/Content/Paks/Windows/BlueprintHighlightedFactoryGame-Windows.pak', mount point: '../../../FactoryGame/Mods/GameFeatures/BlueprintHighlighted/'
LogPakFile: Display: Mount point '../../../FactoryGame/Mods/GameFeatures/BlueprintHighlighted/' is not mounted to a valid Root Path yet, assets in this pak file may not be accessible until a corresponding UFS Mount Point is added through FPackageName::RegisterMountPoint.
LogIoDispatcher: Display: Reading toc: ../../../FactoryGame/Mods/GameFeatures/CrashSiteBeacons/Content/Paks/Windows/CrashSiteBeaconsFactoryGame-Windows.utoc
LogIoDispatcher: Display: Toc loaded : ../../../FactoryGame/Mods/GameFeatures/CrashSiteBeacons/Content/Paks/Windows/CrashSiteBeaconsFactoryGame-Windows.utoc, Id=f5868d5a5b98f29f, Order=0, EntryCount=9, SignatureHash=0000000000000000000000000000000000000000
LogIoDispatcher: Display: Mounting container '../../../FactoryGame/Mods/GameFeatures/CrashSiteBeacons/Content/Paks/Windows/CrashSiteBeaconsFactoryGame-Windows.utoc' in location slot 1
LogPakFile: Display: Mounted IoStore container "../../../FactoryGame/Mods/GameFeatures/CrashSiteBeacons/Content/Paks/Windows/CrashSiteBeaconsFactoryGame-Windows.utoc"
LogFilePackageStore: Mounting container: Id=f5868d5a5b98f29f, Order=0, NumPackages=8
LogPakFile: Display: Mounted Pak file '../../../FactoryGame/Mods/GameFeatures/CrashSiteBeacons/Content/Paks/Windows/CrashSiteBeaconsFactoryGame-Windows.pak', mount point: '../../../FactoryGame/Mods/GameFeatures/CrashSiteBeacons/'
LogPakFile: Display: Mount point '../../../FactoryGame/Mods/GameFeatures/CrashSiteBeacons/' is not mounted to a valid Root Path yet, assets in this pak file may not be accessible until a corresponding UFS Mount Point is added through FPackageName::RegisterMountPoint.
LogIoDispatcher: Display: Reading toc: ../../../FactoryGame/Mods/GameFeatures/HighlightScannedObject/Content/Paks/Windows/HighlightScannedObjectFactoryGame-Windows.utoc
LogIoDispatcher: Display: Toc loaded : ../../../FactoryGame/Mods/GameFeatures/HighlightScannedObject/Content/Paks/Windows/HighlightScannedObjectFactoryGame-Windows.utoc, Id=ff0b8fa2ad42458c, Order=0, EntryCount=9, SignatureHash=0000000000000000000000000000000000000000
LogIoDispatcher: Display: Mounting container '../../../FactoryGame/Mods/GameFeatures/HighlightScannedObject/Content/Paks/Windows/HighlightScannedObjectFactoryGame-Windows.utoc' in location slot 1
LogPakFile: Display: Mounted IoStore container "../../../FactoryGame/Mods/GameFeatures/HighlightScannedObject/Content/Paks/Windows/HighlightScannedObjectFactoryGame-Windows.utoc"
LogFilePackageStore: Mounting container: Id=ff0b8fa2ad42458c, Order=0, NumPackages=8
LogPakFile: Display: Mounted Pak file '../../../FactoryGame/Mods/GameFeatures/HighlightScannedObject/Content/Paks/Windows/HighlightScannedObjectFactoryGame-Windows.pak', mount point: '../../../FactoryGame/Mods/GameFeatures/HighlightScannedObject/'
LogPakFile: Display: Mount point '../../../FactoryGame/Mods/GameFeatures/HighlightScannedObject/' is not mounted to a valid Root Path yet, assets in this pak file may not be accessible until a corresponding UFS Mount Point is added through FPackageName::RegisterMountPoint.
LogIoDispatcher: Display: Reading toc: ../../../FactoryGame/Mods/GameFeatures/InfiniteNudge/Content/Paks/Windows/InfiniteNudgeFactoryGame-Windows.utoc
LogIoDispatcher: Display: Toc loaded : ../../../FactoryGame/Mods/GameFeatures/InfiniteNudge/Content/Paks/Windows/InfiniteNudgeFactoryGame-Windows.utoc, Id=d0b2c2556f9f0d86, Order=0, EntryCount=62, SignatureHash=0000000000000000000000000000000000000000
LogIoDispatcher: Display: Mounting container '../../../FactoryGame/Mods/GameFeatures/InfiniteNudge/Content/Paks/Windows/InfiniteNudgeFactoryGame-Windows.utoc' in location slot 1
LogPakFile: Display: Mounted IoStore container "../../../FactoryGame/Mods/GameFeatures/InfiniteNudge/Content/Paks/Windows/InfiniteNudgeFactoryGame-Windows.utoc"
LogFilePackageStore: Mounting container: Id=d0b2c2556f9f0d86, Order=0, NumPackages=39
LogPakFile: Display: Mounted Pak file '../../../FactoryGame/Mods/GameFeatures/InfiniteNudge/Content/Paks/Windows/InfiniteNudgeFactoryGame-Windows.pak', mount point: '../../../FactoryGame/Mods/GameFeatures/InfiniteNudge/'
LogPakFile: Display: Mount point '../../../FactoryGame/Mods/GameFeatures/InfiniteNudge/' is not mounted to a valid Root Path yet, assets in this pak file may not be accessible until a corresponding UFS Mount Point is added through FPackageName::RegisterMountPoint.
LogIoDispatcher: Display: Reading toc: ../../../FactoryGame/Mods/GameFeatures/InfiniteZoop/Content/Paks/Windows/InfiniteZoopFactoryGame-Windows.utoc
LogIoDispatcher: Display: Toc loaded : ../../../FactoryGame/Mods/GameFeatures/InfiniteZoop/Content/Paks/Windows/InfiniteZoopFactoryGame-Windows.utoc, Id=e19adf24d9ecb605, Order=0, EntryCount=4169, SignatureHash=0000000000000000000000000000000000000000
LogIoDispatcher: Display: Mounting container '../../../FactoryGame/Mods/GameFeatures/InfiniteZoop/Content/Paks/Windows/InfiniteZoopFactoryGame-Windows.utoc' in location slot 1
LogPakFile: Display: Mounted IoStore container "../../../FactoryGame/Mods/GameFeatures/InfiniteZoop/Content/Paks/Windows/InfiniteZoopFactoryGame-Windows.utoc"
LogFilePackageStore: Mounting container: Id=e19adf24d9ecb605, Order=0, NumPackages=4151
LogPakFile: Display: Mounted Pak file '../../../FactoryGame/Mods/GameFeatures/InfiniteZoop/Content/Paks/Windows/InfiniteZoopFactoryGame-Windows.pak', mount point: '../../../FactoryGame/Mods/GameFeatures/InfiniteZoop/'
LogPakFile: Display: Mount point '../../../FactoryGame/Mods/GameFeatures/InfiniteZoop/' is not mounted to a valid Root Path yet, assets in this pak file may not be accessible until a corresponding UFS Mount Point is added through FPackageName::RegisterMountPoint.
LogIoDispatcher: Display: Reading toc: ../../../FactoryGame/Mods/GameFeatures/FlashlightSettings/Content/Paks/Windows/FlashlightSettingsFactoryGame-Windows.utoc
LogIoDispatcher: Display: Toc loaded : ../../../FactoryGame/Mods/GameFeatures/FlashlightSettings/Content/Paks/Windows/FlashlightSettingsFactoryGame-Windows.utoc, Id=98958c5fbea7e799, Order=0, EntryCount=31, SignatureHash=0000000000000000000000000000000000000000
LogIoDispatcher: Display: Mounting container '../../../FactoryGame/Mods/GameFeatures/FlashlightSettings/Content/Paks/Windows/FlashlightSettingsFactoryGame-Windows.utoc' in location slot 1
LogPakFile: Display: Mounted IoStore container "../../../FactoryGame/Mods/GameFeatures/FlashlightSettings/Content/Paks/Windows/FlashlightSettingsFactoryGame-Windows.utoc"
LogFilePackageStore: Mounting container: Id=98958c5fbea7e799, Order=0, NumPackages=29
LogPakFile: Display: Mounted Pak file '../../../FactoryGame/Mods/GameFeatures/FlashlightSettings/Content/Paks/Windows/FlashlightSettingsFactoryGame-Windows.pak', mount point: '../../../FactoryGame/Mods/GameFeatures/FlashlightSettings/'
LogPakFile: Display: Mount point '../../../FactoryGame/Mods/GameFeatures/FlashlightSettings/' is not mounted to a valid Root Path yet, assets in this pak file may not be accessible until a corresponding UFS Mount Point is added through FPackageName::RegisterMountPoint.
LogIoDispatcher: Display: Reading toc: ../../../FactoryGame/Mods/GameFeatures/minerplus/Content/Paks/Windows/minerplusFactoryGame-Windows.utoc
LogIoDispatcher: Display: Toc loaded : ../../../FactoryGame/Mods/GameFeatures/minerplus/Content/Paks/Windows/minerplusFactoryGame-Windows.utoc, Id=e4503e83a65e26b1, Order=0, EntryCount=453, SignatureHash=0000000000000000000000000000000000000000
LogIoDispatcher: Display: Mounting container '../../../FactoryGame/Mods/GameFeatures/minerplus/Content/Paks/Windows/minerplusFactoryGame-Windows.utoc' in location slot 1
LogPakFile: Display: Mounted IoStore container "../../../FactoryGame/Mods/GameFeatures/minerplus/Content/Paks/Windows/minerplusFactoryGame-Windows.utoc"
LogFilePackageStore: Mounting container: Id=e4503e83a65e26b1, Order=0, NumPackages=394
LogPakFile: Display: Mounted Pak file '../../../FactoryGame/Mods/GameFeatures/minerplus/Content/Paks/Windows/minerplusFactoryGame-Windows.pak', mount point: '../../../FactoryGame/Mods/GameFeatures/minerplus/'
LogPakFile: Display: Mount point '../../../FactoryGame/Mods/GameFeatures/minerplus/' is not mounted to a valid Root Path yet, assets in this pak file may not be accessible until a corresponding UFS Mount Point is added through FPackageName::RegisterMountPoint.
LogIoDispatcher: Display: Reading toc: ../../../FactoryGame/Mods/GameFeatures/NoSplash/Content/Paks/Windows/NoSplashFactoryGame-Windows.utoc
LogIoDispatcher: Display: Toc loaded : ../../../FactoryGame/Mods/GameFeatures/NoSplash/Content/Paks/Windows/NoSplashFactoryGame-Windows.utoc, Id=e98882fa6fdc6ae6, Order=0, EntryCount=5, SignatureHash=0000000000000000000000000000000000000000
LogIoDispatcher: Display: Mounting container '../../../FactoryGame/Mods/GameFeatures/NoSplash/Content/Paks/Windows/NoSplashFactoryGame-Windows.utoc' in location slot 1
LogPakFile: Display: Mounted IoStore container "../../../FactoryGame/Mods/GameFeatures/NoSplash/Content/Paks/Windows/NoSplashFactoryGame-Windows.utoc"
LogFilePackageStore: Mounting container: Id=e98882fa6fdc6ae6, Order=0, NumPackages=4
LogPakFile: Display: Mounted Pak file '../../../FactoryGame/Mods/GameFeatures/NoSplash/Content/Paks/Windows/NoSplashFactoryGame-Windows.pak', mount point: '../../../FactoryGame/Mods/GameFeatures/NoSplash/'
LogPakFile: Display: Mount point '../../../FactoryGame/Mods/GameFeatures/NoSplash/' is not mounted to a valid Root Path yet, assets in this pak file may not be accessible until a corresponding UFS Mount Point is added through FPackageName::RegisterMountPoint.
LogIoDispatcher: Display: Reading toc: ../../../FactoryGame/Mods/GameFeatures/SkyUI/Content/Paks/Windows/SkyUIFactoryGame-Windows.utoc
LogIoDispatcher: Display: Toc loaded : ../../../FactoryGame/Mods/GameFeatures/SkyUI/Content/Paks/Windows/SkyUIFactoryGame-Windows.utoc, Id=fd8ea6842ba0410a, Order=0, EntryCount=108, SignatureHash=0000000000000000000000000000000000000000
LogIoDispatcher: Display: Mounting container '../../../FactoryGame/Mods/GameFeatures/SkyUI/Content/Paks/Windows/SkyUIFactoryGame-Windows.utoc' in location slot 1
LogPakFile: Display: Mounted IoStore container "../../../FactoryGame/Mods/GameFeatures/SkyUI/Content/Paks/Windows/SkyUIFactoryGame-Windows.utoc"
LogFilePackageStore: Mounting container: Id=fd8ea6842ba0410a, Order=0, NumPackages=85
LogPakFile: Display: Mounted Pak file '../../../FactoryGame/Mods/GameFeatures/SkyUI/Content/Paks/Windows/SkyUIFactoryGame-Windows.pak', mount point: '../../../FactoryGame/Mods/GameFeatures/SkyUI/'
LogPakFile: Display: Mount point '../../../FactoryGame/Mods/GameFeatures/SkyUI/' is not mounted to a valid Root Path yet, assets in this pak file may not be accessible until a corresponding UFS Mount Point is added through FPackageName::RegisterMountPoint.
LogConfig: Applying CVar settings from Section [/Script/FFXFSR3Settings.FFXFSR3Settings] File [Engine]
LogConfig: Set CVar [[r.FidelityFX.FSR3.HistoryFormat:0]]
LogConfig: Set CVar [[r.FidelityFX.FSR3.DeDither:0]]
LogConfig: Set CVar [[r.FidelityFX.FSR3.UseSSRExperimentalDenoiser:0]]
LogConfig: Set CVar [[r.FidelityFX.FSR3.CreateReactiveMask:0]]
LogHAL: Log category LogOnlineSession verbosity has been raised to Verbose.
LogNFORDenoise: NFORDenoise function starting up
LogEOSShared: Loaded "C:/Program Files (x86)/Steam/steamapps/common/Satisfactory/Engine/Binaries/Win64/EOSSDK-Win64-Shipping.dll"
LogEOSShared: FEOSSDKManager::Initialize Initializing EOSSDK Version:1.18.1.2-47370208
LogInit: Using libcurl 8.12.1
LogInit:  - built for Windows
LogInit:  - supports SSL with OpenSSL/1.1.1t
LogInit:  - supports HTTP deflate (compression) using libz 1.3
LogInit:  - other features:
LogInit:      CURL_VERSION_SSL
LogInit:      CURL_VERSION_LIBZ
LogInit:      CURL_VERSION_IPV6
LogInit:      CURL_VERSION_ASYNCHDNS
LogInit:      CURL_VERSION_LARGEFILE
LogInit:      CURL_VERSION_TLSAUTH_SRP
LogInit:      CURL_VERSION_HTTP2
LogInit:  CurlRequestOptions (configurable via config and command line):
LogInit:  - bVerifyPeer = true  - Libcurl will verify peer certificate
LogInit:  - bUseHttpProxy = false  - Libcurl will NOT use HTTP proxy
LogInit:  - bDontReuseConnections = false  - Libcurl will reuse connections
LogInit:  - MaxHostConnections = 16  - Libcurl will limit the number of connections to a host
LogInit:  - LocalHostAddr = Default
LogInit:  - BufferSize = 65536
LogInit: CreateHttpThread using FCurlMultiPollEventLoopHttpThread
LogInit: Creating http thread with maximum 256 concurrent requests
LogInit: WinSock: version 1.1 (2.2), MaxSocks=32767, MaxUdp=65467
LogOnline: OSS: Created online subsystem instance for: NULL
LogOnline: OSS: TryLoadSubsystemAndSetDefault: Loaded subsystem for type [NULL]
LogDLSSBlueprint: Loaded DLSS-SR plugin version 8.1.0-NGX310.2.1.0
LogDLSSNGXVulkanRHIPreInit: FNGXVulkanRHIPreInitModule::StartupModule Enter
LogRHI: Using Default RHI: Vulkan
LogRHI: Using Highest Feature Level of Vulkan: SM6
LogRHI: Loading RHI module VulkanRHI
LogRHI: Checking if RHI Vulkan with Feature Level SM6 is supported by your system.
LogVulkanRHI: Starting Vulkan Profile check for VP_UE_Vulkan_SM6:
LogVulkanRHI: Vulkan Profile check complete.
LogRHI: RHI Vulkan with Feature Level SM6 is supported and will be used.
LogDLSSNGXVulkanRHIPreInit: GetSelectedDynamicRHIModuleName = VulkanRHI
LogDLSSNGXVulkanRHIPreInit: NVSDK_NGX_VULKAN_RequiredExtensions -> (1 NVSDK_NGX_Result_Success)
LogDLSSNGXVulkanRHIPreInit: Preregistered the required NGX DLSS Vulkan device extensions (4) and instance extensions (1) via the VulkanRHIBridge
LogDLSSNGXVulkanRHIPreInit: FNGXVulkanRHIPreInitModule::StartupModule Leave
LogFSR3: FSR3 Temporal Upscaling Module Started
LogFFXFI: FFX Frame Interpolation Module Started
LogSteamShared: Display: Loading Steam SDK 1.57
LogSteamShared: Steam SDK Loaded!
LogStreamlineShaders: Loaded Streamline plugin version 8.1.0-SL2.7.30
LogRHI: Using Default RHI: Vulkan
LogRHI: Using Highest Feature Level of Vulkan: SM6
LogRHI: Loading RHI module VulkanRHI
LogRHI: Checking if RHI Vulkan with Feature Level SM6 is supported by your system.
LogVulkanRHI: Starting Vulkan Profile check for VP_UE_Vulkan_SM6:
LogVulkanRHI: Vulkan Profile check complete.
LogRHI: RHI Vulkan with Feature Level SM6 is supported and will be used.
LogStringTable: Warning: Failed to find string table entry for 'Menus_UI' 'Players/Messages/YouGotKicked'. Did you forget to add a string table redirector?
LogStringTable: Warning: Failed to find string table entry for 'Menus_UI' 'Sessions/JoinSession/Header'. Did you forget to add a string table redirector?
LogStringTable: Warning: Failed to find string table entry for 'Menus_UI' 'Sessions/JoinSession/Body'. Did you forget to add a string table redirector?
LogStringTable: Warning: Failed to find string table entry for 'Messages_UI' 'Warnings/JoinSession/FailedToDestroyOldSession'. Did you forget to add a string table redirector?
LogStringTable: Warning: Failed to find string table entry for 'Messages_UI' 'Warnings/JoinSession/FailedToLookupFriendsId'. Did you forget to add a string table redirector?
LogStringTable: Warning: Failed to find string table entry for 'Messages_UI' 'Warnings/JoinSession/FailedToLookupHostId'. Did you forget to add a string table redirector?
LogStringTable: Warning: Failed to find string table entry for 'Messages_UI' 'Warnings/JoinSession/FailedToJoinSession'. Did you forget to add a string table redirector?
LogStringTable: Warning: Failed to find string table entry for 'Menus_UI' 'Sessions/SessionExpired/Header'. Did you forget to add a string table redirector?
LogStringTable: Warning: Failed to find string table entry for 'Menus_UI' 'Session/SessionExpired/Body'. Did you forget to add a string table redirector?
LogStringTable: Warning: Failed to find string table entry for 'Menus_UI' 'Session/ClientSessionTimeout/Header'. Did you forget to add a string table redirector?
LogStringTable: Warning: Failed to find string table entry for 'Menus_UI' 'Session/ClientSessionTimeout/Body'. Did you forget to add a string table redirector?
LogStringTable: Warning: Failed to find string table entry for 'Menus_UI' 'Sessions/Errors/OfflineFallback/aTitle'. Did you forget to add a string table redirector?
LogStringTable: Warning: Failed to find string table entry for 'Menus_UI' 'Sessions/Errors/OfflineFallback/Body'. Did you forget to add a string table redirector?
LogInit: ExecutableName: FactoryGameSteam-Win64-Shipping.exe
LogInit: Build: ++FactoryGame+rel-main-1.2.0-CL-493833
LogInit: Platform=Windows
LogInit: MachineId=3291ca854b01b3d45f838cbc4bd7329d
LogInit: DeviceId=
LogInit: Engine Version: 5.6.1-493833+++FactoryGame+rel-main-1.2.0
LogInit: Compatible Engine Version: 5.6.1-493833+++FactoryGame+rel-main-1.2.0
LogInit: Net CL: 493833
LogInit: OS: Windows 11 (25H2) [10.0.26200.8117] (), CPU: AMD Ryzen 7 7735HS with Radeon Graphics        , GPU: AMD Radeon(TM) Graphics
LogInit: Compiled (64-bit): Jun 10 2026 00:55:59
LogInit: Architecture: x64
LogInit: Compiled with Visual C++: 19.38.33141.00
LogInit: Build Configuration: Shipping
LogInit: Branch Name: ++FactoryGame+rel-main-1.2.0
LogInit: Command Line: -NO_EOS_OVERLAY
LogInit: Base Directory: C:/Program Files (x86)/Steam/steamapps/common/Satisfactory/Engine/Binaries/Win64/
LogInit: Allocator: Binned2
LogInit: Installed Engine Build: 1
LogInit: This binary is optimized with LTO: no, PGO: no, instrumented for PGO data collection: no
LogInit: Launcher File: C:/Program Files (x86)/Steam/steamapps/common/Satisfactory/launcher_id
LogInit: Launcher ID: steam
LogInit: Launcher Artifact: 
LogInit: Presizing for max 2097152 objects, including 1 objects not considered by GC.
LogInit: Object subsystem initialized
[2026.06.12-12.52.35:702][  0]LogRHI: Using Default RHI: Vulkan
[2026.06.12-12.52.35:702][  0]LogRHI: Using Highest Feature Level of Vulkan: SM6
[2026.06.12-12.52.35:702][  0]LogRHI: Loading RHI module VulkanRHI
[2026.06.12-12.52.35:702][  0]LogRHI: Checking if RHI Vulkan with Feature Level SM6 is supported by your system.
[2026.06.12-12.52.35:702][  0]LogVulkanRHI: Starting Vulkan Profile check for VP_UE_Vulkan_SM6:
[2026.06.12-12.52.35:858][  0]LogVulkanRHI: Vulkan Profile check complete.
[2026.06.12-12.52.35:858][  0]LogRHI: RHI Vulkan with Feature Level SM6 is supported and will be used.
[2026.06.12-12.52.35:858][  0]LogInit: Selected Device Profile: [Windows]
[2026.06.12-12.52.35:858][  0]LogHAL: Display: Platform has ~ 14 GB [14701584384 / 17179869184 / 14], which maps to Larger [LargestMinGB=32, LargerMinGB=12, DefaultMinGB=8, SmallerMinGB=6, SmallestMinGB=0)
[2026.06.12-12.52.35:858][  0]LogDeviceProfileManager: Going up to parent DeviceProfile []
[2026.06.12-12.52.35:858][  0]LogDeviceProfileManager: Pushing Device Profile CVar: [[UI.SlateSDFText.RasterizationMode:Bitmap -> Msdf]]
[2026.06.12-12.52.35:858][  0]LogDeviceProfileManager: Pushing Device Profile CVar: [[UI.SlateSDFText.ResolutionLevel:2 -> 2]]
[2026.06.12-12.52.35:859][  0]LogInit: Computer: SLIM
[2026.06.12-12.52.35:859][  0]LogInit: User: cheva
[2026.06.12-12.52.35:859][  0]LogInit: CPU Page size=4096, Cores=8
[2026.06.12-12.52.35:859][  0]LogInit: High frequency timer resolution =10.000000 MHz
[2026.06.12-12.52.35:859][  0]LogMemory: Process is running as part of a Windows Job with separate resource limits
[2026.06.12-12.52.35:859][  0]LogMemory: Memory total: Physical=13.7GB (14GB approx) Virtual=25.2GB
[2026.06.12-12.52.35:859][  0]LogMemory: Platform Memory Stats for Windows
[2026.06.12-12.52.35:859][  0]LogMemory: Process Physical Memory: 246.89 MB used, 268.23 MB peak
[2026.06.12-12.52.35:859][  0]LogMemory: Process Virtual Memory: 186.97 MB used, 186.97 MB peak
[2026.06.12-12.52.35:859][  0]LogMemory: Physical Memory: 7571.13 MB used,  6449.39 MB free, 14020.52 MB total
[2026.06.12-12.52.35:859][  0]LogMemory: Virtual Memory: 10400.68 MB used,  15395.85 MB free, 25796.52 MB total
[2026.06.12-12.52.35:865][  0]LogWindows: WindowsPlatformFeatures enabled
[2026.06.12-12.52.35:871][  0]LogInit: Physics initialised using underlying interface: Chaos
[2026.06.12-12.52.35:872][  0]LogInit: Overriding language with engine language configuration option (ru).
[2026.06.12-12.52.35:872][  0]LogInit: Overriding language with engine locale configuration option (ru).
[2026.06.12-12.52.35:919][  0]LogTextLocalizationResource: LocRes '../../../FactoryGame/Plugins/XeSS/Content/Localization/XeSS/ru/XeSS.locres' could not be opened for reading!
[2026.06.12-12.52.35:919][  0]LogTextLocalizationResource: LocRes '../../../FactoryGame/Mods/GameFeatures/InfiniteNudge/Content/Localization/InfiniteNudge/ru/InfiniteNudge.locres' could not be opened for reading!
[2026.06.12-12.52.35:945][  0]LogWindowsTextInputMethodSystem: Available input methods:
[2026.06.12-12.52.35:945][  0]LogWindowsTextInputMethodSystem:   - English (United States) - (Keyboard).
[2026.06.12-12.52.35:945][  0]LogWindowsTextInputMethodSystem:   - Russian (Russia) - (Keyboard).
[2026.06.12-12.52.35:945][  0]LogWindowsTextInputMethodSystem: Activated input method: English (United States) - (Keyboard).
[2026.06.12-12.52.35:958][  0]LogWindowsTouchpad: Display: CacheForceMaxTouchpadSensitivityMode SetMaxTouchpadSensitivity
[2026.06.12-12.52.35:961][  0]LogObj: Display: Attempting to load config data for Default__SlateThemeManager before the Class has been constructed/registered/linked (likely during module loading or early startup). This will result in the load silently failing and should be fixed.
[2026.06.12-12.52.35:963][  0]LogSlate: New Slate User Created. Platform User Id 0, User Index 0, Is Virtual User: 0
[2026.06.12-12.52.35:963][  0]LogSlate: Slate User Registered.  User Index 0, Is Virtual User: 0
[2026.06.12-12.52.35:984][  0]LogRHI: Using Default RHI: Vulkan
[2026.06.12-12.52.35:984][  0]LogRHI: Using Highest Feature Level of Vulkan: SM6
[2026.06.12-12.52.35:984][  0]LogRHI: Loading RHI module VulkanRHI
[2026.06.12-12.52.35:984][  0]LogRHI: Checking if RHI Vulkan with Feature Level SM6 is supported by your system.
[2026.06.12-12.52.35:985][  0]LogVulkanRHI: Starting Vulkan Profile check for VP_UE_Vulkan_SM6:
[2026.06.12-12.52.36:135][  0]LogVulkanRHI: Vulkan Profile check complete.
[2026.06.12-12.52.36:135][  0]LogRHI: RHI Vulkan with Feature Level SM6 is supported and will be used.
[2026.06.12-12.52.36:135][  0]LogVulkanRHI: Display: Vulkan RHI ShaderPlatform for SM6: VULKAN_SM6.
[2026.06.12-12.52.36:135][  0]LogVulkanRHI: Vulkan PSO Precaching = 1, PipelineFileCache = 0
[2026.06.12-12.52.36:135][  0]LogVulkanRHI: Display: Built with Vulkan header version 1.4.304
[2026.06.12-12.52.36:135][  0]LogVulkanRHI: Starting Vulkan Profile check for VP_UE_Vulkan_SM6_RT:
[2026.06.12-12.52.36:290][  0]LogVulkanRHI: Vulkan Profile check complete.
[2026.06.12-12.52.36:290][  0]LogVulkanRHI: Using API Version 1.3.
[2026.06.12-12.52.36:290][  0]LogVulkanRHI: Warning: Externally requested instance extension [VK_KHR_get_physical_device_properties2] isn't part of the engine's core extension list. Adding it on-the-fly...
[2026.06.12-12.52.36:306][  0]LogVulkanRHI: Display: Found 13 available instance extensions :
[2026.06.12-12.52.36:306][  0]LogVulkanRHI: Display:   - VK_EXT_debug_report
[2026.06.12-12.52.36:306][  0]LogVulkanRHI: Display:   + VK_EXT_debug_utils
[2026.06.12-12.52.36:306][  0]LogVulkanRHI: Display:   + VK_EXT_swapchain_colorspace
[2026.06.12-12.52.36:306][  0]LogVulkanRHI: Display:   - VK_KHR_device_group_creation
[2026.06.12-12.52.36:306][  0]LogVulkanRHI: Display:   - VK_KHR_external_fence_capabilities
[2026.06.12-12.52.36:306][  0]LogVulkanRHI: Display:   - VK_KHR_external_memory_capabilities
[2026.06.12-12.52.36:306][  0]LogVulkanRHI: Display:   - VK_KHR_external_semaphore_capabilities
[2026.06.12-12.52.36:306][  0]LogVulkanRHI: Display:   + VK_KHR_get_physical_device_properties2
[2026.06.12-12.52.36:306][  0]LogVulkanRHI: Display:   + VK_KHR_get_surface_capabilities2
[2026.06.12-12.52.36:306][  0]LogVulkanRHI: Display:   - VK_KHR_portability_enumeration
[2026.06.12-12.52.36:306][  0]LogVulkanRHI: Display:   + VK_KHR_surface
[2026.06.12-12.52.36:306][  0]LogVulkanRHI: Display:   + VK_KHR_win32_surface
[2026.06.12-12.52.36:306][  0]LogVulkanRHI: Display:   - VK_LUNARG_direct_driver_loading
[2026.06.12-12.52.36:309][  0]LogVulkanRHI: Display: Intance Layer VK_LAYER_AMD_switchable_graphics provides 0 extensions:
[2026.06.12-12.52.36:310][  0]LogVulkanRHI: Display: Intance Layer VK_LAYER_OBS_HOOK provides 0 extensions:
[2026.06.12-12.52.36:312][  0]LogVulkanRHI: Display: Intance Layer VK_LAYER_VALVE_steam_overlay provides 0 extensions:
[2026.06.12-12.52.36:314][  0]LogVulkanRHI: Display: Intance Layer VK_LAYER_VALVE_steam_fossilize provides 0 extensions:
[2026.06.12-12.52.36:314][  0]LogVulkanRHI: Display: Found 4 available instance layers :
[2026.06.12-12.52.36:314][  0]LogVulkanRHI: Display:   * VK_LAYER_AMD_switchable_graphics
[2026.06.12-12.52.36:314][  0]LogVulkanRHI: Display:   * VK_LAYER_OBS_HOOK
[2026.06.12-12.52.36:314][  0]LogVulkanRHI: Display:   * VK_LAYER_VALVE_steam_fossilize
[2026.06.12-12.52.36:314][  0]LogVulkanRHI: Display:   * VK_LAYER_VALVE_steam_overlay
[2026.06.12-12.52.36:439][  0]LogVulkanRHI: Creating Vulkan Device using VkPhysicalDevice 0x843fef50.
[2026.06.12-12.52.36:439][  0]LogVulkanRHI: Display: - DeviceName: AMD Radeon(TM) Graphics
[2026.06.12-12.52.36:439][  0]LogVulkanRHI: Display: - API=1.4.315 (0x40413b) Driver=0x800161 VendorId=0x1002
[2026.06.12-12.52.36:439][  0]LogVulkanRHI: Display: - DeviceID=0x1681 Type=1
[2026.06.12-12.52.36:439][  0]LogVulkanRHI: Display: - Max Descriptor Sets Bound 32
[2026.06.12-12.52.36:439][  0]LogVulkanRHI: Display: - Timestamps:  ComputeAndGraphics=1  Domain=3  Period=10.000000
[2026.06.12-12.52.36:439][  0]LogVulkanRHI: API Version: 1.4.315
[2026.06.12-12.52.36:439][  0]LogWindows: Attached monitors:
[2026.06.12-12.52.36:439][  0]LogWindows:     resolution: 1600x1000, work area: (0, 0) -> (1600, 952), device: '\\.\DISPLAY1' [PRIMARY]
[2026.06.12-12.52.36:439][  0]LogWindows: Found 1 attached monitors.
[2026.06.12-12.52.36:439][  0]LogWindows: Gathering driver information using Windows Setup API
[2026.06.12-12.52.36:439][  0]LogRHI: RHI Adapter Info:
[2026.06.12-12.52.36:439][  0]LogRHI:             Name: AMD Radeon(TM) Graphics
[2026.06.12-12.52.36:439][  0]LogRHI:   Driver Version: AMD Software: Adrenalin Edition 26.5.2 (internal:32.0.21043.10005, unified:32.0.21043.10005)
[2026.06.12-12.52.36:439][  0]LogRHI:      Driver Date: 5-12-2026
[2026.06.12-12.52.36:439][  0]LogVulkanRHI: Warning: Externally requested device extension [VK_NVX_binary_import] isn't part of the engine's core extension list. Adding it on-the-fly...
[2026.06.12-12.52.36:439][  0]LogVulkanRHI: Warning: Externally requested device extension [VK_NVX_image_view_handle] isn't part of the engine's core extension list. Adding it on-the-fly...
[2026.06.12-12.52.36:439][  0]LogVulkanRHI: Warning: Externally requested device extension [VK_EXT_buffer_device_address] isn't part of the engine's core extension list. Adding it on-the-fly...
[2026.06.12-12.52.36:439][  0]LogVulkanRHI: Warning: Externally requested device extension [VK_KHR_push_descriptor] isn't part of the engine's core extension list. Adding it on-the-fly...
[2026.06.12-12.52.36:439][  0]LogVulkanRHI: Display: Found 198 available device extensions :
[2026.06.12-12.52.36:439][  0]LogVulkanRHI: Display:   - VK_AMD_anti_lag
[2026.06.12-12.52.36:439][  0]LogVulkanRHI: Display:   + VK_AMD_buffer_marker
[2026.06.12-12.52.36:439][  0]LogVulkanRHI: Display:   - VK_AMD_device_coherent_memory
[2026.06.12-12.52.36:439][  0]LogVulkanRHI: Display:   - VK_AMD_display_native_hdr
[2026.06.12-12.52.36:439][  0]LogVulkanRHI: Display:   - VK_AMD_draw_indirect_count
[2026.06.12-12.52.36:439][  0]LogVulkanRHI: Display:   - VK_AMD_gcn_shader
[2026.06.12-12.52.36:439][  0]LogVulkanRHI: Display:   - VK_AMD_gpa_interface
[2026.06.12-12.52.36:439][  0]LogVulkanRHI: Display:   - VK_AMD_gpu_shader_half_float
[2026.06.12-12.52.36:440][  0]LogVulkanRHI: Display:   - VK_AMD_gpu_shader_int16
[2026.06.12-12.52.36:440][  0]LogVulkanRHI: Display:   - VK_AMD_memory_overallocation_behavior
[2026.06.12-12.52.36:440][  0]LogVulkanRHI: Display:   - VK_AMD_mixed_attachment_samples
[2026.06.12-12.52.36:440][  0]LogVulkanRHI: Display:   - VK_AMD_shader_ballot
[2026.06.12-12.52.36:440][  0]LogVulkanRHI: Display:   - VK_AMD_shader_core_properties
[2026.06.12-12.52.36:440][  0]LogVulkanRHI: Display:   - VK_AMD_shader_core_properties2
[2026.06.12-12.52.36:440][  0]LogVulkanRHI: Display:   - VK_AMD_shader_early_and_late_fragment_tests
[2026.06.12-12.52.36:440][  0]LogVulkanRHI: Display:   - VK_AMD_shader_explicit_vertex_parameter
[2026.06.12-12.52.36:440][  0]LogVulkanRHI: Display:   - VK_AMD_shader_fragment_mask
[2026.06.12-12.52.36:440][  0]LogVulkanRHI: Display:   - VK_AMD_shader_image_load_store_lod
[2026.06.12-12.52.36:440][  0]LogVulkanRHI: Display:   - VK_AMD_shader_info
[2026.06.12-12.52.36:440][  0]LogVulkanRHI: Display:   - VK_AMD_shader_trinary_minmax
[2026.06.12-12.52.36:440][  0]LogVulkanRHI: Display:   - VK_AMD_texture_gather_bias_lod
[2026.06.12-12.52.36:440][  0]LogVulkanRHI: Display:   - VK_EXT_4444_formats
[2026.06.12-12.52.36:440][  0]LogVulkanRHI: Display:   - VK_EXT_attachment_feedback_loop_layout
[2026.06.12-12.52.36:440][  0]LogVulkanRHI: Display:   - VK_EXT_border_color_swizzle
[2026.06.12-12.52.36:440][  0]LogVulkanRHI: Display:   + VK_EXT_calibrated_timestamps
[2026.06.12-12.52.36:440][  0]LogVulkanRHI: Display:   - VK_EXT_color_write_enable
[2026.06.12-12.52.36:440][  0]LogVulkanRHI: Display:   - VK_EXT_conditional_rendering
[2026.06.12-12.52.36:440][  0]LogVulkanRHI: Display:   - VK_EXT_conservative_rasterization
[2026.06.12-12.52.36:440][  0]LogVulkanRHI: Display:   - VK_EXT_custom_border_color
[2026.06.12-12.52.36:440][  0]LogVulkanRHI: Display:   - VK_EXT_depth_clamp_control
[2026.06.12-12.52.36:440][  0]LogVulkanRHI: Display:   - VK_EXT_depth_clamp_zero_one
[2026.06.12-12.52.36:440][  0]LogVulkanRHI: Display:   - VK_EXT_depth_clip_control
[2026.06.12-12.52.36:440][  0]LogVulkanRHI: Display:   - VK_EXT_depth_clip_enable
[2026.06.12-12.52.36:440][  0]LogVulkanRHI: Display:   - VK_EXT_depth_range_unrestricted
[2026.06.12-12.52.36:440][  0]LogVulkanRHI: Display:   + VK_EXT_descriptor_buffer
[2026.06.12-12.52.36:440][  0]LogVulkanRHI: Display:   * VK_EXT_descriptor_indexing
[2026.06.12-12.52.36:440][  0]LogVulkanRHI: Display:   - VK_EXT_device_address_binding_report
[2026.06.12-12.52.36:440][  0]LogVulkanRHI: Display:   + VK_EXT_device_fault
[2026.06.12-12.52.36:440][  0]LogVulkanRHI: Display:   - VK_EXT_device_generated_commands
[2026.06.12-12.52.36:440][  0]LogVulkanRHI: Display:   - VK_EXT_dynamic_rendering_unused_attachments
[2026.06.12-12.52.36:440][  0]LogVulkanRHI: Display:   - VK_EXT_extended_dynamic_state
[2026.06.12-12.52.36:440][  0]LogVulkanRHI: Display:   - VK_EXT_extended_dynamic_state2
[2026.06.12-12.52.36:440][  0]LogVulkanRHI: Display:   - VK_EXT_extended_dynamic_state3
[2026.06.12-12.52.36:440][  0]LogVulkanRHI: Display:   - VK_EXT_external_memory_host
[2026.06.12-12.52.36:440][  0]LogVulkanRHI: Display:   - VK_EXT_fragment_shader_interlock
[2026.06.12-12.52.36:440][  0]LogVulkanRHI: Display:   - VK_EXT_frame_boundary
[2026.06.12-12.52.36:440][  0]LogVulkanRHI: Display:   + VK_EXT_full_screen_exclusive
[2026.06.12-12.52.36:440][  0]LogVulkanRHI: Display:   - VK_EXT_global_priority
[2026.06.12-12.52.36:440][  0]LogVulkanRHI: Display:   - VK_EXT_global_priority_query
[2026.06.12-12.52.36:440][  0]LogVulkanRHI: Display:   + VK_EXT_graphics_pipeline_library
[2026.06.12-12.52.36:440][  0]LogVulkanRHI: Display:   - VK_EXT_hdr_metadata
[2026.06.12-12.52.36:440][  0]LogVulkanRHI: Display:   * VK_EXT_host_query_reset
[2026.06.12-12.52.36:440][  0]LogVulkanRHI: Display:   - VK_EXT_image_2d_view_of_3d
[2026.06.12-12.52.36:440][  0]LogVulkanRHI: Display:   - VK_EXT_image_robustness
[2026.06.12-12.52.36:440][  0]LogVulkanRHI: Display:   - VK_EXT_image_sliced_view_of_3d
[2026.06.12-12.52.36:440][  0]LogVulkanRHI: Display:   - VK_EXT_image_view_min_lod
[2026.06.12-12.52.36:440][  0]LogVulkanRHI: Display:   - VK_EXT_index_type_uint8
[2026.06.12-12.52.36:440][  0]LogVulkanRHI: Display:   - VK_EXT_inline_uniform_block
[2026.06.12-12.52.36:440][  0]LogVulkanRHI: Display:   - VK_EXT_line_rasterization
[2026.06.12-12.52.36:440][  0]LogVulkanRHI: Display:   + VK_EXT_load_store_op_none
[2026.06.12-12.52.36:440][  0]LogVulkanRHI: Display:   + VK_EXT_memory_budget
[2026.06.12-12.52.36:440][  0]LogVulkanRHI: Display:   + VK_EXT_memory_priority
[2026.06.12-12.52.36:440][  0]LogVulkanRHI: Display:   + VK_EXT_mesh_shader
[2026.06.12-12.52.36:440][  0]LogVulkanRHI: Display:   + VK_EXT_mutable_descriptor_type
[2026.06.12-12.52.36:440][  0]LogVulkanRHI: Display:   - VK_EXT_nested_command_buffer
[2026.06.12-12.52.36:440][  0]LogVulkanRHI: Display:   - VK_EXT_non_seamless_cube_map
[2026.06.12-12.52.36:440][  0]LogVulkanRHI: Display:   - VK_EXT_pageable_device_local_memory
[2026.06.12-12.52.36:440][  0]LogVulkanRHI: Display:   * VK_EXT_pipeline_creation_cache_control
[2026.06.12-12.52.36:440][  0]LogVulkanRHI: Display:   - VK_EXT_pipeline_creation_feedback
[2026.06.12-12.52.36:440][  0]LogVulkanRHI: Display:   - VK_EXT_pipeline_library_group_handles
[2026.06.12-12.52.36:440][  0]LogVulkanRHI: Display:   - VK_EXT_post_depth_coverage
[2026.06.12-12.52.36:440][  0]LogVulkanRHI: Display:   - VK_EXT_primitive_topology_list_restart
[2026.06.12-12.52.36:440][  0]LogVulkanRHI: Display:   - VK_EXT_private_data
[2026.06.12-12.52.36:440][  0]LogVulkanRHI: Display:   - VK_EXT_provoking_vertex
[2026.06.12-12.52.36:440][  0]LogVulkanRHI: Display:   - VK_EXT_queue_family_foreign
[2026.06.12-12.52.36:440][  0]LogVulkanRHI: Display:   - VK_EXT_robustness2
[2026.06.12-12.52.36:440][  0]LogVulkanRHI: Display:   - VK_EXT_sample_locations
[2026.06.12-12.52.36:440][  0]LogVulkanRHI: Display:   - VK_EXT_sampler_filter_minmax
[2026.06.12-12.52.36:440][  0]LogVulkanRHI: Display:   * VK_EXT_scalar_block_layout
[2026.06.12-12.52.36:440][  0]LogVulkanRHI: Display:   - VK_EXT_separate_stencil_usage
[2026.06.12-12.52.36:440][  0]LogVulkanRHI: Display:   - VK_EXT_shader_atomic_float
[2026.06.12-12.52.36:440][  0]LogVulkanRHI: Display:   - VK_EXT_shader_atomic_float2
[2026.06.12-12.52.36:440][  0]LogVulkanRHI: Display:   * VK_EXT_shader_demote_to_helper_invocation
[2026.06.12-12.52.36:440][  0]LogVulkanRHI: Display:   + VK_EXT_shader_image_atomic_int64
[2026.06.12-12.52.36:440][  0]LogVulkanRHI: Display:   - VK_EXT_shader_module_identifier
[2026.06.12-12.52.36:440][  0]LogVulkanRHI: Display:   - VK_EXT_shader_object
[2026.06.12-12.52.36:440][  0]LogVulkanRHI: Display:   - VK_EXT_shader_replicated_composites
[2026.06.12-12.52.36:440][  0]LogVulkanRHI: Display:   - VK_EXT_shader_stencil_export
[2026.06.12-12.52.36:440][  0]LogVulkanRHI: Display:   - VK_EXT_shader_subgroup_ballot
[2026.06.12-12.52.36:440][  0]LogVulkanRHI: Display:   - VK_EXT_shader_subgroup_vote
[2026.06.12-12.52.36:440][  0]LogVulkanRHI: Display:   * VK_EXT_shader_viewport_index_layer
[2026.06.12-12.52.36:440][  0]LogVulkanRHI: Display:   * VK_EXT_subgroup_size_control
[2026.06.12-12.52.36:440][  0]LogVulkanRHI: Display:   - VK_EXT_texel_buffer_alignment
[2026.06.12-12.52.36:440][  0]LogVulkanRHI: Display:   * VK_EXT_tooling_info
[2026.06.12-12.52.36:440][  0]LogVulkanRHI: Display:   - VK_EXT_transform_feedback
[2026.06.12-12.52.36:440][  0]LogVulkanRHI: Display:   - VK_EXT_vertex_attribute_divisor
[2026.06.12-12.52.36:440][  0]LogVulkanRHI: Display:   - VK_EXT_vertex_input_dynamic_state
[2026.06.12-12.52.36:440][  0]LogVulkanRHI: Display:   - VK_EXT_ycbcr_image_arrays
[2026.06.12-12.52.36:440][  0]LogVulkanRHI: Display:   - VK_GOOGLE_decorate_string
[2026.06.12-12.52.36:440][  0]LogVulkanRHI: Display:   - VK_GOOGLE_hlsl_functionality1
[2026.06.12-12.52.36:440][  0]LogVulkanRHI: Display:   - VK_GOOGLE_user_type
[2026.06.12-12.52.36:440][  0]LogVulkanRHI: Display:   + VK_KHR_16bit_storage
[2026.06.12-12.52.36:440][  0]LogVulkanRHI: Display:   - VK_KHR_8bit_storage
[2026.06.12-12.52.36:440][  0]LogVulkanRHI: Display:   + VK_KHR_acceleration_structure
[2026.06.12-12.52.36:440][  0]LogVulkanRHI: Display:   - VK_KHR_bind_memory2
[2026.06.12-12.52.36:440][  0]LogVulkanRHI: Display:   * VK_KHR_buffer_device_address
[2026.06.12-12.52.36:440][  0]LogVulkanRHI: Display:   - VK_KHR_calibrated_timestamps
[2026.06.12-12.52.36:440][  0]LogVulkanRHI: Display:   + VK_KHR_compute_shader_derivatives
[2026.06.12-12.52.36:440][  0]LogVulkanRHI: Display:   - VK_KHR_cooperative_matrix
[2026.06.12-12.52.36:440][  0]LogVulkanRHI: Display:   - VK_KHR_copy_commands2
[2026.06.12-12.52.36:440][  0]LogVulkanRHI: Display:   * VK_KHR_create_renderpass2
[2026.06.12-12.52.36:440][  0]LogVulkanRHI: Display:   - VK_KHR_dedicated_allocation
[2026.06.12-12.52.36:440][  0]LogVulkanRHI: Display:   + VK_KHR_deferred_host_operations
[2026.06.12-12.52.36:440][  0]LogVulkanRHI: Display:   - VK_KHR_depth_clamp_zero_one
[2026.06.12-12.52.36:440][  0]LogVulkanRHI: Display:   + VK_KHR_depth_stencil_resolve
[2026.06.12-12.52.36:441][  0]LogVulkanRHI: Display:   - VK_KHR_descriptor_update_template
[2026.06.12-12.52.36:441][  0]LogVulkanRHI: Display:   - VK_KHR_device_group
[2026.06.12-12.52.36:441][  0]LogVulkanRHI: Display:   - VK_KHR_draw_indirect_count
[2026.06.12-12.52.36:441][  0]LogVulkanRHI: Display:   * VK_KHR_driver_properties
[2026.06.12-12.52.36:441][  0]LogVulkanRHI: Display:   * VK_KHR_dynamic_rendering
[2026.06.12-12.52.36:441][  0]LogVulkanRHI: Display:   - VK_KHR_dynamic_rendering_local_read
[2026.06.12-12.52.36:441][  0]LogVulkanRHI: Display:   - VK_KHR_external_fence
[2026.06.12-12.52.36:441][  0]LogVulkanRHI: Display:   - VK_KHR_external_fence_win32
[2026.06.12-12.52.36:441][  0]LogVulkanRHI: Display:   - VK_KHR_external_memory
[2026.06.12-12.52.36:441][  0]LogVulkanRHI: Display:   + VK_KHR_external_memory_win32
[2026.06.12-12.52.36:441][  0]LogVulkanRHI: Display:   - VK_KHR_external_semaphore
[2026.06.12-12.52.36:441][  0]LogVulkanRHI: Display:   - VK_KHR_external_semaphore_win32
[2026.06.12-12.52.36:441][  0]LogVulkanRHI: Display:   - VK_KHR_format_feature_flags2
[2026.06.12-12.52.36:441][  0]LogVulkanRHI: Display:   + VK_KHR_fragment_shader_barycentric
[2026.06.12-12.52.36:441][  0]LogVulkanRHI: Display:   + VK_KHR_fragment_shading_rate
[2026.06.12-12.52.36:441][  0]LogVulkanRHI: Display:   * VK_KHR_get_memory_requirements2
[2026.06.12-12.52.36:441][  0]LogVulkanRHI: Display:   - VK_KHR_global_priority
[2026.06.12-12.52.36:441][  0]LogVulkanRHI: Display:   * VK_KHR_image_format_list
[2026.06.12-12.52.36:441][  0]LogVulkanRHI: Display:   - VK_KHR_imageless_framebuffer
[2026.06.12-12.52.36:441][  0]LogVulkanRHI: Display:   - VK_KHR_index_type_uint8
[2026.06.12-12.52.36:441][  0]LogVulkanRHI: Display:   - VK_KHR_line_rasterization
[2026.06.12-12.52.36:441][  0]LogVulkanRHI: Display:   - VK_KHR_load_store_op_none
[2026.06.12-12.52.36:441][  0]LogVulkanRHI: Display:   - VK_KHR_maintenance1
[2026.06.12-12.52.36:441][  0]LogVulkanRHI: Display:   - VK_KHR_maintenance2
[2026.06.12-12.52.36:441][  0]LogVulkanRHI: Display:   - VK_KHR_maintenance3
[2026.06.12-12.52.36:441][  0]LogVulkanRHI: Display:   * VK_KHR_maintenance4
[2026.06.12-12.52.36:441][  0]LogVulkanRHI: Display:   + VK_KHR_maintenance5
[2026.06.12-12.52.36:441][  0]LogVulkanRHI: Display:   - VK_KHR_maintenance6
[2026.06.12-12.52.36:441][  0]LogVulkanRHI: Display:   - VK_KHR_maintenance7
[2026.06.12-12.52.36:441][  0]LogVulkanRHI: Display:   - VK_KHR_maintenance8
[2026.06.12-12.52.36:441][  0]LogVulkanRHI: Display:   - VK_KHR_map_memory2
[2026.06.12-12.52.36:441][  0]LogVulkanRHI: Display:   * VK_KHR_multiview
[2026.06.12-12.52.36:441][  0]LogVulkanRHI: Display:   - VK_KHR_pipeline_binary
[2026.06.12-12.52.36:441][  0]LogVulkanRHI: Display:   - VK_KHR_pipeline_executable_properties
[2026.06.12-12.52.36:441][  0]LogVulkanRHI: Display:   + VK_KHR_pipeline_library
[2026.06.12-12.52.36:441][  0]LogVulkanRHI: Display:   + VK_KHR_push_descriptor
[2026.06.12-12.52.36:441][  0]LogVulkanRHI: Display:   + VK_KHR_ray_query
[2026.06.12-12.52.36:441][  0]LogVulkanRHI: Display:   - VK_KHR_ray_tracing_maintenance1
[2026.06.12-12.52.36:441][  0]LogVulkanRHI: Display:   + VK_KHR_ray_tracing_pipeline
[2026.06.12-12.52.36:441][  0]LogVulkanRHI: Display:   + VK_KHR_ray_tracing_position_fetch
[2026.06.12-12.52.36:441][  0]LogVulkanRHI: Display:   - VK_KHR_relaxed_block_layout
[2026.06.12-12.52.36:441][  0]LogVulkanRHI: Display:   - VK_KHR_robustness2
[2026.06.12-12.52.36:441][  0]LogVulkanRHI: Display:   - VK_KHR_sampler_mirror_clamp_to_edge
[2026.06.12-12.52.36:441][  0]LogVulkanRHI: Display:   * VK_KHR_sampler_ycbcr_conversion
[2026.06.12-12.52.36:441][  0]LogVulkanRHI: Display:   * VK_KHR_separate_depth_stencil_layouts
[2026.06.12-12.52.36:441][  0]LogVulkanRHI: Display:   * VK_KHR_shader_atomic_int64
[2026.06.12-12.52.36:441][  0]LogVulkanRHI: Display:   - VK_KHR_shader_clock
[2026.06.12-12.52.36:441][  0]LogVulkanRHI: Display:   - VK_KHR_shader_draw_parameters
[2026.06.12-12.52.36:441][  0]LogVulkanRHI: Display:   - VK_KHR_shader_expect_assume
[2026.06.12-12.52.36:441][  0]LogVulkanRHI: Display:   + VK_KHR_shader_float16_int8
[2026.06.12-12.52.36:441][  0]LogVulkanRHI: Display:   * VK_KHR_shader_float_controls
[2026.06.12-12.52.36:441][  0]LogVulkanRHI: Display:   - VK_KHR_shader_float_controls2
[2026.06.12-12.52.36:441][  0]LogVulkanRHI: Display:   - VK_KHR_shader_integer_dot_product
[2026.06.12-12.52.36:441][  0]LogVulkanRHI: Display:   - VK_KHR_shader_maximal_reconvergence
[2026.06.12-12.52.36:441][  0]LogVulkanRHI: Display:   - VK_KHR_shader_non_semantic_info
[2026.06.12-12.52.36:441][  0]LogVulkanRHI: Display:   - VK_KHR_shader_quad_control
[2026.06.12-12.52.36:441][  0]LogVulkanRHI: Display:   - VK_KHR_shader_subgroup_extended_types
[2026.06.12-12.52.36:441][  0]LogVulkanRHI: Display:   - VK_KHR_shader_subgroup_rotate
[2026.06.12-12.52.36:441][  0]LogVulkanRHI: Display:   - VK_KHR_shader_subgroup_uniform_control_flow
[2026.06.12-12.52.36:441][  0]LogVulkanRHI: Display:   - VK_KHR_shader_terminate_invocation
[2026.06.12-12.52.36:441][  0]LogVulkanRHI: Display:   * VK_KHR_spirv_1_4
[2026.06.12-12.52.36:441][  0]LogVulkanRHI: Display:   - VK_KHR_storage_buffer_storage_class
[2026.06.12-12.52.36:441][  0]LogVulkanRHI: Display:   + VK_KHR_swapchain
[2026.06.12-12.52.36:441][  0]LogVulkanRHI: Display:   - VK_KHR_swapchain_mutable_format
[2026.06.12-12.52.36:441][  0]LogVulkanRHI: Display:   * VK_KHR_synchronization2
[2026.06.12-12.52.36:441][  0]LogVulkanRHI: Display:   * VK_KHR_timeline_semaphore
[2026.06.12-12.52.36:441][  0]LogVulkanRHI: Display:   - VK_KHR_uniform_buffer_standard_layout
[2026.06.12-12.52.36:441][  0]LogVulkanRHI: Display:   - VK_KHR_variable_pointers
[2026.06.12-12.52.36:441][  0]LogVulkanRHI: Display:   - VK_KHR_vertex_attribute_divisor
[2026.06.12-12.52.36:441][  0]LogVulkanRHI: Display:   - VK_KHR_video_decode_av1
[2026.06.12-12.52.36:441][  0]LogVulkanRHI: Display:   - VK_KHR_video_decode_h264
[2026.06.12-12.52.36:441][  0]LogVulkanRHI: Display:   - VK_KHR_video_decode_h265
[2026.06.12-12.52.36:441][  0]LogVulkanRHI: Display:   - VK_KHR_video_decode_queue
[2026.06.12-12.52.36:441][  0]LogVulkanRHI: Display:   - VK_KHR_video_encode_h264
[2026.06.12-12.52.36:441][  0]LogVulkanRHI: Display:   - VK_KHR_video_encode_h265
[2026.06.12-12.52.36:441][  0]LogVulkanRHI: Display:   - VK_KHR_video_encode_queue
[2026.06.12-12.52.36:441][  0]LogVulkanRHI: Display:   - VK_KHR_video_maintenance1
[2026.06.12-12.52.36:441][  0]LogVulkanRHI: Display:   - VK_KHR_video_queue
[2026.06.12-12.52.36:441][  0]LogVulkanRHI: Display:   - VK_KHR_vulkan_memory_model
[2026.06.12-12.52.36:441][  0]LogVulkanRHI: Display:   - VK_KHR_win32_keyed_mutex
[2026.06.12-12.52.36:441][  0]LogVulkanRHI: Display:   - VK_KHR_workgroup_memory_explicit_layout
[2026.06.12-12.52.36:441][  0]LogVulkanRHI: Display:   - VK_KHR_zero_initialize_workgroup_memory
[2026.06.12-12.52.36:441][  0]LogVulkanRHI: Display:   - VK_VALVE_mutable_descriptor_type
[2026.06.12-12.52.36:441][  0]LogVulkanRHI: Display: Device Layer VK_LAYER_AMD_switchable_graphics provides 0 extensions:
[2026.06.12-12.52.36:441][  0]LogVulkanRHI: Display: Device Layer VK_LAYER_OBS_HOOK provides 0 extensions:
[2026.06.12-12.52.36:441][  0]LogVulkanRHI: Display: Device Layer VK_LAYER_VALVE_steam_overlay provides 0 extensions:
[2026.06.12-12.52.36:441][  0]LogVulkanRHI: Display: Device Layer VK_LAYER_VALVE_steam_fossilize provides 0 extensions:
[2026.06.12-12.52.36:441][  0]LogVulkanRHI: Display: Found 4 available device layers :
[2026.06.12-12.52.36:441][  0]LogVulkanRHI: Display:   * VK_LAYER_AMD_switchable_graphics
[2026.06.12-12.52.36:441][  0]LogVulkanRHI: Display:   * VK_LAYER_OBS_HOOK
[2026.06.12-12.52.36:441][  0]LogVulkanRHI: Display:   * VK_LAYER_VALVE_steam_fossilize
[2026.06.12-12.52.36:441][  0]LogVulkanRHI: Display:   * VK_LAYER_VALVE_steam_overlay
[2026.06.12-12.52.36:441][  0]LogVulkanRHI: Display: Vulkan Physical Device Driver Properties:
[2026.06.12-12.52.36:441][  0]LogVulkanRHI: Display: - driverName: AMD proprietary driver
[2026.06.12-12.52.36:441][  0]LogVulkanRHI: Display: - driverInfo: 26.5.2 (AMD proprietary shader compiler)
[2026.06.12-12.52.36:441][  0]LogVulkanRHI: Display: Vulkan Variable Rate Shading choice: 0.
[2026.06.12-12.52.36:441][  0]LogVulkanRHI: Display: Device properties: Geometry 1 BufferAtomic64 1 ImageAtomic64 1
[2026.06.12-12.52.36:441][  0]LogVulkanRHI: Display: Enabling Vulkan Descriptor Buffers with: allowSamplerImageViewPostSubmitCreation=1, maxDescriptorBufferBindings=32, maxSamplerDescriptorBufferBindings=32, maxResourceDescriptorBufferBindings=32, samplerDescriptorBufferAddressSpaceSize=4294967295, resourceDescriptorBufferAddressSpaceSize=4294967295, maxSamplerDescriptorBufferRange=4294967295, maxResourceDescriptorBufferRange=4294967295, descriptorBufferAddressSpaceSize=4294967295, descriptorBufferOffsetAlignment=16, samplerDescriptorSize=16
[2026.06.12-12.52.36:441][  0]LogVulkanRHI: Display: Found 5 Queue Families
[2026.06.12-12.52.36:441][  0]LogVulkanRHI: Display: Initializing Queue Family 0: 8 queues Gfx Compute Xfer Sparse
[2026.06.12-12.52.36:441][  0]LogVulkanRHI: Display: Skipping unnecessary Queue Family 1: 4 queues Compute Xfer Sparse
[2026.06.12-12.52.36:441][  0]LogVulkanRHI: Display: Skipping unnecessary Queue Family 2: 1 queues Xfer Sparse
[2026.06.12-12.52.36:441][  0]LogVulkanRHI: Display: Skipping unnecessary Queue Family 3: 1 queues
[2026.06.12-12.52.36:441][  0]LogVulkanRHI: Display: Skipping unnecessary Queue Family 4: 1 queues
[2026.06.12-12.52.36:487][  0]LogVulkanRHI: Display: TimestampValidBits=64
[2026.06.12-12.52.36:487][  0]LogVulkanRHI: Display: Using 0 device layers.
[2026.06.12-12.52.36:487][  0]LogVulkanRHI: Display: Using 48 device extensions:
[2026.06.12-12.52.36:487][  0]LogVulkanRHI: Display: * VK_KHR_swapchain
[2026.06.12-12.52.36:487][  0]LogVulkanRHI: Display: * VK_EXT_memory_budget
[2026.06.12-12.52.36:487][  0]LogVulkanRHI: Display: * VK_EXT_memory_priority
[2026.06.12-12.52.36:487][  0]LogVulkanRHI: Display: * VK_KHR_create_renderpass2
[2026.06.12-12.52.36:487][  0]LogVulkanRHI: Display: * VK_KHR_deferred_host_operations
[2026.06.12-12.52.36:487][  0]LogVulkanRHI: Display: * VK_KHR_spirv_1_4
[2026.06.12-12.52.36:487][  0]LogVulkanRHI: Display: * VK_KHR_shader_float_controls
[2026.06.12-12.52.36:487][  0]LogVulkanRHI: Display: * VK_KHR_image_format_list
[2026.06.12-12.52.36:487][  0]LogVulkanRHI: Display: * VK_EXT_load_store_op_none
[2026.06.12-12.52.36:487][  0]LogVulkanRHI: Display: * VK_KHR_dynamic_rendering
[2026.06.12-12.52.36:487][  0]LogVulkanRHI: Display: * VK_KHR_pipeline_library
[2026.06.12-12.52.36:487][  0]LogVulkanRHI: Display: * VK_KHR_driver_properties
[2026.06.12-12.52.36:487][  0]LogVulkanRHI: Display: * VK_KHR_maintenance4
[2026.06.12-12.52.36:487][  0]LogVulkanRHI: Display: * VK_KHR_maintenance5
[2026.06.12-12.52.36:487][  0]LogVulkanRHI: Display: * VK_KHR_shader_atomic_int64
[2026.06.12-12.52.36:487][  0]LogVulkanRHI: Display: * VK_EXT_shader_image_atomic_int64
[2026.06.12-12.52.36:487][  0]LogVulkanRHI: Display: * VK_EXT_scalar_block_layout
[2026.06.12-12.52.36:487][  0]LogVulkanRHI: Display: * VK_EXT_shader_viewport_index_layer
[2026.06.12-12.52.36:487][  0]LogVulkanRHI: Display: * VK_KHR_separate_depth_stencil_layouts
[2026.06.12-12.52.36:487][  0]LogVulkanRHI: Display: * VK_KHR_synchronization2
[2026.06.12-12.52.36:487][  0]LogVulkanRHI: Display: * VK_KHR_fragment_shading_rate
[2026.06.12-12.52.36:487][  0]LogVulkanRHI: Display: * VK_KHR_multiview
[2026.06.12-12.52.36:487][  0]LogVulkanRHI: Display: * VK_KHR_get_memory_requirements2
[2026.06.12-12.52.36:487][  0]LogVulkanRHI: Display: * VK_EXT_descriptor_indexing
[2026.06.12-12.52.36:487][  0]LogVulkanRHI: Display: * VK_EXT_host_query_reset
[2026.06.12-12.52.36:487][  0]LogVulkanRHI: Display: * VK_EXT_subgroup_size_control
[2026.06.12-12.52.36:487][  0]LogVulkanRHI: Display: * VK_EXT_calibrated_timestamps
[2026.06.12-12.52.36:487][  0]LogVulkanRHI: Display: * VK_EXT_descriptor_buffer
[2026.06.12-12.52.36:487][  0]LogVulkanRHI: Display: * VK_EXT_device_fault
[2026.06.12-12.52.36:487][  0]LogVulkanRHI: Display: * VK_EXT_shader_demote_to_helper_invocation
[2026.06.12-12.52.36:487][  0]LogVulkanRHI: Display: * VK_KHR_16bit_storage
[2026.06.12-12.52.36:487][  0]LogVulkanRHI: Display: * VK_KHR_shader_float16_int8
[2026.06.12-12.52.36:487][  0]LogVulkanRHI: Display: * VK_KHR_depth_stencil_resolve
[2026.06.12-12.52.36:487][  0]LogVulkanRHI: Display: * VK_EXT_pipeline_creation_cache_control
[2026.06.12-12.52.36:487][  0]LogVulkanRHI: Display: * VK_KHR_fragment_shader_barycentric
[2026.06.12-12.52.36:487][  0]LogVulkanRHI: Display: * VK_KHR_compute_shader_derivatives
[2026.06.12-12.52.36:487][  0]LogVulkanRHI: Display: * VK_KHR_sampler_ycbcr_conversion
[2026.06.12-12.52.36:487][  0]LogVulkanRHI: Display: * VK_KHR_timeline_semaphore
[2026.06.12-12.52.36:487][  0]LogVulkanRHI: Display: * VK_EXT_mesh_shader
[2026.06.12-12.52.36:487][  0]LogVulkanRHI: Display: * VK_EXT_graphics_pipeline_library
[2026.06.12-12.52.36:487][  0]LogVulkanRHI: Display: * VK_EXT_mutable_descriptor_type
[2026.06.12-12.52.36:487][  0]LogVulkanRHI: Display: * VK_KHR_buffer_device_address
[2026.06.12-12.52.36:487][  0]LogVulkanRHI: Display: * VK_KHR_acceleration_structure
[2026.06.12-12.52.36:487][  0]LogVulkanRHI: Display: * VK_KHR_ray_tracing_pipeline
[2026.06.12-12.52.36:487][  0]LogVulkanRHI: Display: * VK_KHR_ray_query
[2026.06.12-12.52.36:487][  0]LogVulkanRHI: Display: * VK_KHR_ray_tracing_position_fetch
[2026.06.12-12.52.36:487][  0]LogVulkanRHI: Display: * VK_EXT_full_screen_exclusive
[2026.06.12-12.52.36:487][  0]LogVulkanRHI: Display: * VK_KHR_push_descriptor
[2026.06.12-12.52.36:487][  0]LogVulkanRHI: Display: MapImageFormatSupport: D24 is not supported with VkFormat 125, falling back to VkFormat 128
[2026.06.12-12.52.36:487][  0]LogVulkanRHI: Display: Max memory allocations 4294967295.
[2026.06.12-12.52.36:487][  0]LogVulkanRHI: Display: 3 Device Memory Heaps:
[2026.06.12-12.52.36:487][  0]LogVulkanRHI: Display:   0: Flags 0x3 - Size 6153240576 (5868.19 MB) - Used 0 (0.00%) - DeviceLocal - PrimaryHeap
[2026.06.12-12.52.36:487][  0]LogVulkanRHI: Display:   1: Flags 0x0 - Size 3076587520 (2934.06 MB) - Used 0 (0.00%)
[2026.06.12-12.52.36:487][  0]LogVulkanRHI: Display:   2: Flags 0x3 - Size 268435456 (256.00 MB) - Used 0 (0.00%) - DeviceLocal
[2026.06.12-12.52.36:487][  0]LogVulkanRHI: Display: 16 Device Memory Types (Not unified):
[2026.06.12-12.52.36:487][  0]LogVulkanRHI: Display:   0: Flags 0x00001 - Heap  0 - 1
[2026.06.12-12.52.36:487][  0]LogVulkanRHI: Display:   4: Flags 0x000c1 - Heap  0 - 193
[2026.06.12-12.52.36:487][  0]LogVulkanRHI: Display:   8: Flags 0x00001 - Heap  0 - 1
[2026.06.12-12.52.36:487][  0]LogVulkanRHI: Display:  12: Flags 0x000c1 - Heap  0 - 193
[2026.06.12-12.52.36:487][  0]LogVulkanRHI: Display:   1: Flags 0x00006 - Heap  1 - 6
[2026.06.12-12.52.36:487][  0]LogVulkanRHI: Display:   3: Flags 0x0000e - Heap  1 - 14
[2026.06.12-12.52.36:487][  0]LogVulkanRHI: Display:   5: Flags 0x000c6 - Heap  1 - 198
[2026.06.12-12.52.36:487][  0]LogVulkanRHI: Display:   7: Flags 0x000ce - Heap  1 - 206
[2026.06.12-12.52.36:487][  0]LogVulkanRHI: Display:   9: Flags 0x00006 - Heap  1 - 6
[2026.06.12-12.52.36:487][  0]LogVulkanRHI: Display:  11: Flags 0x0000e - Heap  1 - 14
[2026.06.12-12.52.36:487][  0]LogVulkanRHI: Display:  13: Flags 0x000c6 - Heap  1 - 198
[2026.06.12-12.52.36:487][  0]LogVulkanRHI: Display:  15: Flags 0x000ce - Heap  1 - 206
[2026.06.12-12.52.36:487][  0]LogVulkanRHI: Display:   2: Flags 0x00007 - Heap  2 - 7
[2026.06.12-12.52.36:487][  0]LogVulkanRHI: Display:   6: Flags 0x000c7 - Heap  2 - 199
[2026.06.12-12.52.36:487][  0]LogVulkanRHI: Display:  10: Flags 0x00007 - Heap  2 - 7
[2026.06.12-12.52.36:487][  0]LogVulkanRHI: Display:  14: Flags 0x000c7 - Heap  2 - 199
[2026.06.12-12.52.36:487][  0]LogVulkanRHI: Display: Memory Budget Extension:
[2026.06.12-12.52.36:487][  0]LogVulkanRHI: Display: 	         | Usage                     | Budget          | Size            |
[2026.06.12-12.52.36:487][  0]LogVulkanRHI: Display: 	---------|------------------------------------------------------------------|
[2026.06.12-12.52.36:487][  0]LogVulkanRHI: Display: 	 HEAP 00 |   0.00% /          0.00 MB |       5574.78 MB |       5868.19 MB |
[2026.06.12-12.52.36:487][  0]LogVulkanRHI: Display: 	 HEAP 01 |   0.00% /          0.00 MB |       2787.36 MB |       2934.06 MB |
[2026.06.12-12.52.36:487][  0]LogVulkanRHI: Display: 	 HEAP 02 |   0.00% /          0.00 MB |        243.20 MB |        256.00 MB |
[2026.06.12-12.52.36:487][  0]LogVulkanRHI: Display: 	---------|------------------------------------------------------------------|
[2026.06.12-12.52.36:488][  0]LogRHI: Warning: Dynamic Uniform Buffers are enabled, but they will not be used with Vulkan bindless.
[2026.06.12-12.52.36:488][  0]LogRHI: Warning: Memory defrag is enabled, but it will not be used with Vulkan bindless.
[2026.06.12-12.52.36:497][  0]LogVulkanRHI: Display: FVulkanPipelineStateCacheManager: Binary pipeline cache 'C:/Users/cheva/AppData/Local/FactoryGame/Saved/VulkanPSO.cache.1002.1681' not found.
[2026.06.12-12.52.36:499][  0]LogVulkanRHI: Display: Vulkan Async Compute has been DISABLED.
[2026.06.12-12.52.36:499][  0]LogVulkanRHI: Display: Wave Operations have been ENABLED (wave size: min=32 max=64).
[2026.06.12-12.52.36:499][  0]LogVulkanRHI: Integrated GPU (iGPU): true
[2026.06.12-12.52.36:509][  0]LogVRS: Current RHI supports per-draw and screenspace Variable Rate Shading
[2026.06.12-12.52.36:512][  0]LogRHI: Texture pool is 4286 MB (70% of 6124 MB)
[2026.06.12-12.52.36:512][  0]LogInit: Initializing FReadOnlyCVARCache
[2026.06.12-12.52.36:520][  0]LogRendererCore: Ray tracing is disabled. Reason: disabled through project setting (r.RayTracing=0).
[2026.06.12-12.52.36:521][  0]LogShaderLibrary: Display: Using IoDispatcher for shader code library Global. Total 7502 unique shaders.
[2026.06.12-12.52.36:521][  0]LogShaderLibrary: Display: Cooked Context: Using Shared Shader Library Global
[2026.06.12-12.52.36:521][  0]LogShaderLibrary: Display: Logical shader library 'Global' has been created as a monolithic library
[2026.06.12-12.52.36:521][  0]LogShaderLibrary: Display: Using IoDispatcher for shader code library ContainerScreen. Total 28 unique shaders.
[2026.06.12-12.52.36:521][  0]LogShaderLibrary: Display: Using IoDispatcher for shader code library ContainerWithScreen. Total 30 unique shaders.
[2026.06.12-12.52.36:521][  0]LogShaderLibrary: Display: Cooked Context: Using Shared Shader Library ContainerScreen
[2026.06.12-12.52.36:521][  0]LogShaderLibrary: Display: Cooked Context: Using Shared Shader Library ContainerWithScreen
[2026.06.12-12.52.36:521][  0]LogShaderLibrary: Display: Logical shader library 'ContainerScreen' has been created as a monolithic library
[2026.06.12-12.52.36:521][  0]LogShaderLibrary: Display: Logical shader library 'ContainerWithScreen' has been created as a monolithic library
[2026.06.12-12.52.36:521][  0]LogShaderLibrary: Display: Using IoDispatcher for shader code library MovePlayerInventory. Total 13 unique shaders.
[2026.06.12-12.52.36:521][  0]LogShaderLibrary: Display: Using IoDispatcher for shader code library SmallAwesomeSink. Total 11 unique shaders.
[2026.06.12-12.52.36:521][  0]LogShaderLibrary: Display: Cooked Context: Using Shared Shader Library MovePlayerInventory
[2026.06.12-12.52.36:522][  0]LogShaderLibrary: Display: Using IoDispatcher for shader code library SML. Total 11 unique shaders.
[2026.06.12-12.52.36:522][  0]LogShaderLibrary: Display: Logical shader library 'MovePlayerInventory' has been created as a monolithic library
[2026.06.12-12.52.36:522][  0]LogShaderLibrary: Display: Cooked Context: Using Shared Shader Library SmallAwesomeSink
[2026.06.12-12.52.36:522][  0]LogShaderLibrary: Display: Logical shader library 'SmallAwesomeSink' has been created as a monolithic library
[2026.06.12-12.52.36:522][  0]LogShaderLibrary: Display: Cooked Context: Using Shared Shader Library SML
[2026.06.12-12.52.36:522][  0]LogShaderLibrary: Display: Logical shader library 'SML' has been created as a monolithic library
[2026.06.12-12.52.36:522][  0]LogShaderLibrary: Display: Using IoDispatcher for shader code library MAMTips. Total 13 unique shaders.
[2026.06.12-12.52.36:522][  0]LogShaderLibrary: Display: Using IoDispatcher for shader code library minerplus. Total 231 unique shaders.
[2026.06.12-12.52.36:522][  0]LogShaderLibrary: Display: Using IoDispatcher for shader code library InfiniteNudge. Total 41 unique shaders.
[2026.06.12-12.52.36:522][  0]LogShaderLibrary: Display: Using IoDispatcher for shader code library SkyUI. Total 13 unique shaders.
[2026.06.12-12.52.36:522][  0]LogShaderLibrary: Display: Cooked Context: Using Shared Shader Library MAMTips
[2026.06.12-12.52.36:522][  0]LogShaderLibrary: Display: Cooked Context: Using Shared Shader Library SkyUI
[2026.06.12-12.52.36:522][  0]LogShaderLibrary: Display: Logical shader library 'MAMTips' has been created as a monolithic library
[2026.06.12-12.52.36:522][  0]LogShaderLibrary: Display: Logical shader library 'SkyUI' has been created as a monolithic library
[2026.06.12-12.52.36:522][  0]LogShaderLibrary: Display: Cooked Context: Using Shared Shader Library minerplus
[2026.06.12-12.52.36:522][  0]LogShaderLibrary: Display: Logical shader library 'minerplus' has been created as a monolithic library
[2026.06.12-12.52.36:522][  0]LogShaderLibrary: Display: Cooked Context: Using Shared Shader Library InfiniteNudge
[2026.06.12-12.52.36:522][  0]LogShaderLibrary: Display: Logical shader library 'InfiniteNudge' has been created as a monolithic library
[2026.06.12-12.52.36:522][  0]LogShaderLibrary: Display: Using IoDispatcher for shader code library UndergroundBelts. Total 65 unique shaders.
[2026.06.12-12.52.36:522][  0]LogShaderLibrary: Display: Cooked Context: Using Shared Shader Library UndergroundBelts
[2026.06.12-12.52.36:522][  0]LogShaderLibrary: Display: Logical shader library 'UndergroundBelts' has been created as a monolithic library
[2026.06.12-12.52.36:522][  0]LogShaderLibrary: Display: Using IoDispatcher for shader code library InfiniteZoop. Total 26 unique shaders.
[2026.06.12-12.52.36:522][  0]LogShaderLibrary: Display: Cooked Context: Using Shared Shader Library InfiniteZoop
[2026.06.12-12.52.36:522][  0]LogShaderLibrary: Display: Logical shader library 'InfiniteZoop' has been created as a monolithic library
[2026.06.12-12.52.36:535][  0]LogInit: XR: Instanced Stereo Rendering is Disabled
[2026.06.12-12.52.36:535][  0]LogInit: XR: MultiViewport is Disabled
[2026.06.12-12.52.36:535][  0]LogInit: XR: Mobile Multiview is Disabled
[2026.06.12-12.52.36:553][  0]LogSlate: Using FreeType 2.10.0
[2026.06.12-12.52.36:554][  0]LogSlate: SlateFontServices - WITH_FREETYPE: 1, WITH_HARFBUZZ: 1
[2026.06.12-12.52.36:566][  0]LogEOSSDK: LogEOS: [Boot] EOSSDK Version 1.18.1.2-47370208 booting at 2026-06-12T12:52:36.566Z using C
[2026.06.12-12.52.36:567][  0]LogEOSSDK: LogEOS: [Boot] EOSSDK Platform Configuration win64-dynamic-x86_64
[2026.06.12-12.52.36:567][  0]LogEOSSDK: LogEOS: [Boot] EOSSDK Platform Properties [OS=Windows/10.0.26100.8115.64bit, ClientId=02612880aa774fb28e3741d3e01501fd, ProductId=prod-crab, SandboxId=crab, DeploymentId=5aebeb30a7614270b4f40c0bc2fe7549, ProductName=FactoryGame, ProductVersion=++FactoryGame+rel-main-1.2.0-CL-493833, IsServer=false, Flags=None]
[2026.06.12-12.52.36:568][  0]LogEOSSDK: LogEOSAnalytics: Start Session (User: ...)
[2026.06.12-12.52.36:568][  0]LogEOSSDK: Warning: LogEOSOverlay: OverlayPath registry key not found
[2026.06.12-12.52.36:568][  0]LogEOSSDK: LogEOSOverlay: Overlay will not load, because the binary's path is not configured
[2026.06.12-12.52.36:568][  0]LogEOSSDK: Warning: LogEOSOverlay: Failed to initialize overlay module: PATH_NOT_CONFIGURED
[2026.06.12-12.52.36:568][  0]LogEOSSDK: Warning: LogEOSAuth: FAccountPortalBrowserManager::Init: Failed to register overlay: EOS_NotConfigured
[2026.06.12-12.52.36:568][  0]LogEOSSDK: Warning: LogEOSUI: Hot key event ignored because there are no known users.
[2026.06.12-12.52.36:573][  0]LogEOSSDK: LogEOSAntiCheat: [AntiCheatClient] Anti-cheat client not available. Verify that the game was started using the anti-cheat bootstrapper if you intend to use it.
[2026.06.12-12.52.36:573][  0]LogEOSSDK: LogEOSRTC: [Core] Initializing LibRTC...
[2026.06.12-12.52.36:574][  0]LogEOSSDK: LogEOS: SetApplicationStatus - OldStatus: EOS_AS_Foreground, NewStatus: EOS_AS_Foreground, Current Time: 0001.01.01-00.00.00
[2026.06.12-12.52.36:574][  0]LogEOSSDK: LogEOS: SetNetworkStatus - OldStatus: EOS_NS_Online, NewStatus: EOS_NS_Online
[2026.06.12-12.52.36:574][  0]LogEOSSDK: LogEOS: Updating Platform SDK Config, Time: 0.000033
[2026.06.12-12.52.36:577][  0]LogOnlineSchema: Parsed Schema definition: SchemaId: [LobbyBase], SchemaCompatabilityId: [0x5F1D9C43215C9EC6]
[2026.06.12-12.52.36:577][  0]LogOnlineServices: Warning: Missing bUseBuildIdOverride= in [OnlineServices] of DefaultEngine.ini
[2026.06.12-12.52.36:577][  0]LogOnlineServices: Warning: Missing BuildIdOverride= in [OnlineServices] of DefaultEngine.ini
[2026.06.12-12.52.36:577][  0]LogOnlineServices: 000002958761B9F0 Epic online services instance initialize
[2026.06.12-12.52.36:629][  0]LogXeSSModule: XeSS plugin version: 1, version name: 2.0.10
[2026.06.12-12.52.36:629][  0]LogXeSSRHI: Loading XeSS library 2.0.1 on AMD RHI Vulkan
[2026.06.12-12.52.36:632][  0]LogXeSSRHI: Intel XeSS effect supported
[2026.06.12-12.52.36:677][  0]LogXeSSModule: XeSS successfully initialized
[2026.06.12-12.52.36:680][  0]LogXeLLModule: Loaded XeLL SDK 1.1.0 on AMD RHI Vulkan
[2026.06.12-12.52.36:722][  0]LogXeFGRHIModule: Loaded XeFG SDK 1.1.0 on AMD RHI Vulkan
[2026.06.12-12.52.36:722][  0]LogXeFGRHIModule: XeFG not supported for current RHI: Vulkan
[2026.06.12-12.52.36:739][  0]LogVulkanRHI: Display: Queue Family 0: Supports Present
[2026.06.12-12.52.36:739][  0]LogVulkanRHI: Creating new VK swapchain with 0, 64, 0, num images 3
[2026.06.12-12.52.36:936][  0]LogShaderLibrary: Display: Using IoDispatcher for shader code library FactoryGame. Total 56475 unique shaders.
[2026.06.12-12.52.36:936][  0]LogShaderLibrary: Display: Cooked Context: Using Shared Shader Library FactoryGame
[2026.06.12-12.52.36:936][  0]LogShaderLibrary: Display: Logical shader library 'FactoryGame' has been created as a monolithic library
[2026.06.12-12.52.36:936][  0]LogShaderLibrary: Display: Tried to open again shader library 'FactoryGame', but could not find new components for it (existing components: 1).
[2026.06.12-12.52.36:936][  0]LogInit: Overriding language with engine language configuration option (ru).
[2026.06.12-12.52.36:936][  0]LogInit: Overriding language with engine locale configuration option (ru).
[2026.06.12-12.52.36:940][  0]LogTextLocalizationResource: LocRes '../../../FactoryGame/Content/Localization/Game/ru/Game.locres' could not be opened for reading!
[2026.06.12-12.52.36:940][  0]LogAssetRegistry: FAssetRegistry took 0.0001 seconds to start up
[2026.06.12-12.52.37:149][  0]LogStreaming: Display: FlushAsyncLoading(1): 1 QueuedPackages, 0 AsyncPackages
[2026.06.12-12.52.37:152][  0]LogFilePackageStore: Updated: NewPackages=33505, OldPackages=0, TotalPackages=33506
[2026.06.12-12.52.37:160][  0]LogDeviceProfileManager: Active device profile: [00007FF487D7F160][0000029596654930 66] Windows
[2026.06.12-12.52.37:227][  0]LogStringTable: Warning: Failed to find string table entry for 'Messages_UI' 'ConstructDisqualifiers/Generic/ThisShouldNeverBeSeen'. Did you forget to add a string table redirector?
[2026.06.12-12.52.37:243][  0]LogAudioCaptureCore: Display: No Audio Capture implementations found. Audio input will be silent.
[2026.06.12-12.52.37:243][  0]LogMetaSound: Display: MetaSound Page Target Initialized to 'Default'
[2026.06.12-12.52.37:262][  0]LogStringTable: Warning: Failed to find string table entry for 'Buildables_UI' 'Splitters/Smart/AddItem/AnyUndefined'. Did you forget to add a string table redirector?
[2026.06.12-12.52.37:262][  0]LogStringTable: Warning: Failed to find string table entry for 'Buildables_UI' 'Splitters/Smart/AddItem/AnyUndefined/Description'. Did you forget to add a string table redirector?
[2026.06.12-12.52.37:262][  0]LogStringTable: Warning: Failed to find string table entry for 'Units_UI' 'Meter/m/Pattern'. Did you forget to add a string table redirector?
[2026.06.12-12.52.37:262][  0]LogStringTable: Warning: Failed to find string table entry for 'Messages_UI' 'ConstructDisqualifiers/Generic/Initializing'. Did you forget to add a string table redirector?
[2026.06.12-12.52.37:262][  0]LogStringTable: Warning: Failed to find string table entry for 'Messages_UI' 'ConstructDisqualifiers/BuildMode/InvalidAimLocation'. Did you forget to add a string table redirector?
[2026.06.12-12.52.37:262][  0]LogStringTable: Warning: Failed to find string table entry for 'Messages_UI' 'ConstructDisqualifiers/BuildMode/CannotAfford'. Did you forget to add a string table redirector?
[2026.06.12-12.52.37:262][  0]LogStringTable: Warning: Failed to find string table entry for 'Messages_UI' 'ConstructDisqualifiers/BuildMode/InvalidPlacement'. Did you forget to add a string table redirector?
[2026.06.12-12.52.37:262][  0]LogStringTable: Warning: Failed to find string table entry for 'Messages_UI' 'ConstructDisqualifiers/BuildMode/Clearance'. Did you forget to add a string table redirector?
[2026.06.12-12.52.37:262][  0]LogStringTable: Warning: Failed to find string table entry for 'Messages_UI' 'ConstructDisqualifiers/BuildMode/OverlappingPossibleClipping'. Did you forget to add a string table redirector?
[2026.06.12-12.52.37:262][  0]LogStringTable: Warning: Failed to find string table entry for 'Messages_UI' 'ConstructDisqualifiers/BuildMode/PlayerInTheWay'. Did you forget to add a string table redirector?
[2026.06.12-12.52.37:262][  0]LogStringTable: Warning: Failed to find string table entry for 'Messages_UI' 'ConstructDisqualifiers/BuildMode/CreatureInTheWay'. Did you forget to add a string table redirector?
[2026.06.12-12.52.37:262][  0]LogStringTable: Warning: Failed to find string table entry for 'Messages_UI' 'ConstructDisqualifiers/BuildMode/VehicleInTheWay'. Did you forget to add a string table redirector?
[2026.06.12-12.52.37:262][  0]LogStringTable: Warning: Failed to find string table entry for 'Messages_UI' 'ConstructDisqualifiers/BuildMode/FloorTooSteep'. Did you forget to add a string table redirector?
[2026.06.12-12.52.37:262][  0]LogStringTable: Warning: Failed to find string table entry for 'Messages_UI' 'ConstructDisqualifiers/BuildMode/ThereCanBeOnlyOne'. Did you forget to add a string table redirector?
[2026.06.12-12.52.37:262][  0]LogStringTable: Warning: Failed to find string table entry for 'Messages_UI' 'ConstructDisqualifiers/BuildMode/RequiresSnapToFoundation'. Did you forget to add a string table redirector?
[2026.06.12-12.52.37:262][  0]LogStringTable: Warning: Failed to find string table entry for 'Messages_UI' 'ConstructDisqualifiers/BuildMode/RequiresSnapToWall'. Did you forget to add a string table redirector?
[2026.06.12-12.52.37:262][  0]LogStringTable: Warning: Failed to find string table entry for 'Messages_UI' 'ConstructDisqualifiers/BuildMode/RequiresSnapToRailroadTrack'. Did you forget to add a string table redirector?
[2026.06.12-12.52.37:262][  0]LogStringTable: Warning: Failed to find string table entry for 'Messages_UI' 'ConstructDisqualifiers/BuildMode/CeilingRequired'. Did you forget to add a string table redirector?
[2026.06.12-12.52.37:262][  0]LogStringTable: Warning: Failed to find string table entry for 'Messages_UI' 'ConstructDisqualifiers/BuildMode/CannotSnapToFoundation'. Did you forget to add a string table redirector?
[2026.06.12-12.52.37:262][  0]LogStringTable: Warning: Failed to find string table entry for 'Messages_UI' 'ConstructDisqualifiers/BuildMode/RequiresResourceNode'. Did you forget to add a string table redirector?
[2026.06.12-12.52.37:264][  0]LogStringTable: Warning: Failed to find string table entry for 'Messages_UI' 'ConstructDisqualifiers/Drones/RequiresSnapToPort'. Did you forget to add a string table redirector?
[2026.06.12-12.52.37:264][  0]LogStringTable: Warning: Failed to find string table entry for 'Messages_UI' 'ConstructDisqualifiers/Drones/PortOccupied'. Did you forget to add a string table redirector?
[2026.06.12-12.52.37:264][  0]LogStringTable: Warning: Failed to find string table entry for 'Messages_UI' 'ConstructDisqualifiers/Drones/AssignedToDronePort'. Did you forget to add a string table redirector?
[2026.06.12-12.52.37:264][  0]LogStringTable: Warning: Failed to find string table entry for 'Messages_UI' 'ConstructDisqualifiers/BuildMode/RequiresFrackingCoreNode'. Did you forget to add a string table redirector?
[2026.06.12-12.52.37:264][  0]LogStringTable: Warning: Failed to find string table entry for 'Messages_UI' 'ConstructDisqualifiers/BuildMode/RequiresFrackingSatelliteNode'. Did you forget to add a string table redirector?
[2026.06.12-12.52.37:264][  0]LogStringTable: Warning: Failed to find string table entry for 'Messages_UI' 'ConstructDisqualifiers/Resources/NodeOccupied'. Did you forget to add a string table redirector?
[2026.06.12-12.52.37:264][  0]LogStringTable: Warning: Failed to find string table entry for 'Messages_UI' 'ConstructDisqualifiers/Resources/NotDeepEnough'. Did you forget to add a string table redirector?
[2026.06.12-12.52.37:264][  0]LogStringTable: Warning: Failed to find string table entry for 'Messages_UI' 'ConstructDisqualifiers/BuildMode/RequiresDeepWater'. Did you forget to add a string table redirector?
[2026.06.12-12.52.37:264][  0]LogStringTable: Warning: Failed to find string table entry for 'Messages_UI' 'ConstructDisqualifiers/Resources/PlaceExtractorOnNode'. Did you forget to add a string table redirector?
[2026.06.12-12.52.37:264][  0]LogStringTable: Warning: Failed to find string table entry for 'Messages_UI' 'ConstructDisqualifiers/PowerLines/RequiresHookUpToConnection'. Did you forget to add a string table redirector?
[2026.06.12-12.52.37:264][  0]LogStringTable: Warning: Failed to find string table entry for 'Messages_UI' 'ConstructDisqualifiers/PowerLines/WireTooLong'. Did you forget to add a string table redirector?
[2026.06.12-12.52.37:264][  0]LogStringTable: Warning: Failed to find string table entry for 'Messages_UI' 'ConstructDisqualifiers/PowerLines/AlreadyConnected'. Did you forget to add a string table redirector?
[2026.06.12-12.52.37:264][  0]LogStringTable: Warning: Failed to find string table entry for 'Messages_UI' 'ConstructDisqualifiers/Signs/CannotSnap'. Did you forget to add a string table redirector?
[2026.06.12-12.52.37:264][  0]LogStringTable: Warning: Failed to find string table entry for 'Messages_UI' 'ConstructDisqualifiers/PowerLines/CantConnectMore'. Did you forget to add a string table redirector?
[2026.06.12-12.52.37:264][  0]LogStringTable: Warning: Failed to find string table entry for 'Messages_UI' 'ConstructDisqualifiers/Belts/SnapToConveyorPole'. Did you forget to add a string table redirector?
[2026.06.12-12.52.37:264][  0]LogStringTable: Warning: Failed to find string table entry for 'Messages_UI' 'ConstructDisqualifiers/Belts/TooLong'. Did you forget to add a string table redirector?
[2026.06.12-12.52.37:264][  0]LogStringTable: Warning: Failed to find string table entry for 'Messages_UI' 'ConstructDisqualifiers/Belts/TooShort'. Did you forget to add a string table redirector?
[2026.06.12-12.52.37:264][  0]LogStringTable: Warning: Failed to find string table entry for 'Messages_UI' 'ConstructDisqualifiers/Belts/TooSteep'. Did you forget to add a string table redirector?
[2026.06.12-12.52.37:264][  0]LogStringTable: Warning: Failed to find string table entry for 'Messages_UI' 'ConstructDisqualifiers/Belts/InvalidShape'. Did you forget to add a string table redirector?
[2026.06.12-12.52.37:264][  0]LogStringTable: Warning: Failed to find string table entry for 'Messages_UI' 'ConstructDisqualifiers/Belts/TooSharp'. Did you forget to add a string table redirector?
[2026.06.12-12.52.37:264][  0]LogStringTable: Warning: Failed to find string table entry for 'Messages_UI' 'ConstructDisqualifiers/BuildMode/RequiresRailroad'. Did you forget to add a string table redirector?
[2026.06.12-12.52.37:264][  0]LogStringTable: Warning: Failed to find string table entry for 'Messages_UI' 'ConstructDisqualifiers/RailroadTracks/NoSpace'. Did you forget to add a string table redirector?
[2026.06.12-12.52.37:264][  0]LogStringTable: Warning: Failed to find string table entry for 'Messages_UI' 'ConstructDisqualifiers/RailroadTracks/OtherSignal'. Did you forget to add a string table redirector?
[2026.06.12-12.52.37:264][  0]LogStringTable: Warning: Failed to find string table entry for 'Messages_UI' 'ConstructDisqualifiers/RailroadTracks/EndOfTrack'. Did you forget to add a string table redirector?
[2026.06.12-12.52.37:264][  0]LogStringTable: Warning: Failed to find string table entry for 'Messages_UI' 'ConstructDisqualifiers/BuildMode/SwitchTooClose'. Did you forget to add a string table redirector?
[2026.06.12-12.52.37:264][  0]LogStringTable: Warning: Failed to find string table entry for 'Messages_UI' 'ConstructDisqualifiers/BuildMode/SwitchPositionsTooMany'. Did you forget to add a string table redirector?
[2026.06.12-12.52.37:264][  0]LogStringTable: Warning: Failed to find string table entry for 'Messages_UI' 'ConstructDisqualifiers/RailroadTracks/RequiresPlacedInlineWithPlatform'. Did you forget to add a string table redirector?
[2026.06.12-12.52.37:264][  0]LogStringTable: Warning: Failed to find string table entry for 'Messages_UI' 'ConstructDisqualifiers/RailroadTracks/TooLong'. Did you forget to add a string table redirector?
[2026.06.12-12.52.37:264][  0]LogStringTable: Warning: Failed to find string table entry for 'Messages_UI' 'ConstructDisqualifiers/RailroadTracks/TooShort'. Did you forget to add a string table redirector?
[2026.06.12-12.52.37:264][  0]LogStringTable: Warning: Failed to find string table entry for 'Messages_UI' 'ConstructDisqualifiers/RailroadTracks/TooSteep'. Did you forget to add a string table redirector?
[2026.06.12-12.52.37:264][  0]LogStringTable: Warning: Failed to find string table entry for 'Messages_UI' 'ConstructDisqualifiers/RailroadTracks/TurnTooSharp'. Did you forget to add a string table redirector?
[2026.06.12-12.52.37:264][  0]LogStringTable: Warning: Failed to find string table entry for 'Messages_UI' 'ConstructDisqualifiers/Pipes/TooShort'. Did you forget to add a string table redirector?
[2026.06.12-12.52.37:264][  0]LogStringTable: Warning: Failed to find string table entry for 'Messages_UI' 'ConstructDisqualifiers/Pipes/TooLong'. Did you forget to add a string table redirector?
[2026.06.12-12.52.37:264][  0]LogStringTable: Warning: Failed to find string table entry for 'Messages_UI' 'ConstructDisqualifiers/Pipes/TooSharp'. Did you forget to add a string table redirector?
[2026.06.12-12.52.37:264][  0]LogStringTable: Warning: Failed to find string table entry for 'Messages_UI' 'ConstructDisqualifiers/Pipes/RequiresSnapToPipeSupport'. Did you forget to add a string table redirector?
[2026.06.12-12.52.37:264][  0]LogStringTable: Warning: Failed to find string table entry for 'Messages_UI' 'ConstructDisqualifiers/Pipes/DifferentFluids'. Did you forget to add a string table redirector?
[2026.06.12-12.52.37:264][  0]LogStringTable: Warning: Failed to find string table entry for 'Messages_UI' 'ConstructDisqualifiers/Pipes/InvalidShape'. Did you forget to add a string table redirector?
[2026.06.12-12.52.37:264][  0]LogStringTable: Warning: Failed to find string table entry for 'Messages_UI' 'ConstructDisqualifiers/Pipes/NoPath'. Did you forget to add a string table redirector?
[2026.06.12-12.52.37:264][  0]LogStringTable: Warning: Failed to find string table entry for 'Messages_UI' 'ConstructDisqualifiers/BuildMode/IdenticalBuildable'. Did you forget to add a string table redirector?
[2026.06.12-12.52.37:264][  0]LogStringTable: Warning: Failed to find string table entry for 'Messages_UI' 'ConstructDisqualifiers/BlueprintDesigner/CannotBePlaced'. Did you forget to add a string table redirector?
[2026.06.12-12.52.37:264][  0]LogStringTable: Warning: Failed to find string table entry for 'Messages_UI' 'ConstructDisqualifiers/BlueprintDesigner/Overlapping'. Did you forget to add a string table redirector?
[2026.06.12-12.52.37:264][  0]LogStringTable: Warning: Failed to find string table entry for 'Messages_UI' 'ConstructDisqualifiers/BlueprintDesigner/CannotConnect'. Did you forget to add a string table redirector?
[2026.06.12-12.52.37:264][  0]LogStringTable: Warning: Failed to find string table entry for 'Messages_UI' 'ConstructDisqualifiers/Upgrades/Invalid'. Did you forget to add a string table redirector?
[2026.06.12-12.52.37:264][  0]LogStringTable: Warning: Failed to find string table entry for 'Messages_UI' 'ConstructDisqualifiers/Customization/InvalidTarget'. Did you forget to add a string table redirector?
[2026.06.12-12.52.37:264][  0]LogStringTable: Warning: Failed to find string table entry for 'Messages_UI' 'ConstructDisqualifiers/Customization/AlreadyApplied'. Did you forget to add a string table redirector?
[2026.06.12-12.52.37:264][  0]LogStringTable: Warning: Failed to find string table entry for 'Messages_UI' 'ConstructDisqualifiers/DismantleMode/OccupiedBlueprintDesigner'. Did you forget to add a string table redirector?
[2026.06.12-12.52.37:264][  0]LogStringTable: Warning: Failed to find string table entry for 'Messages_UI' 'ConstructDisqualifiers/DismantleMode/OccupiedElevator'. Did you forget to add a string table redirector?
[2026.06.12-12.52.37:265][  0]LogStringTable: Warning: Failed to find string table entry for 'Messages_UI' 'ConstructDisqualifiers/DismantleMode/OccupiedTrainPlatform/TrainDocking'. Did you forget to add a string table redirector?
[2026.06.12-12.52.37:265][  0]LogStringTable: Warning: Failed to find string table entry for 'Messages_UI' 'ConstructDisqualifiers/DismantleMode/OccupiedTrainPlatform/VehiclesOnIt'. Did you forget to add a string table redirector?
[2026.06.12-12.52.37:265][  0]LogStringTable: Warning: Failed to find string table entry for 'Messages_UI' 'ConstructDisqualifiers/DismantleMode/OccupiedRailwaySegment'. Did you forget to add a string table redirector?
[2026.06.12-12.52.37:265][  0]LogStringTable: Warning: Failed to find string table entry for 'Messages_UI' 'ConstructDisqualifiers/DismantleMode/MovingVehicle'. Did you forget to add a string table redirector?
[2026.06.12-12.52.37:265][  0]LogStringTable: Warning: Failed to find string table entry for 'Messages_UI' 'ConstructDisqualifiers/DismantleMode/DockingVehicle'. Did you forget to add a string table redirector?
[2026.06.12-12.52.37:265][  0]LogStringTable: Warning: Failed to find string table entry for 'Messages_UI' 'ConstructDisqualifiers/DismantleMode/DerailedVehicle'. Did you forget to add a string table redirector?
[2026.06.12-12.52.37:265][  0]LogStringTable: Warning: Failed to find string table entry for 'Messages_UI' 'ConstructDisqualifiers/DismantleMode/OccupiedVehicle'. Did you forget to add a string table redirector?
[2026.06.12-12.52.37:265][  0]LogStringTable: Warning: Failed to find string table entry for 'Messages_UI' 'ConstructDisqualifiers/DismantleMode/UnopenedCrashSite'. Did you forget to add a string table redirector?
[2026.06.12-12.52.37:265][  0]LogStringTable: Warning: Failed to find string table entry for 'Messages_UI' 'ConstructDisqualifiers/DismantleMode/UnlootedCrashSite'. Did you forget to add a string table redirector?
[2026.06.12-12.52.37:265][  0]LogStringTable: Warning: Failed to find string table entry for 'Messages_UI' 'ConstructDisqualifiers/Elevator/RequiresSnapToElevator'. Did you forget to add a string table redirector?
[2026.06.12-12.52.37:265][  0]LogStringTable: Warning: Failed to find string table entry for 'Messages_UI' 'ConstructDisqualifiers/Elevator/MaxFloorStopCountReached'. Did you forget to add a string table redirector?
[2026.06.12-12.52.37:265][  0]LogStringTable: Warning: Failed to find string table entry for 'Messages_UI' 'ConstructDisqualifiers/Elevator/MaxElevatorHeight'. Did you forget to add a string table redirector?
[2026.06.12-12.52.37:266][  0]LogStringTable: Warning: Failed to find string table entry for 'Messages_UI' 'ConstructDisqualifiers/Elevator/ElevatorStopUpgradeMustChange'. Did you forget to add a string table redirector?
[2026.06.12-12.52.37:266][  0]LogStringTable: Warning: Failed to find string table entry for 'Messages_UI' 'ConstructDisqualifiers/Vehicles/InvalidDockingNodeElevation'. Did you forget to add a string table redirector?
[2026.06.12-12.52.37:266][  0]LogStringTable: Warning: Failed to find string table entry for 'Messages_UI' 'ConstructDisqualifiers/Vehicles/IncompatiblePath'. Did you forget to add a string table redirector?
[2026.06.12-12.52.37:267][  0]LogStats: UGameplayTagsManager::InitializeManager -  0.000 s
[2026.06.12-12.52.37:295][  0]LogStringTable: Warning: Failed to find string table entry for 'Player_UI' 'HUD/Compass/North'. Did you forget to add a string table redirector?
[2026.06.12-12.52.37:295][  0]LogStringTable: Warning: Failed to find string table entry for 'Player_UI' 'HUD/Compass/South'. Did you forget to add a string table redirector?
[2026.06.12-12.52.37:295][  0]LogStringTable: Warning: Failed to find string table entry for 'Player_UI' 'HUD/Compass/East'. Did you forget to add a string table redirector?
[2026.06.12-12.52.37:295][  0]LogStringTable: Warning: Failed to find string table entry for 'Player_UI' 'HUD/Compass/West'. Did you forget to add a string table redirector?
[2026.06.12-12.52.37:295][  0]LogStringTable: Warning: Failed to find string table entry for 'Buildables_UI' 'Splitters/Smart/AddItem/None'. Did you forget to add a string table redirector?
[2026.06.12-12.52.37:295][  0]LogStringTable: Warning: Failed to find string table entry for 'Buildables_UI' 'Splitters/Smart/AddItem/None/Description'. Did you forget to add a string table redirector?
[2026.06.12-12.52.37:296][  0]LogStringTable: Warning: Failed to find string table entry for 'Buildables_UI' 'Splitters/Smart/AddItem/Overflow'. Did you forget to add a string table redirector?
[2026.06.12-12.52.37:296][  0]LogStringTable: Warning: Failed to find string table entry for 'Buildables_UI' 'Splitters/Smart/AddItem/Overflow/Description'. Did you forget to add a string table redirector?
[2026.06.12-12.52.37:296][  0]LogStringTable: Warning: Failed to find string table entry for 'Messages_UI' 'Options/OfflinePlayer'. Did you forget to add a string table redirector?
[2026.06.12-12.52.37:298][  0]LogStringTable: Warning: Failed to find string table entry for 'Customization_Data' 'Categories/Standard'. Did you forget to add a string table redirector?
[2026.06.12-12.52.37:298][  0]LogStringTable: Warning: Failed to find string table entry for 'Customization_Data' 'Materials/Foundations/FICSIT'. Did you forget to add a string table redirector?
[2026.06.12-12.52.37:298][  0]LogStringTable: Warning: Failed to find string table entry for 'Customization_Data' 'Materials/Foundations/Concrete'. Did you forget to add a string table redirector?
[2026.06.12-12.52.37:298][  0]LogStringTable: Warning: Failed to find string table entry for 'Customization_Data' 'Materials/Foundations/CoatedConcrete'. Did you forget to add a string table redirector?
[2026.06.12-12.52.37:298][  0]LogStringTable: Warning: Failed to find string table entry for 'Customization_Data' 'Materials/Walls/Concrete'. Did you forget to add a string table redirector?
[2026.06.12-12.52.37:298][  0]LogStringTable: Warning: Failed to find string table entry for 'Customization_Data' 'Categories/Pipes'. Did you forget to add a string table redirector?
[2026.06.12-12.52.37:298][  0]LogStringTable: Warning: Failed to find string table entry for 'Customization_Data' 'Categories/Vehicles'. Did you forget to add a string table redirector?
[2026.06.12-12.52.37:298][  0]LogStringTable: Warning: Failed to find string table entry for 'ST_Options' 'QualityLow'. Did you forget to add a string table redirector?
[2026.06.12-12.52.37:298][  0]LogStringTable: Warning: Failed to find string table entry for 'ST_Options' 'QualityMedium'. Did you forget to add a string table redirector?
[2026.06.12-12.52.37:298][  0]LogStringTable: Warning: Failed to find string table entry for 'ST_Options' 'QualityHigh'. Did you forget to add a string table redirector?
[2026.06.12-12.52.37:298][  0]LogStringTable: Warning: Failed to find string table entry for 'ST_Options' 'QualityUltra'. Did you forget to add a string table redirector?
[2026.06.12-12.52.37:298][  0]LogStringTable: Warning: Failed to find string table entry for 'Buildables_UI' 'Splitters/Smart/AddItem/Any/Description'. Did you forget to add a string table redirector?
[2026.06.12-12.52.37:299][  0]LogPackageLocalizationCache: Processed 116 localized package path(s) for 1 prioritized culture(s) in 0.000217 seconds
[2026.06.12-12.52.37:312][  0]LogAudioCaptureCore: Display: No Audio Capture implementations found. Audio input will be silent.
[2026.06.12-12.52.37:325][  0]LogIris: FNetObjectFactoryRegistry::UnregisterFactory is unregistering factory: NetActorFactory name: NetActorFactory id: 0
[2026.06.12-12.52.37:325][  0]LogIris: FNetObjectFactoryRegistry::UnregisterFactory is unregistering factory: NetSubObjectFactory name: NetSubObjectFactory id: 1
[2026.06.12-12.52.37:337][  0]LogWwise: WwiseModule: Loading AkAudio
[2026.06.12-12.52.37:337][  0]LogLoad: Loading WwiseSoundEngine module: WwiseSoundEngine
[2026.06.12-12.52.37:337][  0]LogWwiseSoundEngine: Display: Loading Wwise SoundEngine 2023.1.14 (Integration 2023.1)
[2026.06.12-12.52.37:337][  0]LogAkAudio: FAkAudioModule::UpdateWwiseResourceLoaderSettings : Updating Resource Loader settings.
[2026.06.12-12.52.37:337][  0]LogLoad: Loading WwiseResourceLoader module: WwiseResourceLoader
[2026.06.12-12.52.37:337][  0]LogAkAudio: Wwise(R) SDK Version 2023.1.14 Build 8770 [Release(StaticCRT)]. (C) 2006-2025. Audiokinetic Inc. All rights reserved.
[2026.06.12-12.52.37:337][  0]LogLoad: Loading WwiseFileHandler module: WwiseFileHandler
[2026.06.12-12.52.37:337][  0]LogLoad: Loading WwiseProcessing module: WwiseProcessing
[2026.06.12-12.52.37:337][  0]LogWwiseProcessing: Display: Initializing default Processing.
[2026.06.12-12.52.37:337][  0]LogLoad: Loading WwiseSoundEngine module: WwiseSoundEngine
[2026.06.12-12.52.37:338][  0]LogLoad: Loading WwiseSoundEngine module: WwiseSoundEngine
[2026.06.12-12.52.37:338][  0]LogAkAudio: Wwise plug-in DLL path: C:/Program Files (x86)/Steam/steamapps/common/Satisfactory/Engine/Plugins/Wwise/ThirdParty/x64_vc170/Release/bin/
[2026.06.12-12.52.37:339][  0]LogAkAudio: Wwise SoundEngine successfully initialized.
[2026.06.12-12.52.37:339][  0]LogAkAudio: Initialization complete.
[2026.06.12-12.52.37:340][  0]LogAkAudio: Audiokinetic Audio Device initialized.
[2026.06.12-12.52.37:340][  0]LogLoad: Loading WwiseConcurrency module: WwiseConcurrency
[2026.06.12-12.52.37:340][  0]LogWwiseConcurrency: Display: Initializing default Concurrency.
[2026.06.12-12.52.37:340][  0]LogPakFile: New pak file ../../../FactoryGame/Content/Paks/FactoryGame-Windows.pak added to pak precacher.
[2026.06.12-12.52.37:422][  0]LogPakFile: Precache HighWater 16MB

[2026.06.12-12.52.37:431][  0]LogPakFile: Precache HighWater 32MB

[2026.06.12-12.52.37:482][  0]LogAkAudio: FAkAudioDevice::LoadDelayedObjects: Loading 4 delayed Wwise Objects after initialization.
[2026.06.12-12.52.37:541][  0]LogGauntlet: Display: Gauntlet Initialized
[2026.06.12-12.52.37:554][  0]LogSlate: Took 0.000649 seconds to synchronously load lazily loaded font '../../../Engine/Content/Slate/Fonts/Roboto-Bold.ttf' (160K)
[2026.06.12-12.52.37:560][  0]LogAudio: Display: Registering Engine Module Parameter Interfaces...
[2026.06.12-12.52.37:561][  0]LogMetaSound: MetaSound Engine Initialized
[2026.06.12-12.52.37:564][  0]LogWwiseNiagara: Display: Initializing default Niagara.
[2026.06.12-12.52.37:569][  0]LogCSLocTools: Deriving CSV String Table Root by combining Poject Content Dir [../../../FactoryGame/Content/] and Folder Path [Localization/StringTables]
[2026.06.12-12.52.37:569][  0]LogCSLocTools: Processing CSV String Table root [C:/Program Files (x86)/Steam/steamapps/common/Satisfactory/FactoryGame/Content/Localization/StringTables]
[2026.06.12-12.52.37:569][  0]LogCSLocTools: IterateDirectoryRecursively reached [../../../FactoryGame/Content/Localization/StringTables/Architecture_Data.csv]
[2026.06.12-12.52.37:569][  0]LogCSLocTools: IterateDirectoryRecursively reached (FullPath) [C:/Program Files (x86)/Steam/steamapps/common/Satisfactory/FactoryGame/Content/Localization/StringTables/Architecture_Data.csv]
[2026.06.12-12.52.37:569][  0]LogCSLocTools: Attempting to register CSV String Table with path [C:/Program Files (x86)/Steam/steamapps/common/Satisfactory/FactoryGame/Content/Localization/StringTables/Architecture_Data.csv] and root folder [C:/Program Files (x86)/Steam/steamapps/common/Satisfactory/FactoryGame/Content/Localization/StringTables]
[2026.06.12-12.52.37:569][  0]LogCSLocTools: Deriving CSV String Table ID: After removing root [Architecture_Data.csv]
[2026.06.12-12.52.37:569][  0]LogCSLocTools: Deriving CSV String Table ID: Final [Architecture_Data]
[2026.06.12-12.52.37:569][  0]LogCSLocTools: Registering CSV String Table Architecture_Data at Content/Localization/StringTables/Architecture_Data.csv
[2026.06.12-12.52.37:570][  0]LogCSLocTools: IterateDirectoryRecursively reached [../../../FactoryGame/Content/Localization/StringTables/AWESOME_Data.csv]
[2026.06.12-12.52.37:570][  0]LogCSLocTools: IterateDirectoryRecursively reached (FullPath) [C:/Program Files (x86)/Steam/steamapps/common/Satisfactory/FactoryGame/Content/Localization/StringTables/AWESOME_Data.csv]
[2026.06.12-12.52.37:570][  0]LogCSLocTools: Attempting to register CSV String Table with path [C:/Program Files (x86)/Steam/steamapps/common/Satisfactory/FactoryGame/Content/Localization/StringTables/AWESOME_Data.csv] and root folder [C:/Program Files (x86)/Steam/steamapps/common/Satisfactory/FactoryGame/Content/Localization/StringTables]
[2026.06.12-12.52.37:570][  0]LogCSLocTools: Deriving CSV String Table ID: After removing root [AWESOME_Data.csv]
[2026.06.12-12.52.37:570][  0]LogCSLocTools: Deriving CSV String Table ID: Final [AWESOME_Data]
[2026.06.12-12.52.37:570][  0]LogCSLocTools: Registering CSV String Table AWESOME_Data at Content/Localization/StringTables/AWESOME_Data.csv
[2026.06.12-12.52.37:570][  0]LogCSLocTools: IterateDirectoryRecursively reached [../../../FactoryGame/Content/Localization/StringTables/AWESOME_UI.csv]
[2026.06.12-12.52.37:570][  0]LogCSLocTools: IterateDirectoryRecursively reached (FullPath) [C:/Program Files (x86)/Steam/steamapps/common/Satisfactory/FactoryGame/Content/Localization/StringTables/AWESOME_UI.csv]
[2026.06.12-12.52.37:570][  0]LogCSLocTools: Attempting to register CSV String Table with path [C:/Program Files (x86)/Steam/steamapps/common/Satisfactory/FactoryGame/Content/Localization/StringTables/AWESOME_UI.csv] and root folder [C:/Program Files (x86)/Steam/steamapps/common/Satisfactory/FactoryGame/Content/Localization/StringTables]
[2026.06.12-12.52.37:570][  0]LogCSLocTools: Deriving CSV String Table ID: After removing root [AWESOME_UI.csv]
[2026.06.12-12.52.37:570][  0]LogCSLocTools: Deriving CSV String Table ID: Final [AWESOME_UI]
[2026.06.12-12.52.37:570][  0]LogCSLocTools: Registering CSV String Table AWESOME_UI at Content/Localization/StringTables/AWESOME_UI.csv
[2026.06.12-12.52.37:571][  0]LogCSLocTools: IterateDirectoryRecursively reached [../../../FactoryGame/Content/Localization/StringTables/Buildables_Data.csv]
[2026.06.12-12.52.37:571][  0]LogCSLocTools: IterateDirectoryRecursively reached (FullPath) [C:/Program Files (x86)/Steam/steamapps/common/Satisfactory/FactoryGame/Content/Localization/StringTables/Buildables_Data.csv]
[2026.06.12-12.52.37:571][  0]LogCSLocTools: Attempting to register CSV String Table with path [C:/Program Files (x86)/Steam/steamapps/common/Satisfactory/FactoryGame/Content/Localization/StringTables/Buildables_Data.csv] and root folder [C:/Program Files (x86)/Steam/steamapps/common/Satisfactory/FactoryGame/Content/Localization/StringTables]
[2026.06.12-12.52.37:571][  0]LogCSLocTools: Deriving CSV String Table ID: After removing root [Buildables_Data.csv]
[2026.06.12-12.52.37:571][  0]LogCSLocTools: Deriving CSV String Table ID: Final [Buildables_Data]
[2026.06.12-12.52.37:571][  0]LogCSLocTools: Registering CSV String Table Buildables_Data at Content/Localization/StringTables/Buildables_Data.csv
[2026.06.12-12.52.37:573][  0]LogCSLocTools: IterateDirectoryRecursively reached [../../../FactoryGame/Content/Localization/StringTables/Buildables_UI.csv]
[2026.06.12-12.52.37:573][  0]LogCSLocTools: IterateDirectoryRecursively reached (FullPath) [C:/Program Files (x86)/Steam/steamapps/common/Satisfactory/FactoryGame/Content/Localization/StringTables/Buildables_UI.csv]
[2026.06.12-12.52.37:573][  0]LogCSLocTools: Attempting to register CSV String Table with path [C:/Program Files (x86)/Steam/steamapps/common/Satisfactory/FactoryGame/Content/Localization/StringTables/Buildables_UI.csv] and root folder [C:/Program Files (x86)/Steam/steamapps/common/Satisfactory/FactoryGame/Content/Localization/StringTables]
[2026.06.12-12.52.37:573][  0]LogCSLocTools: Deriving CSV String Table ID: After removing root [Buildables_UI.csv]
[2026.06.12-12.52.37:573][  0]LogCSLocTools: Deriving CSV String Table ID: Final [Buildables_UI]
[2026.06.12-12.52.37:573][  0]LogCSLocTools: Registering CSV String Table Buildables_UI at Content/Localization/StringTables/Buildables_UI.csv
[2026.06.12-12.52.37:574][  0]LogCSLocTools: IterateDirectoryRecursively reached [../../../FactoryGame/Content/Localization/StringTables/Codex_UI.csv]
[2026.06.12-12.52.37:574][  0]LogCSLocTools: IterateDirectoryRecursively reached (FullPath) [C:/Program Files (x86)/Steam/steamapps/common/Satisfactory/FactoryGame/Content/Localization/StringTables/Codex_UI.csv]
[2026.06.12-12.52.37:574][  0]LogCSLocTools: Attempting to register CSV String Table with path [C:/Program Files (x86)/Steam/steamapps/common/Satisfactory/FactoryGame/Content/Localization/StringTables/Codex_UI.csv] and root folder [C:/Program Files (x86)/Steam/steamapps/common/Satisfactory/FactoryGame/Content/Localization/StringTables]
[2026.06.12-12.52.37:574][  0]LogCSLocTools: Deriving CSV String Table ID: After removing root [Codex_UI.csv]
[2026.06.12-12.52.37:574][  0]LogCSLocTools: Deriving CSV String Table ID: Final [Codex_UI]
[2026.06.12-12.52.37:574][  0]LogCSLocTools: Registering CSV String Table Codex_UI at Content/Localization/StringTables/Codex_UI.csv
[2026.06.12-12.52.37:575][  0]LogCSLocTools: IterateDirectoryRecursively reached [../../../FactoryGame/Content/Localization/StringTables/Credits_UI.csv]
[2026.06.12-12.52.37:575][  0]LogCSLocTools: IterateDirectoryRecursively reached (FullPath) [C:/Program Files (x86)/Steam/steamapps/common/Satisfactory/FactoryGame/Content/Localization/StringTables/Credits_UI.csv]
[2026.06.12-12.52.37:575][  0]LogCSLocTools: Attempting to register CSV String Table with path [C:/Program Files (x86)/Steam/steamapps/common/Satisfactory/FactoryGame/Content/Localization/StringTables/Credits_UI.csv] and root folder [C:/Program Files (x86)/Steam/steamapps/common/Satisfactory/FactoryGame/Content/Localization/StringTables]
[2026.06.12-12.52.37:575][  0]LogCSLocTools: Deriving CSV String Table ID: After removing root [Credits_UI.csv]
[2026.06.12-12.52.37:575][  0]LogCSLocTools: Deriving CSV String Table ID: Final [Credits_UI]
[2026.06.12-12.52.37:575][  0]LogCSLocTools: Registering CSV String Table Credits_UI at Content/Localization/StringTables/Credits_UI.csv
[2026.06.12-12.52.37:575][  0]LogCSLocTools: IterateDirectoryRecursively reached [../../../FactoryGame/Content/Localization/StringTables/Customization_Data.csv]
[2026.06.12-12.52.37:575][  0]LogCSLocTools: IterateDirectoryRecursively reached (FullPath) [C:/Program Files (x86)/Steam/steamapps/common/Satisfactory/FactoryGame/Content/Localization/StringTables/Customization_Data.csv]
[2026.06.12-12.52.37:575][  0]LogCSLocTools: Attempting to register CSV String Table with path [C:/Program Files (x86)/Steam/steamapps/common/Satisfactory/FactoryGame/Content/Localization/StringTables/Customization_Data.csv] and root folder [C:/Program Files (x86)/Steam/steamapps/common/Satisfactory/FactoryGame/Content/Localization/StringTables]
[2026.06.12-12.52.37:575][  0]LogCSLocTools: Deriving CSV String Table ID: After removing root [Customization_Data.csv]
[2026.06.12-12.52.37:575][  0]LogCSLocTools: Deriving CSV String Table ID: Final [Customization_Data]
[2026.06.12-12.52.37:575][  0]LogCSLocTools: Registering CSV String Table Customization_Data at Content/Localization/StringTables/Customization_Data.csv
[2026.06.12-12.52.37:575][  0]LogCSLocTools: IterateDirectoryRecursively reached [../../../FactoryGame/Content/Localization/StringTables/Customization_UI.csv]
[2026.06.12-12.52.37:575][  0]LogCSLocTools: IterateDirectoryRecursively reached (FullPath) [C:/Program Files (x86)/Steam/steamapps/common/Satisfactory/FactoryGame/Content/Localization/StringTables/Customization_UI.csv]
[2026.06.12-12.52.37:575][  0]LogCSLocTools: Attempting to register CSV String Table with path [C:/Program Files (x86)/Steam/steamapps/common/Satisfactory/FactoryGame/Content/Localization/StringTables/Customization_UI.csv] and root folder [C:/Program Files (x86)/Steam/steamapps/common/Satisfactory/FactoryGame/Content/Localization/StringTables]
[2026.06.12-12.52.37:575][  0]LogCSLocTools: Deriving CSV String Table ID: After removing root [Customization_UI.csv]
[2026.06.12-12.52.37:575][  0]LogCSLocTools: Deriving CSV String Table ID: Final [Customization_UI]
[2026.06.12-12.52.37:575][  0]LogCSLocTools: Registering CSV String Table Customization_UI at Content/Localization/StringTables/Customization_UI.csv
[2026.06.12-12.52.37:575][  0]LogCSLocTools: IterateDirectoryRecursively reached [../../../FactoryGame/Content/Localization/StringTables/Emotes_Data.csv]
[2026.06.12-12.52.37:575][  0]LogCSLocTools: IterateDirectoryRecursively reached (FullPath) [C:/Program Files (x86)/Steam/steamapps/common/Satisfactory/FactoryGame/Content/Localization/StringTables/Emotes_Data.csv]
[2026.06.12-12.52.37:575][  0]LogCSLocTools: Attempting to register CSV String Table with path [C:/Program Files (x86)/Steam/steamapps/common/Satisfactory/FactoryGame/Content/Localization/StringTables/Emotes_Data.csv] and root folder [C:/Program Files (x86)/Steam/steamapps/common/Satisfactory/FactoryGame/Content/Localization/StringTables]
[2026.06.12-12.52.37:575][  0]LogCSLocTools: Deriving CSV String Table ID: After removing root [Emotes_Data.csv]
[2026.06.12-12.52.37:575][  0]LogCSLocTools: Deriving CSV String Table ID: Final [Emotes_Data]
[2026.06.12-12.52.37:575][  0]LogCSLocTools: Registering CSV String Table Emotes_Data at Content/Localization/StringTables/Emotes_Data.csv
[2026.06.12-12.52.37:575][  0]LogCSLocTools: IterateDirectoryRecursively reached [../../../FactoryGame/Content/Localization/StringTables/Equipment_Data.csv]
[2026.06.12-12.52.37:575][  0]LogCSLocTools: IterateDirectoryRecursively reached (FullPath) [C:/Program Files (x86)/Steam/steamapps/common/Satisfactory/FactoryGame/Content/Localization/StringTables/Equipment_Data.csv]
[2026.06.12-12.52.37:575][  0]LogCSLocTools: Attempting to register CSV String Table with path [C:/Program Files (x86)/Steam/steamapps/common/Satisfactory/FactoryGame/Content/Localization/StringTables/Equipment_Data.csv] and root folder [C:/Program Files (x86)/Steam/steamapps/common/Satisfactory/FactoryGame/Content/Localization/StringTables]
[2026.06.12-12.52.37:575][  0]LogCSLocTools: Deriving CSV String Table ID: After removing root [Equipment_Data.csv]
[2026.06.12-12.52.37:575][  0]LogCSLocTools: Deriving CSV String Table ID: Final [Equipment_Data]
[2026.06.12-12.52.37:575][  0]LogCSLocTools: Registering CSV String Table Equipment_Data at Content/Localization/StringTables/Equipment_Data.csv
[2026.06.12-12.52.37:576][  0]LogCSLocTools: IterateDirectoryRecursively reached [../../../FactoryGame/Content/Localization/StringTables/FICSMAS_Data.csv]
[2026.06.12-12.52.37:576][  0]LogCSLocTools: IterateDirectoryRecursively reached (FullPath) [C:/Program Files (x86)/Steam/steamapps/common/Satisfactory/FactoryGame/Content/Localization/StringTables/FICSMAS_Data.csv]
[2026.06.12-12.52.37:576][  0]LogCSLocTools: Attempting to register CSV String Table with path [C:/Program Files (x86)/Steam/steamapps/common/Satisfactory/FactoryGame/Content/Localization/StringTables/FICSMAS_Data.csv] and root folder [C:/Program Files (x86)/Steam/steamapps/common/Satisfactory/FactoryGame/Content/Localization/StringTables]
[2026.06.12-12.52.37:576][  0]LogCSLocTools: Deriving CSV String Table ID: After removing root [FICSMAS_Data.csv]
[2026.06.12-12.52.37:576][  0]LogCSLocTools: Deriving CSV String Table ID: Final [FICSMAS_Data]
[2026.06.12-12.52.37:576][  0]LogCSLocTools: Registering CSV String Table FICSMAS_Data at Content/Localization/StringTables/FICSMAS_Data.csv
[2026.06.12-12.52.37:576][  0]LogCSLocTools: IterateDirectoryRecursively reached [../../../FactoryGame/Content/Localization/StringTables/FICSMAS_UI.csv]
[2026.06.12-12.52.37:576][  0]LogCSLocTools: IterateDirectoryRecursively reached (FullPath) [C:/Program Files (x86)/Steam/steamapps/common/Satisfactory/FactoryGame/Content/Localization/StringTables/FICSMAS_UI.csv]
[2026.06.12-12.52.37:576][  0]LogCSLocTools: Attempting to register CSV String Table with path [C:/Program Files (x86)/Steam/steamapps/common/Satisfactory/FactoryGame/Content/Localization/StringTables/FICSMAS_UI.csv] and root folder [C:/Program Files (x86)/Steam/steamapps/common/Satisfactory/FactoryGame/Content/Localization/StringTables]
[2026.06.12-12.52.37:576][  0]LogCSLocTools: Deriving CSV String Table ID: After removing root [FICSMAS_UI.csv]
[2026.06.12-12.52.37:576][  0]LogCSLocTools: Deriving CSV String Table ID: Final [FICSMAS_UI]
[2026.06.12-12.52.37:576][  0]LogCSLocTools: Registering CSV String Table FICSMAS_UI at Content/Localization/StringTables/FICSMAS_UI.csv
[2026.06.12-12.52.37:576][  0]LogCSLocTools: IterateDirectoryRecursively reached [../../../FactoryGame/Content/Localization/StringTables/Gamepads_UI.csv]
[2026.06.12-12.52.37:576][  0]LogCSLocTools: IterateDirectoryRecursively reached (FullPath) [C:/Program Files (x86)/Steam/steamapps/common/Satisfactory/FactoryGame/Content/Localization/StringTables/Gamepads_UI.csv]
[2026.06.12-12.52.37:576][  0]LogCSLocTools: Attempting to register CSV String Table with path [C:/Program Files (x86)/Steam/steamapps/common/Satisfactory/FactoryGame/Content/Localization/StringTables/Gamepads_UI.csv] and root folder [C:/Program Files (x86)/Steam/steamapps/common/Satisfactory/FactoryGame/Content/Localization/StringTables]
[2026.06.12-12.52.37:576][  0]LogCSLocTools: Deriving CSV String Table ID: After removing root [Gamepads_UI.csv]
[2026.06.12-12.52.37:576][  0]LogCSLocTools: Deriving CSV String Table ID: Final [Gamepads_UI]
[2026.06.12-12.52.37:576][  0]LogCSLocTools: Registering CSV String Table Gamepads_UI at Content/Localization/StringTables/Gamepads_UI.csv
[2026.06.12-12.52.37:577][  0]LogCSLocTools: IterateDirectoryRecursively reached [../../../FactoryGame/Content/Localization/StringTables/GamepadsMappings_UI.csv]
[2026.06.12-12.52.37:577][  0]LogCSLocTools: IterateDirectoryRecursively reached (FullPath) [C:/Program Files (x86)/Steam/steamapps/common/Satisfactory/FactoryGame/Content/Localization/StringTables/GamepadsMappings_UI.csv]
[2026.06.12-12.52.37:577][  0]LogCSLocTools: Attempting to register CSV String Table with path [C:/Program Files (x86)/Steam/steamapps/common/Satisfactory/FactoryGame/Content/Localization/StringTables/GamepadsMappings_UI.csv] and root folder [C:/Program Files (x86)/Steam/steamapps/common/Satisfactory/FactoryGame/Content/Localization/StringTables]
[2026.06.12-12.52.37:577][  0]LogCSLocTools: Deriving CSV String Table ID: After removing root [GamepadsMappings_UI.csv]
[2026.06.12-12.52.37:577][  0]LogCSLocTools: Deriving CSV String Table ID: Final [GamepadsMappings_UI]
[2026.06.12-12.52.37:577][  0]LogCSLocTools: Registering CSV String Table GamepadsMappings_UI at Content/Localization/StringTables/GamepadsMappings_UI.csv
[2026.06.12-12.52.37:577][  0]LogCSLocTools: IterateDirectoryRecursively reached [../../../FactoryGame/Content/Localization/StringTables/General_UI.csv]
[2026.06.12-12.52.37:577][  0]LogCSLocTools: IterateDirectoryRecursively reached (FullPath) [C:/Program Files (x86)/Steam/steamapps/common/Satisfactory/FactoryGame/Content/Localization/StringTables/General_UI.csv]
[2026.06.12-12.52.37:577][  0]LogCSLocTools: Attempting to register CSV String Table with path [C:/Program Files (x86)/Steam/steamapps/common/Satisfactory/FactoryGame/Content/Localization/StringTables/General_UI.csv] and root folder [C:/Program Files (x86)/Steam/steamapps/common/Satisfactory/FactoryGame/Content/Localization/StringTables]
[2026.06.12-12.52.37:577][  0]LogCSLocTools: Deriving CSV String Table ID: After removing root [General_UI.csv]
[2026.06.12-12.52.37:577][  0]LogCSLocTools: Deriving CSV String Table ID: Final [General_UI]
[2026.06.12-12.52.37:577][  0]LogCSLocTools: Registering CSV String Table General_UI at Content/Localization/StringTables/General_UI.csv
[2026.06.12-12.52.37:578][  0]LogCSLocTools: IterateDirectoryRecursively reached [../../../FactoryGame/Content/Localization/StringTables/HUB_UI.csv]
[2026.06.12-12.52.37:578][  0]LogCSLocTools: IterateDirectoryRecursively reached (FullPath) [C:/Program Files (x86)/Steam/steamapps/common/Satisfactory/FactoryGame/Content/Localization/StringTables/HUB_UI.csv]
[2026.06.12-12.52.37:578][  0]LogCSLocTools: Attempting to register CSV String Table with path [C:/Program Files (x86)/Steam/steamapps/common/Satisfactory/FactoryGame/Content/Localization/StringTables/HUB_UI.csv] and root folder [C:/Program Files (x86)/Steam/steamapps/common/Satisfactory/FactoryGame/Content/Localization/StringTables]
[2026.06.12-12.52.37:578][  0]LogCSLocTools: Deriving CSV String Table ID: After removing root [HUB_UI.csv]
[2026.06.12-12.52.37:578][  0]LogCSLocTools: Deriving CSV String Table ID: Final [HUB_UI]
[2026.06.12-12.52.37:578][  0]LogCSLocTools: Registering CSV String Table HUB_UI at Content/Localization/StringTables/HUB_UI.csv
[2026.06.12-12.52.37:578][  0]LogCSLocTools: IterateDirectoryRecursively reached [../../../FactoryGame/Content/Localization/StringTables/IconLibrary_Data.csv]
[2026.06.12-12.52.37:578][  0]LogCSLocTools: IterateDirectoryRecursively reached (FullPath) [C:/Program Files (x86)/Steam/steamapps/common/Satisfactory/FactoryGame/Content/Localization/StringTables/IconLibrary_Data.csv]
[2026.06.12-12.52.37:578][  0]LogCSLocTools: Attempting to register CSV String Table with path [C:/Program Files (x86)/Steam/steamapps/common/Satisfactory/FactoryGame/Content/Localization/StringTables/IconLibrary_Data.csv] and root folder [C:/Program Files (x86)/Steam/steamapps/common/Satisfactory/FactoryGame/Content/Localization/StringTables]
[2026.06.12-12.52.37:578][  0]LogCSLocTools: Deriving CSV String Table ID: After removing root [IconLibrary_Data.csv]
[2026.06.12-12.52.37:578][  0]LogCSLocTools: Deriving CSV String Table ID: Final [IconLibrary_Data]
[2026.06.12-12.52.37:578][  0]LogCSLocTools: Registering CSV String Table IconLibrary_Data at Content/Localization/StringTables/IconLibrary_Data.csv
[2026.06.12-12.52.37:578][  0]LogCSLocTools: IterateDirectoryRecursively reached [../../../FactoryGame/Content/Localization/StringTables/Items_Data.csv]
[2026.06.12-12.52.37:578][  0]LogCSLocTools: IterateDirectoryRecursively reached (FullPath) [C:/Program Files (x86)/Steam/steamapps/common/Satisfactory/FactoryGame/Content/Localization/StringTables/Items_Data.csv]
[2026.06.12-12.52.37:578][  0]LogCSLocTools: Attempting to register CSV String Table with path [C:/Program Files (x86)/Steam/steamapps/common/Satisfactory/FactoryGame/Content/Localization/StringTables/Items_Data.csv] and root folder [C:/Program Files (x86)/Steam/steamapps/common/Satisfactory/FactoryGame/Content/Localization/StringTables]
[2026.06.12-12.52.37:578][  0]LogCSLocTools: Deriving CSV String Table ID: After removing root [Items_Data.csv]
[2026.06.12-12.52.37:578][  0]LogCSLocTools: Deriving CSV String Table ID: Final [Items_Data]
[2026.06.12-12.52.37:578][  0]LogCSLocTools: Registering CSV String Table Items_Data at Content/Localization/StringTables/Items_Data.csv
[2026.06.12-12.52.37:580][  0]LogCSLocTools: IterateDirectoryRecursively reached [../../../FactoryGame/Content/Localization/StringTables/MAM_Data.csv]
[2026.06.12-12.52.37:580][  0]LogCSLocTools: IterateDirectoryRecursively reached (FullPath) [C:/Program Files (x86)/Steam/steamapps/common/Satisfactory/FactoryGame/Content/Localization/StringTables/MAM_Data.csv]
[2026.06.12-12.52.37:580][  0]LogCSLocTools: Attempting to register CSV String Table with path [C:/Program Files (x86)/Steam/steamapps/common/Satisfactory/FactoryGame/Content/Localization/StringTables/MAM_Data.csv] and root folder [C:/Program Files (x86)/Steam/steamapps/common/Satisfactory/FactoryGame/Content/Localization/StringTables]
[2026.06.12-12.52.37:580][  0]LogCSLocTools: Deriving CSV String Table ID: After removing root [MAM_Data.csv]
[2026.06.12-12.52.37:580][  0]LogCSLocTools: Deriving CSV String Table ID: Final [MAM_Data]
[2026.06.12-12.52.37:580][  0]LogCSLocTools: Registering CSV String Table MAM_Data at Content/Localization/StringTables/MAM_Data.csv
[2026.06.12-12.52.37:580][  0]LogCSLocTools: IterateDirectoryRecursively reached [../../../FactoryGame/Content/Localization/StringTables/MAM_UI.csv]
[2026.06.12-12.52.37:580][  0]LogCSLocTools: IterateDirectoryRecursively reached (FullPath) [C:/Program Files (x86)/Steam/steamapps/common/Satisfactory/FactoryGame/Content/Localization/StringTables/MAM_UI.csv]
[2026.06.12-12.52.37:580][  0]LogCSLocTools: Attempting to register CSV String Table with path [C:/Program Files (x86)/Steam/steamapps/common/Satisfactory/FactoryGame/Content/Localization/StringTables/MAM_UI.csv] and root folder [C:/Program Files (x86)/Steam/steamapps/common/Satisfactory/FactoryGame/Content/Localization/StringTables]
[2026.06.12-12.52.37:580][  0]LogCSLocTools: Deriving CSV String Table ID: After removing root [MAM_UI.csv]
[2026.06.12-12.52.37:580][  0]LogCSLocTools: Deriving CSV String Table ID: Final [MAM_UI]
[2026.06.12-12.52.37:580][  0]LogCSLocTools: Registering CSV String Table MAM_UI at Content/Localization/StringTables/MAM_UI.csv
[2026.06.12-12.52.37:581][  0]LogCSLocTools: IterateDirectoryRecursively reached [../../../FactoryGame/Content/Localization/StringTables/Map_UI.csv]
[2026.06.12-12.52.37:581][  0]LogCSLocTools: IterateDirectoryRecursively reached (FullPath) [C:/Program Files (x86)/Steam/steamapps/common/Satisfactory/FactoryGame/Content/Localization/StringTables/Map_UI.csv]
[2026.06.12-12.52.37:581][  0]LogCSLocTools: Attempting to register CSV String Table with path [C:/Program Files (x86)/Steam/steamapps/common/Satisfactory/FactoryGame/Content/Localization/StringTables/Map_UI.csv] and root folder [C:/Program Files (x86)/Steam/steamapps/common/Satisfactory/FactoryGame/Content/Localization/StringTables]
[2026.06.12-12.52.37:581][  0]LogCSLocTools: Deriving CSV String Table ID: After removing root [Map_UI.csv]
[2026.06.12-12.52.37:581][  0]LogCSLocTools: Deriving CSV String Table ID: Final [Map_UI]
[2026.06.12-12.52.37:581][  0]LogCSLocTools: Registering CSV String Table Map_UI at Content/Localization/StringTables/Map_UI.csv
[2026.06.12-12.52.37:581][  0]LogCSLocTools: IterateDirectoryRecursively reached [../../../FactoryGame/Content/Localization/StringTables/Menus_UI.csv]
[2026.06.12-12.52.37:581][  0]LogCSLocTools: IterateDirectoryRecursively reached (FullPath) [C:/Program Files (x86)/Steam/steamapps/common/Satisfactory/FactoryGame/Content/Localization/StringTables/Menus_UI.csv]
[2026.06.12-12.52.37:581][  0]LogCSLocTools: Attempting to register CSV String Table with path [C:/Program Files (x86)/Steam/steamapps/common/Satisfactory/FactoryGame/Content/Localization/StringTables/Menus_UI.csv] and root folder [C:/Program Files (x86)/Steam/steamapps/common/Satisfactory/FactoryGame/Content/Localization/StringTables]
[2026.06.12-12.52.37:581][  0]LogCSLocTools: Deriving CSV String Table ID: After removing root [Menus_UI.csv]
[2026.06.12-12.52.37:581][  0]LogCSLocTools: Deriving CSV String Table ID: Final [Menus_UI]
[2026.06.12-12.52.37:581][  0]LogCSLocTools: Registering CSV String Table Menus_UI at Content/Localization/StringTables/Menus_UI.csv
[2026.06.12-12.52.37:584][  0]LogCSLocTools: IterateDirectoryRecursively reached [../../../FactoryGame/Content/Localization/StringTables/Messages_UI.csv]
[2026.06.12-12.52.37:584][  0]LogCSLocTools: IterateDirectoryRecursively reached (FullPath) [C:/Program Files (x86)/Steam/steamapps/common/Satisfactory/FactoryGame/Content/Localization/StringTables/Messages_UI.csv]
[2026.06.12-12.52.37:584][  0]LogCSLocTools: Attempting to register CSV String Table with path [C:/Program Files (x86)/Steam/steamapps/common/Satisfactory/FactoryGame/Content/Localization/StringTables/Messages_UI.csv] and root folder [C:/Program Files (x86)/Steam/steamapps/common/Satisfactory/FactoryGame/Content/Localization/StringTables]
[2026.06.12-12.52.37:584][  0]LogCSLocTools: Deriving CSV String Table ID: After removing root [Messages_UI.csv]
[2026.06.12-12.52.37:584][  0]LogCSLocTools: Deriving CSV String Table ID: Final [Messages_UI]
[2026.06.12-12.52.37:584][  0]LogCSLocTools: Registering CSV String Table Messages_UI at Content/Localization/StringTables/Messages_UI.csv
[2026.06.12-12.52.37:585][  0]LogCSLocTools: IterateDirectoryRecursively reached [../../../FactoryGame/Content/Localization/StringTables/Minigame_UI.csv]
[2026.06.12-12.52.37:585][  0]LogCSLocTools: IterateDirectoryRecursively reached (FullPath) [C:/Program Files (x86)/Steam/steamapps/common/Satisfactory/FactoryGame/Content/Localization/StringTables/Minigame_UI.csv]
[2026.06.12-12.52.37:585][  0]LogCSLocTools: Attempting to register CSV String Table with path [C:/Program Files (x86)/Steam/steamapps/common/Satisfactory/FactoryGame/Content/Localization/StringTables/Minigame_UI.csv] and root folder [C:/Program Files (x86)/Steam/steamapps/common/Satisfactory/FactoryGame/Content/Localization/StringTables]
[2026.06.12-12.52.37:585][  0]LogCSLocTools: Deriving CSV String Table ID: After removing root [Minigame_UI.csv]
[2026.06.12-12.52.37:585][  0]LogCSLocTools: Deriving CSV String Table ID: Final [Minigame_UI]
[2026.06.12-12.52.37:585][  0]LogCSLocTools: Registering CSV String Table Minigame_UI at Content/Localization/StringTables/Minigame_UI.csv
[2026.06.12-12.52.37:585][  0]LogCSLocTools: IterateDirectoryRecursively reached [../../../FactoryGame/Content/Localization/StringTables/Onboarding.csv]
[2026.06.12-12.52.37:585][  0]LogCSLocTools: IterateDirectoryRecursively reached (FullPath) [C:/Program Files (x86)/Steam/steamapps/common/Satisfactory/FactoryGame/Content/Localization/StringTables/Onboarding.csv]
[2026.06.12-12.52.37:585][  0]LogCSLocTools: Attempting to register CSV String Table with path [C:/Program Files (x86)/Steam/steamapps/common/Satisfactory/FactoryGame/Content/Localization/StringTables/Onboarding.csv] and root folder [C:/Program Files (x86)/Steam/steamapps/common/Satisfactory/FactoryGame/Content/Localization/StringTables]
[2026.06.12-12.52.37:585][  0]LogCSLocTools: Deriving CSV String Table ID: After removing root [Onboarding.csv]
[2026.06.12-12.52.37:585][  0]LogCSLocTools: Deriving CSV String Table ID: Final [Onboarding]
[2026.06.12-12.52.37:585][  0]LogCSLocTools: Registering CSV String Table Onboarding at Content/Localization/StringTables/Onboarding.csv
[2026.06.12-12.52.37:585][  0]LogCSLocTools: IterateDirectoryRecursively reached [../../../FactoryGame/Content/Localization/StringTables/Options_Data.csv]
[2026.06.12-12.52.37:585][  0]LogCSLocTools: IterateDirectoryRecursively reached (FullPath) [C:/Program Files (x86)/Steam/steamapps/common/Satisfactory/FactoryGame/Content/Localization/StringTables/Options_Data.csv]
[2026.06.12-12.52.37:585][  0]LogCSLocTools: Attempting to register CSV String Table with path [C:/Program Files (x86)/Steam/steamapps/common/Satisfactory/FactoryGame/Content/Localization/StringTables/Options_Data.csv] and root folder [C:/Program Files (x86)/Steam/steamapps/common/Satisfactory/FactoryGame/Content/Localization/StringTables]
[2026.06.12-12.52.37:585][  0]LogCSLocTools: Deriving CSV String Table ID: After removing root [Options_Data.csv]
[2026.06.12-12.52.37:585][  0]LogCSLocTools: Deriving CSV String Table ID: Final [Options_Data]
[2026.06.12-12.52.37:585][  0]LogCSLocTools: Registering CSV String Table Options_Data at Content/Localization/StringTables/Options_Data.csv
[2026.06.12-12.52.37:588][  0]LogCSLocTools: IterateDirectoryRecursively reached [../../../FactoryGame/Content/Localization/StringTables/OptionsInputs_Data.csv]
[2026.06.12-12.52.37:588][  0]LogCSLocTools: IterateDirectoryRecursively reached (FullPath) [C:/Program Files (x86)/Steam/steamapps/common/Satisfactory/FactoryGame/Content/Localization/StringTables/OptionsInputs_Data.csv]
[2026.06.12-12.52.37:588][  0]LogCSLocTools: Attempting to register CSV String Table with path [C:/Program Files (x86)/Steam/steamapps/common/Satisfactory/FactoryGame/Content/Localization/StringTables/OptionsInputs_Data.csv] and root folder [C:/Program Files (x86)/Steam/steamapps/common/Satisfactory/FactoryGame/Content/Localization/StringTables]
[2026.06.12-12.52.37:588][  0]LogCSLocTools: Deriving CSV String Table ID: After removing root [OptionsInputs_Data.csv]
[2026.06.12-12.52.37:588][  0]LogCSLocTools: Deriving CSV String Table ID: Final [OptionsInputs_Data]
[2026.06.12-12.52.37:588][  0]LogCSLocTools: Registering CSV String Table OptionsInputs_Data at Content/Localization/StringTables/OptionsInputs_Data.csv
[2026.06.12-12.52.37:588][  0]LogCSLocTools: IterateDirectoryRecursively reached [../../../FactoryGame/Content/Localization/StringTables/Player_UI.csv]
[2026.06.12-12.52.37:589][  0]LogCSLocTools: IterateDirectoryRecursively reached (FullPath) [C:/Program Files (x86)/Steam/steamapps/common/Satisfactory/FactoryGame/Content/Localization/StringTables/Player_UI.csv]
[2026.06.12-12.52.37:589][  0]LogCSLocTools: Attempting to register CSV String Table with path [C:/Program Files (x86)/Steam/steamapps/common/Satisfactory/FactoryGame/Content/Localization/StringTables/Player_UI.csv] and root folder [C:/Program Files (x86)/Steam/steamapps/common/Satisfactory/FactoryGame/Content/Localization/StringTables]
[2026.06.12-12.52.37:589][  0]LogCSLocTools: Deriving CSV String Table ID: After removing root [Player_UI.csv]
[2026.06.12-12.52.37:589][  0]LogCSLocTools: Deriving CSV String Table ID: Final [Player_UI]
[2026.06.12-12.52.37:589][  0]LogCSLocTools: Registering CSV String Table Player_UI at Content/Localization/StringTables/Player_UI.csv
[2026.06.12-12.52.37:590][  0]LogCSLocTools: IterateDirectoryRecursively reached [../../../FactoryGame/Content/Localization/StringTables/Schematics_Data.csv]
[2026.06.12-12.52.37:590][  0]LogCSLocTools: IterateDirectoryRecursively reached (FullPath) [C:/Program Files (x86)/Steam/steamapps/common/Satisfactory/FactoryGame/Content/Localization/StringTables/Schematics_Data.csv]
[2026.06.12-12.52.37:590][  0]LogCSLocTools: Attempting to register CSV String Table with path [C:/Program Files (x86)/Steam/steamapps/common/Satisfactory/FactoryGame/Content/Localization/StringTables/Schematics_Data.csv] and root folder [C:/Program Files (x86)/Steam/steamapps/common/Satisfactory/FactoryGame/Content/Localization/StringTables]
[2026.06.12-12.52.37:590][  0]LogCSLocTools: Deriving CSV String Table ID: After removing root [Schematics_Data.csv]
[2026.06.12-12.52.37:590][  0]LogCSLocTools: Deriving CSV String Table ID: Final [Schematics_Data]
[2026.06.12-12.52.37:590][  0]LogCSLocTools: Registering CSV String Table Schematics_Data at Content/Localization/StringTables/Schematics_Data.csv
[2026.06.12-12.52.37:590][  0]LogCSLocTools: IterateDirectoryRecursively reached [../../../FactoryGame/Content/Localization/StringTables/Transportation_UI.csv]
[2026.06.12-12.52.37:590][  0]LogCSLocTools: IterateDirectoryRecursively reached (FullPath) [C:/Program Files (x86)/Steam/steamapps/common/Satisfactory/FactoryGame/Content/Localization/StringTables/Transportation_UI.csv]
[2026.06.12-12.52.37:590][  0]LogCSLocTools: Attempting to register CSV String Table with path [C:/Program Files (x86)/Steam/steamapps/common/Satisfactory/FactoryGame/Content/Localization/StringTables/Transportation_UI.csv] and root folder [C:/Program Files (x86)/Steam/steamapps/common/Satisfactory/FactoryGame/Content/Localization/StringTables]
[2026.06.12-12.52.37:590][  0]LogCSLocTools: Deriving CSV String Table ID: After removing root [Transportation_UI.csv]
[2026.06.12-12.52.37:590][  0]LogCSLocTools: Deriving CSV String Table ID: Final [Transportation_UI]
[2026.06.12-12.52.37:590][  0]LogCSLocTools: Registering CSV String Table Transportation_UI at Content/Localization/StringTables/Transportation_UI.csv
[2026.06.12-12.52.37:593][  0]LogCSLocTools: IterateDirectoryRecursively reached [../../../FactoryGame/Content/Localization/StringTables/Units_UI.csv]
[2026.06.12-12.52.37:593][  0]LogCSLocTools: IterateDirectoryRecursively reached (FullPath) [C:/Program Files (x86)/Steam/steamapps/common/Satisfactory/FactoryGame/Content/Localization/StringTables/Units_UI.csv]
[2026.06.12-12.52.37:593][  0]LogCSLocTools: Attempting to register CSV String Table with path [C:/Program Files (x86)/Steam/steamapps/common/Satisfactory/FactoryGame/Content/Localization/StringTables/Units_UI.csv] and root folder [C:/Program Files (x86)/Steam/steamapps/common/Satisfactory/FactoryGame/Content/Localization/StringTables]
[2026.06.12-12.52.37:593][  0]LogCSLocTools: Deriving CSV String Table ID: After removing root [Units_UI.csv]
[2026.06.12-12.52.37:593][  0]LogCSLocTools: Deriving CSV String Table ID: Final [Units_UI]
[2026.06.12-12.52.37:593][  0]LogCSLocTools: Registering CSV String Table Units_UI at Content/Localization/StringTables/Units_UI.csv
[2026.06.12-12.52.37:593][  0]LogCSLocTools: IterateDirectoryRecursively reached [../../../FactoryGame/Content/Localization/StringTables/World_Data.csv]
[2026.06.12-12.52.37:593][  0]LogCSLocTools: IterateDirectoryRecursively reached (FullPath) [C:/Program Files (x86)/Steam/steamapps/common/Satisfactory/FactoryGame/Content/Localization/StringTables/World_Data.csv]
[2026.06.12-12.52.37:593][  0]LogCSLocTools: Attempting to register CSV String Table with path [C:/Program Files (x86)/Steam/steamapps/common/Satisfactory/FactoryGame/Content/Localization/StringTables/World_Data.csv] and root folder [C:/Program Files (x86)/Steam/steamapps/common/Satisfactory/FactoryGame/Content/Localization/StringTables]
[2026.06.12-12.52.37:593][  0]LogCSLocTools: Deriving CSV String Table ID: After removing root [World_Data.csv]
[2026.06.12-12.52.37:593][  0]LogCSLocTools: Deriving CSV String Table ID: Final [World_Data]
[2026.06.12-12.52.37:593][  0]LogCSLocTools: Registering CSV String Table World_Data at Content/Localization/StringTables/World_Data.csv
[2026.06.12-12.52.37:672][  0]LogSockets: SteamSockets: Initializing Network Relay
[2026.06.12-12.52.37:677][  0]LogNativeHookManager: Display: Size of member pointer is 16
[2026.06.12-12.52.37:677][  0]LogNativeHookManager: Display: Attempting to discover UFGWorkBench::SetRecipe at 00007FFF84B488B0
[2026.06.12-12.52.37:677][  0]LogNativeHookManager: Display: Hooking function UFGWorkBench::SetRecipe: Provided address: 00007FFF84B488B0, resolved address: 00007FFF84B488B0
[2026.06.12-12.52.37:677][  0]LogNativeHookManager: Display: Overriding UFGWorkBench::SetRecipe at 00007FFF84B488B0 to 00007FFFA2EB44E0
[2026.06.12-12.52.37:679][  0]LogNativeHookManager: Display: Successfully hooked function UFGWorkBench::SetRecipe at 00007FFF84B488B0
[2026.06.12-12.52.37:679][  0]LogNativeHookManager: Display: Size of member pointer is 16
[2026.06.12-12.52.37:679][  0]LogNativeHookManager: Display: Attempting to discover UFGWorkBench::SetWorkBenchUser at 00007FFF84B48F00
[2026.06.12-12.52.37:679][  0]LogNativeHookManager: Display: Hooking function UFGWorkBench::SetWorkBenchUser: Provided address: 00007FFF84B48F00, resolved address: 00007FFF84B48F00
[2026.06.12-12.52.37:679][  0]LogNativeHookManager: Display: Overriding UFGWorkBench::SetWorkBenchUser at 00007FFF84B48F00 to 00007FFFA2EB4300
[2026.06.12-12.52.37:679][  0]LogNativeHookManager: Display: Successfully hooked function UFGWorkBench::SetWorkBenchUser at 00007FFF84B48F00
[2026.06.12-12.52.37:679][  0]LogNativeHookManager: Display: Size of member pointer is 16
[2026.06.12-12.52.37:679][  0]LogNativeHookManager: Display: Attempting to discover UFGWorkBench::TickProducing at 00007FFF84B4D530
[2026.06.12-12.52.37:679][  0]LogNativeHookManager: Display: Hooking function UFGWorkBench::TickProducing: Provided address: 00007FFF84B4D530, resolved address: 00007FFF84B4D530
[2026.06.12-12.52.37:679][  0]LogNativeHookManager: Display: Overriding UFGWorkBench::TickProducing at 00007FFF84B4D530 to 00007FFFA2EB4110
[2026.06.12-12.52.37:679][  0]LogNativeHookManager: Display: Successfully hooked function UFGWorkBench::TickProducing at 00007FFF84B4D530
[2026.06.12-12.52.37:679][  0]LogNativeHookManager: Display: Size of member pointer is 16
[2026.06.12-12.52.37:679][  0]LogNativeHookManager: Display: Attempting to discover AFGScannableSubsystem::OnDropPodLooted at 00007FFF84AB6690
[2026.06.12-12.52.37:679][  0]LogNativeHookManager: Display: Hooking function AFGScannableSubsystem::OnDropPodLooted: Provided address: 00007FFF84AB6690, resolved address: 00007FFF84AB6690
[2026.06.12-12.52.37:679][  0]LogNativeHookManager: Display: Overriding AFGScannableSubsystem::OnDropPodLooted at 00007FFF84AB6690 to 00007FFFA2E23FD0
[2026.06.12-12.52.37:680][  0]LogNativeHookManager: Display: Successfully hooked function AFGScannableSubsystem::OnDropPodLooted at 00007FFF84AB6690
[2026.06.12-12.52.37:680][  0]LogNativeHookManager: Display: Attempting to discover UFGBuildDescriptor::GetHologramClass at 00007FFF84C4C3E0
[2026.06.12-12.52.37:680][  0]LogNativeHookManager: Display: Hooking function UFGBuildDescriptor::GetHologramClass: Provided address: 00007FFF84C4C3E0, resolved address: 00007FFF84C4C3E0
[2026.06.12-12.52.37:680][  0]LogNativeHookManager: Display: Overriding UFGBuildDescriptor::GetHologramClass at 00007FFF84C4C3E0 to 00007FFFA2DDBFC0
[2026.06.12-12.52.37:680][  0]LogNativeHookManager: Display: Successfully hooked function UFGBuildDescriptor::GetHologramClass at 00007FFF84C4C3E0
[2026.06.12-12.52.37:680][  0]LogNativeHookManager: Display: Size of member pointer is 16
[2026.06.12-12.52.37:680][  0]LogNativeHookManager: Display: Attempting to discover AFGHologram::LockHologramPosition at 00007FFF84BC6310
[2026.06.12-12.52.37:680][  0]LogNativeHookManager: Display: Hooking function AFGHologram::LockHologramPosition: Provided address: 00007FFF84BC6310, resolved address: 00007FFF84BC6310
[2026.06.12-12.52.37:680][  0]LogNativeHookManager: Display: Overriding AFGHologram::LockHologramPosition at 00007FFF84BC6310 to 00007FFFA2DDD150
[2026.06.12-12.52.37:680][  0]LogNativeHookManager: Display: Successfully hooked function AFGHologram::LockHologramPosition at 00007FFF84BC6310
[2026.06.12-12.52.37:680][  0]LogNativeHookManager: Display: Size of member pointer is 16
[2026.06.12-12.52.37:680][  0]LogNativeHookManager: Display: Attempting to discover AFGHologram::GetNudgeDistance at 00007FFFA2DDA4C8
[2026.06.12-12.52.37:680][  0]LogNativeHookManager: Display: Attempting to resolve virtual function AFGHologram::GetNudgeDistance. This adjustment: 0x0, virtual function table offset: 0x8f0
[2026.06.12-12.52.37:680][  0]LogNativeHookManager: Display: Successfully resolved virtual function thunk AFGHologram::GetNudgeDistance at 00007FFFA2DDA4C8 to function implementation at 00007FFF84BC1430
[2026.06.12-12.52.37:680][  0]LogNativeHookManager: Display: Hooking function AFGHologram::GetNudgeDistance: Provided address: 00007FFFA2DDA4C8, resolved address: 00007FFF84BC1430
[2026.06.12-12.52.37:680][  0]LogNativeHookManager: Display: Overriding AFGHologram::GetNudgeDistance at 00007FFF84BC1430 to 00007FFFA2DDC970
[2026.06.12-12.52.37:680][  0]LogNativeHookManager: Display: Successfully hooked function AFGHologram::GetNudgeDistance at 00007FFF84BC1430
[2026.06.12-12.52.37:680][  0]LogNativeHookManager: Display: Size of member pointer is 16
[2026.06.12-12.52.37:680][  0]LogNativeHookManager: Display: Attempting to discover AFGConveyorLiftHologram::CanNudgeHologram at 00007FFFA2DDA4B0
[2026.06.12-12.52.37:680][  0]LogNativeHookManager: Display: Attempting to resolve virtual function AFGConveyorLiftHologram::CanNudgeHologram. This adjustment: 0x0, virtual function table offset: 0x8e0
[2026.06.12-12.52.37:680][  0]LogNativeHookManager: Display: Successfully resolved virtual function thunk AFGConveyorLiftHologram::CanNudgeHologram at 00007FFFA2DDA4B0 to function implementation at 00007FFF84B65830
[2026.06.12-12.52.37:680][  0]LogNativeHookManager: Display: Hooking function AFGConveyorLiftHologram::CanNudgeHologram: Provided address: 00007FFFA2DDA4B0, resolved address: 00007FFF84B65830
[2026.06.12-12.52.37:680][  0]LogNativeHookManager: Display: Overriding AFGConveyorLiftHologram::CanNudgeHologram at 00007FFF84B65830 to 00007FFFA2DDC680
[2026.06.12-12.52.37:680][  0]LogNativeHookManager: Display: Successfully hooked function AFGConveyorLiftHologram::CanNudgeHologram at 00007FFF84B65830
[2026.06.12-12.52.37:680][  0]LogNativeHookManager: Display: Size of member pointer is 16
[2026.06.12-12.52.37:680][  0]LogNativeHookManager: Display: Attempting to discover AFGConveyorAttachmentHologram::CanNudgeHologram at 00007FFFA2DDA4B0
[2026.06.12-12.52.37:680][  0]LogNativeHookManager: Display: Attempting to resolve virtual function AFGConveyorAttachmentHologram::CanNudgeHologram. This adjustment: 0x0, virtual function table offset: 0x8e0
[2026.06.12-12.52.37:680][  0]LogNativeHookManager: Display: Successfully resolved virtual function thunk AFGConveyorAttachmentHologram::CanNudgeHologram at 00007FFFA2DDA4B0 to function implementation at 00007FFF84B657F0
[2026.06.12-12.52.37:680][  0]LogNativeHookManager: Display: Hooking function AFGConveyorAttachmentHologram::CanNudgeHologram: Provided address: 00007FFFA2DDA4B0, resolved address: 00007FFF84B657F0
[2026.06.12-12.52.37:680][  0]LogNativeHookManager: Display: Overriding AFGConveyorAttachmentHologram::CanNudgeHologram at 00007FFF84B657F0 to 00007FFFA2DDC390
[2026.06.12-12.52.37:680][  0]LogNativeHookManager: Display: Successfully hooked function AFGConveyorAttachmentHologram::CanNudgeHologram at 00007FFF84B657F0
[2026.06.12-12.52.37:680][  0]LogNativeHookManager: Display: Size of member pointer is 16
[2026.06.12-12.52.37:680][  0]LogNativeHookManager: Display: Attempting to discover AFGPipeAttachmentHologram::CanNudgeHologram at 00007FFFA2DDA4B0
[2026.06.12-12.52.37:680][  0]LogNativeHookManager: Display: Attempting to resolve virtual function AFGPipeAttachmentHologram::CanNudgeHologram. This adjustment: 0x0, virtual function table offset: 0x8e0
[2026.06.12-12.52.37:680][  0]LogNativeHookManager: Display: Successfully resolved virtual function thunk AFGPipeAttachmentHologram::CanNudgeHologram at 00007FFFA2DDA4B0 to function implementation at 00007FFF84BB58D0
[2026.06.12-12.52.37:680][  0]LogNativeHookManager: Display: Hooking function AFGPipeAttachmentHologram::CanNudgeHologram: Provided address: 00007FFFA2DDA4B0, resolved address: 00007FFF84BB58D0
[2026.06.12-12.52.37:680][  0]LogNativeHookManager: Display: Overriding AFGPipeAttachmentHologram::CanNudgeHologram at 00007FFF84BB58D0 to 00007FFFA2DDCC80
[2026.06.12-12.52.37:680][  0]LogNativeHookManager: Display: Successfully hooked function AFGPipeAttachmentHologram::CanNudgeHologram at 00007FFF84BB58D0
[2026.06.12-12.52.37:680][  0]LogNativeHookManager: Display: Size of member pointer is 16
[2026.06.12-12.52.37:680][  0]LogNativeHookManager: Display: Attempting to discover AFGHologram::Scroll at 00007FFFA2DDA4BC
[2026.06.12-12.52.37:680][  0]LogNativeHookManager: Display: Attempting to resolve virtual function AFGHologram::Scroll. This adjustment: 0x0, virtual function table offset: 0x7f0
[2026.06.12-12.52.37:680][  0]LogNativeHookManager: Display: Successfully resolved virtual function thunk AFGHologram::Scroll at 00007FFFA2DDA4BC to function implementation at 00007FFF84BCA990
[2026.06.12-12.52.37:680][  0]LogNativeHookManager: Display: Hooking function AFGHologram::Scroll: Provided address: 00007FFFA2DDA4BC, resolved address: 00007FFF84BCA990
[2026.06.12-12.52.37:680][  0]LogNativeHookManager: Display: Overriding AFGHologram::Scroll at 00007FFF84BCA990 to 00007FFFA2DDCF70
[2026.06.12-12.52.37:680][  0]LogNativeHookManager: Display: Successfully hooked function AFGHologram::Scroll at 00007FFF84BCA990
[2026.06.12-12.52.37:680][  0]LogNativeHookManager: Display: Size of member pointer is 16
[2026.06.12-12.52.37:680][  0]LogNativeHookManager: Display: Attempting to discover AFGRailroadSignalHologram::ConfigureActor at 00007FFFA2DDA4D4
[2026.06.12-12.52.37:680][  0]LogNativeHookManager: Display: Attempting to resolve virtual function AFGRailroadSignalHologram::ConfigureActor. This adjustment: 0x0, virtual function table offset: 0xa30
[2026.06.12-12.52.37:680][  0]LogNativeHookManager: Display: Successfully resolved virtual function thunk AFGRailroadSignalHologram::ConfigureActor at 00007FFFA2DDA4D4 to function implementation at 00007FFF84BB8950
[2026.06.12-12.52.37:680][  0]LogNativeHookManager: Display: Hooking function AFGRailroadSignalHologram::ConfigureActor: Provided address: 00007FFFA2DDA4D4, resolved address: 00007FFF84BB8950
[2026.06.12-12.52.37:680][  0]LogNativeHookManager: Display: Overriding AFGRailroadSignalHologram::ConfigureActor at 00007FFF84BB8950 to 00007FFFA2DDD330
[2026.06.12-12.52.37:680][  0]LogNativeHookManager: Display: Successfully hooked function AFGRailroadSignalHologram::ConfigureActor at 00007FFF84BB8950
[2026.06.12-12.52.37:681][  0]LogNativeHookManager: Display: Size of member pointer is 16
[2026.06.12-12.52.37:681][  0]LogNativeHookManager: Display: Attempting to discover AFGBuildableHologram::ConfigureActor at 00007FFFA2D98970
[2026.06.12-12.52.37:681][  0]LogNativeHookManager: Display: Attempting to resolve virtual function AFGBuildableHologram::ConfigureActor. This adjustment: 0x0, virtual function table offset: 0xa30
[2026.06.12-12.52.37:681][  0]LogNativeHookManager: Display: Successfully resolved virtual function thunk AFGBuildableHologram::ConfigureActor at 00007FFFA2D98970 to function implementation at 00007FFF84B66D80
[2026.06.12-12.52.37:681][  0]LogNativeHookManager: Display: Hooking function AFGBuildableHologram::ConfigureActor: Provided address: 00007FFFA2D98970, resolved address: 00007FFF84B66D80
[2026.06.12-12.52.37:681][  0]LogNativeHookManager: Display: Overriding AFGBuildableHologram::ConfigureActor at 00007FFF84B66D80 to 00007FFFA2D9ABA0
[2026.06.12-12.52.37:681][  0]LogNativeHookManager: Display: Successfully hooked function AFGBuildableHologram::ConfigureActor at 00007FFF84B66D80
[2026.06.12-12.52.37:681][  0]LogNativeHookManager: Display: Size of member pointer is 16
[2026.06.12-12.52.37:681][  0]LogNativeHookManager: Display: Attempting to discover AFGBuildableHologram::OnRep_DesiredZoop at 00007FFF84B7FB50
[2026.06.12-12.52.37:681][  0]LogNativeHookManager: Display: Hooking function AFGBuildableHologram::OnRep_DesiredZoop: Provided address: 00007FFF84B7FB50, resolved address: 00007FFF84B7FB50
[2026.06.12-12.52.37:681][  0]LogNativeHookManager: Display: Overriding AFGBuildableHologram::OnRep_DesiredZoop at 00007FFF84B7FB50 to 00007FFFA2D9A9E0
[2026.06.12-12.52.37:681][  0]LogNativeHookManager: Display: Successfully hooked function AFGBuildableHologram::OnRep_DesiredZoop at 00007FFF84B7FB50
[2026.06.12-12.52.37:681][  0]LogNativeHookManager: Display: Size of member pointer is 16
[2026.06.12-12.52.37:681][  0]LogNativeHookManager: Display: Attempting to discover AFGBuildableHologram::SetZoopAmount at 00007FFF84B87AC0
[2026.06.12-12.52.37:681][  0]LogNativeHookManager: Display: Hooking function AFGBuildableHologram::SetZoopAmount: Provided address: 00007FFF84B87AC0, resolved address: 00007FFF84B87AC0
[2026.06.12-12.52.37:681][  0]LogNativeHookManager: Display: Overriding AFGBuildableHologram::SetZoopAmount at 00007FFF84B87AC0 to 00007FFFA2D9A810
[2026.06.12-12.52.37:681][  0]LogNativeHookManager: Display: Successfully hooked function AFGBuildableHologram::SetZoopAmount at 00007FFF84B87AC0
[2026.06.12-12.52.37:681][  0]LogNativeHookManager: Display: Size of member pointer is 8
[2026.06.12-12.52.37:681][  0]LogNativeHookManager: Display: Attempting to discover UFGBuildGunStateBuild::OnZoopUpdated at 00007FFF8431C130
[2026.06.12-12.52.37:681][  0]LogNativeHookManager: Display: Hooking function UFGBuildGunStateBuild::OnZoopUpdated: Provided address: 00007FFF8431C130, resolved address: 00007FFF8431C130
[2026.06.12-12.52.37:681][  0]LogNativeHookManager: Display: Overriding UFGBuildGunStateBuild::OnZoopUpdated at 00007FFF8431C130 to 00007FFFA2D9B850
[2026.06.12-12.52.37:681][  0]LogNativeHookManager: Display: Successfully hooked function UFGBuildGunStateBuild::OnZoopUpdated at 00007FFF8431C130
[2026.06.12-12.52.37:681][  0]LogNativeHookManager: Display: Size of member pointer is 8
[2026.06.12-12.52.37:681][  0]LogNativeHookManager: Display: Attempting to discover UFGBuildGunState::SecondaryFire at 00007FFF8431C340
[2026.06.12-12.52.37:681][  0]LogNativeHookManager: Display: Hooking function UFGBuildGunState::SecondaryFire: Provided address: 00007FFF8431C340, resolved address: 00007FFF8431C340
[2026.06.12-12.52.37:681][  0]LogNativeHookManager: Display: Overriding UFGBuildGunState::SecondaryFire at 00007FFF8431C340 to 00007FFFA2D9B690
[2026.06.12-12.52.37:681][  0]LogNativeHookManager: Display: Successfully hooked function UFGBuildGunState::SecondaryFire at 00007FFF8431C340
[2026.06.12-12.52.37:681][  0]LogNativeHookManager: Display: Size of member pointer is 16
[2026.06.12-12.52.37:681][  0]LogNativeHookManager: Display: Attempting to discover AFGBuildableHologram::GetBaseCostMultiplier at 00007FFFA2D98964
[2026.06.12-12.52.37:681][  0]LogNativeHookManager: Display: Attempting to resolve virtual function AFGBuildableHologram::GetBaseCostMultiplier. This adjustment: 0x0, virtual function table offset: 0x888
[2026.06.12-12.52.37:681][  0]LogNativeHookManager: Display: Successfully resolved virtual function thunk AFGBuildableHologram::GetBaseCostMultiplier at 00007FFFA2D98964 to function implementation at 00007FFF84B789B0
[2026.06.12-12.52.37:681][  0]LogNativeHookManager: Display: Hooking function AFGBuildableHologram::GetBaseCostMultiplier: Provided address: 00007FFFA2D98964, resolved address: 00007FFF84B789B0
[2026.06.12-12.52.37:681][  0]LogNativeHookManager: Display: Overriding AFGBuildableHologram::GetBaseCostMultiplier at 00007FFF84B789B0 to 00007FFFA2D9A520
[2026.06.12-12.52.37:681][  0]LogNativeHookManager: Display: Successfully hooked function AFGBuildableHologram::GetBaseCostMultiplier at 00007FFF84B789B0
[2026.06.12-12.52.37:681][  0]LogNativeHookManager: Display: Size of member pointer is 16
[2026.06.12-12.52.37:681][  0]LogNativeHookManager: Display: Attempting to discover AFGFoundationHologram::CreateDefaultFoundationZoop at 00007FFF84B6E730
[2026.06.12-12.52.37:681][  0]LogNativeHookManager: Display: Hooking function AFGFoundationHologram::CreateDefaultFoundationZoop: Provided address: 00007FFF84B6E730, resolved address: 00007FFF84B6E730
[2026.06.12-12.52.37:681][  0]LogNativeHookManager: Display: Overriding AFGFoundationHologram::CreateDefaultFoundationZoop at 00007FFF84B6E730 to 00007FFFA2D9AD80
[2026.06.12-12.52.37:681][  0]LogNativeHookManager: Display: Successfully hooked function AFGFoundationHologram::CreateDefaultFoundationZoop at 00007FFF84B6E730
[2026.06.12-12.52.37:681][  0]LogNativeHookManager: Display: Size of member pointer is 16
[2026.06.12-12.52.37:681][  0]LogNativeHookManager: Display: Attempting to discover AFGHologram::ValidatePlacementAndCost at 00007FFF84BE8440
[2026.06.12-12.52.37:681][  0]LogNativeHookManager: Display: Hooking function AFGHologram::ValidatePlacementAndCost: Provided address: 00007FFF84BE8440, resolved address: 00007FFF84BE8440
[2026.06.12-12.52.37:681][  0]LogNativeHookManager: Display: Overriding AFGHologram::ValidatePlacementAndCost at 00007FFF84BE8440 to 00007FFFA2D9B130
[2026.06.12-12.52.37:681][  0]LogNativeHookManager: Display: Successfully hooked function AFGHologram::ValidatePlacementAndCost at 00007FFF84BE8440
[2026.06.12-12.52.37:681][  0]LogNativeHookManager: Display: Size of member pointer is 16
[2026.06.12-12.52.37:681][  0]LogNativeHookManager: Display: Attempting to discover AFGHologram::Scroll at 00007FFFA2D98994
[2026.06.12-12.52.37:681][  0]LogNativeHookManager: Display: Attempting to resolve virtual function AFGHologram::Scroll. This adjustment: 0x0, virtual function table offset: 0x7f0
[2026.06.12-12.52.37:681][  0]LogNativeHookManager: Display: Successfully resolved virtual function thunk AFGHologram::Scroll at 00007FFFA2D98994 to function implementation at 00007FFFA2DDCF70
[2026.06.12-12.52.37:681][  0]LogNativeHookManager: Display: Hooking function AFGHologram::Scroll: Provided address: 00007FFFA2D98994, resolved address: 00007FFFA2DDCF70
[2026.06.12-12.52.37:681][  0]LogNativeHookManager: Display: Overriding AFGHologram::Scroll at 00007FFFA2DDCF70 to 00007FFFA2D9AF50
[2026.06.12-12.52.37:681][  0]LogNativeHookManager: Display: Successfully hooked function AFGHologram::Scroll at 00007FFFA2DDCF70
[2026.06.12-12.52.37:681][  0]LogNativeHookManager: Display: Size of member pointer is 16
[2026.06.12-12.52.37:681][  0]LogNativeHookManager: Display: Attempting to discover AFGHologram::Destroyed at 00007FFFA2D98988
[2026.06.12-12.52.37:681][  0]LogNativeHookManager: Display: Attempting to resolve virtual function AFGHologram::Destroyed. This adjustment: 0x0, virtual function table offset: 0x658
[2026.06.12-12.52.37:681][  0]LogNativeHookManager: Display: Successfully resolved virtual function thunk AFGHologram::Destroyed at 00007FFFA2D98988 to function implementation at 00007FFF84BBADB0
[2026.06.12-12.52.37:681][  0]LogNativeHookManager: Display: Hooking function AFGHologram::Destroyed: Provided address: 00007FFFA2D98988, resolved address: 00007FFF84BBADB0
[2026.06.12-12.52.37:681][  0]LogNativeHookManager: Display: Overriding AFGHologram::Destroyed at 00007FFF84BBADB0 to 00007FFFA2D9B4D0
[2026.06.12-12.52.37:681][  0]LogNativeHookManager: Display: Successfully hooked function AFGHologram::Destroyed at 00007FFF84BBADB0
[2026.06.12-12.52.37:681][  0]LogNativeHookManager: Display: Size of member pointer is 16
[2026.06.12-12.52.37:681][  0]LogNativeHookManager: Display: Attempting to discover AFGHologram::BeginPlay at 00007FFFA2D9897C
[2026.06.12-12.52.37:681][  0]LogNativeHookManager: Display: Attempting to resolve virtual function AFGHologram::BeginPlay. This adjustment: 0x0, virtual function table offset: 0x3b0
[2026.06.12-12.52.37:681][  0]LogNativeHookManager: Display: Successfully resolved virtual function thunk AFGHologram::BeginPlay at 00007FFFA2D9897C to function implementation at 00007FFF84BB31A0
[2026.06.12-12.52.37:683][  0]LogNativeHookManager: Display: Hooking function AFGHologram::BeginPlay: Provided address: 00007FFFA2D9897C, resolved address: 00007FFF84BB31A0
[2026.06.12-12.52.37:683][  0]LogNativeHookManager: Display: Overriding AFGHologram::BeginPlay at 00007FFF84BB31A0 to 00007FFFA2D9B310
[2026.06.12-12.52.37:683][  0]LogNativeHookManager: Display: Successfully hooked function AFGHologram::BeginPlay at 00007FFF84BB31A0
[2026.06.12-12.52.37:684][  0]LogSatisfactoryModLoader: Display: Satisfactory Mod Loader v.3.12.0+827 pre-initializing...
[2026.06.12-12.52.37:684][  0]LogSatisfactoryModLoader: Display: Build Date: Jun  6 2026 16:29:13
[2026.06.12-12.52.37:684][  0]LogSatisfactoryModLoader: Display: Successfully loaded SML configuration from disk
[2026.06.12-12.52.37:684][  0]LogSatisfactoryModLoader: Display: Version check passed successfully! Game Changelist: 493833
[2026.06.12-12.52.37:684][  0]LogSatisfactoryModLoader: Display: Pre-initialization finished!
[2026.06.12-12.52.37:695][  0]LogUObjectArray: 43343 objects as part of root set at end of initial load.
[2026.06.12-12.52.37:695][  0]LogUObjectArray: 9 objects are not in the root set, but can never be destroyed because they are in the DisregardForGC set.
[2026.06.12-12.52.37:695][  0]LogUObjectArray: CloseDisregardForGC: 43343/43343 objects in disregard for GC pool
[2026.06.12-12.52.37:725][  0]LogMoviePlayer: Warning: PassLoadingScreenWindowBackToGame failed.  No Window
[2026.06.12-12.52.37:725][  0]LogEngine: Initializing Engine...
[2026.06.12-12.52.37:727][  0]LogGameFeatures: Initializing game features subsystem
[2026.06.12-12.52.37:727][  0]LogSentrySdk: Sentry plugin auto initialization: false
[2026.06.12-12.52.37:727][  0]LogSentrySdk: Using current project name and version as Sentry release.
[2026.06.12-12.52.37:727][  0]LogSentrySdk: Using current build configuration as Sentry environment.
[2026.06.12-12.52.37:728][  0]LogSentrySdk: using database path "C:\Users\cheva\AppData\Local\FactoryGame\.sentry-native"
[2026.06.12-12.52.37:731][  0]LogSentrySdk: Verbose: starting transport
[2026.06.12-12.52.37:734][  0]LogSentrySdk: Verbose: starting background worker thread
[2026.06.12-12.52.37:734][  0]LogSentrySdk: Verbose: starting backend
[2026.06.12-12.52.37:735][  0]LogSentrySdk: Verbose: starting crashpad backend with handler "C:\Program Files (x86)\Steam\steamapps\common\Satisfactory\FactoryGame\Plugins\Sentry\Binaries\Win64\crashpad_handler.exe"
[2026.06.12-12.52.37:736][  0]LogSentrySdk: Verbose: background worker thread started
[2026.06.12-12.52.37:737][  0]LogSentrySdk: Verbose: using minidump URL "https://o4510000618995712.ingest.de.sentry.io:443/api/4510000622141520/minidump/?sentry_client=sentry.native.unreal/0.10.1&sentry_key=ce9e39afc0e16e3b66a9b309fe98f23b"
[2026.06.12-12.52.37:776][  0]LogSentrySdk: Verbose: registering crashpad WER handler "C:\Program Files (x86)\Steam\steamapps\common\Satisfactory\FactoryGame\Plugins\Sentry\Binaries\Win64\crashpad_wer.dll"
[2026.06.12-12.52.37:776][  0]LogSentrySdk: started crashpad client handler
[2026.06.12-12.52.37:779][  0]LogSentrySdk: Verbose: processing and pruning old runs
[2026.06.12-12.52.37:781][  0]LogSentrySdk: Verbose: sending envelope
[2026.06.12-12.52.37:782][  0]LogSentrySdk: Verbose: submitting task to background worker thread
[2026.06.12-12.52.37:782][  0]LogSentrySdk: Verbose: executing task on worker thread
[2026.06.12-12.52.37:782][  0]LogSentrySdk: Verbose: sending request using winhttp to "https://o4510000618995712.ingest.de.sentry.io:443/api/4510000622141520/envelope/":
x-sentry-auth:Sentry sentry_key=ce9e39afc0e16e3b66a9b309fe98f23b, sentry_version=7, sentry_client=sentry.native.unreal/0.10.1
content-type:application/x-sentry-envelope
content-length:359

[2026.06.12-12.52.37:783][  0]LogSentrySdk: Sentry initialization completed with result 0 (0 on success).
[2026.06.12-12.52.37:783][  0]LogSentrySdk: Using current build configuration as Sentry environment.
[2026.06.12-12.52.37:783][  0]LogSentrySdk: Using current project name and version as Sentry release.
[2026.06.12-12.52.37:783][  0]LogWindows: Attached monitors:
[2026.06.12-12.52.37:783][  0]LogWindows:     resolution: 1600x1000, work area: (0, 0) -> (1600, 952), device: '\\.\DISPLAY1' [PRIMARY]
[2026.06.12-12.52.37:783][  0]LogWindows: Found 1 attached monitors.
[2026.06.12-12.52.37:783][  0]LogWindows: Gathering driver information using Windows Setup API
[2026.06.12-12.52.37:842][  0]LogAssetManager: Display: Ignoring PrimaryAssetType Profiling - Conflicts with Map - Asset: Map_UI-Profile
[2026.06.12-12.52.37:844][  0]LogGameFeatures: Scanning for built-in game feature plugins
[2026.06.12-12.52.37:844][  0]LogGameFeatures: Loading 233 builtins. Not Amortized
[2026.06.12-12.52.37:846][  0]LogGameFeatures: Game feature '../../../FactoryGame/Mods/GameFeatures/BlueprintHighlighted/BlueprintHighlighted.uplugin' has no BuiltInInitialFeatureState key, using legacy BuiltInAutoRegister(1)/BuiltInAutoLoad(1)/BuiltInAutoActivate(1) values to arrive at initial state.
[2026.06.12-12.52.37:848][  0]LogPluginManager: Warning: Cannot mount plugin localization for 'BlueprintHighlighted' as the plugin isn't explicitly loaded.
[2026.06.12-12.52.37:849][  0]LogAssetManager: Warning: Invalid Primary Asset Type FGGameFeatureData:BlueprintHighlighted: ChangeBundleStateForPrimaryAssets failed to find NameData
[2026.06.12-12.52.37:849][  0]LogGameFeatures: Display: Game feature 'BlueprintHighlighted' transitioned successfully. Ending state: Active [Active, Active]
[2026.06.12-12.52.37:849][  0]LogGameFeatures: Game feature '../../../FactoryGame/Mods/GameFeatures/CrashSiteBeacons/CrashSiteBeacons.uplugin' has no BuiltInInitialFeatureState key, using legacy BuiltInAutoRegister(1)/BuiltInAutoLoad(1)/BuiltInAutoActivate(1) values to arrive at initial state.
[2026.06.12-12.52.37:850][  0]LogPluginManager: Warning: Cannot mount plugin localization for 'CrashSiteBeacons' as the plugin isn't explicitly loaded.
[2026.06.12-12.52.37:850][  0]LogAssetManager: Warning: Invalid Primary Asset Type FGGameFeatureData:CrashSiteBeacons: ChangeBundleStateForPrimaryAssets failed to find NameData
[2026.06.12-12.52.37:850][  0]LogGameFeatures: Display: Game feature 'CrashSiteBeacons' transitioned successfully. Ending state: Active [Active, Active]
[2026.06.12-12.52.37:852][  0]LogGameFeatures: Game feature '../../../FactoryGame/Mods/GameFeatures/HighlightScannedObject/HighlightScannedObject.uplugin' has no BuiltInInitialFeatureState key, using legacy BuiltInAutoRegister(1)/BuiltInAutoLoad(1)/BuiltInAutoActivate(1) values to arrive at initial state.
[2026.06.12-12.52.37:853][  0]LogPluginManager: Warning: Cannot mount plugin localization for 'HighlightScannedObject' as the plugin isn't explicitly loaded.
[2026.06.12-12.52.37:853][  0]LogAssetManager: Warning: Invalid Primary Asset Type FGGameFeatureData:HighlightScannedObject: ChangeBundleStateForPrimaryAssets failed to find NameData
[2026.06.12-12.52.37:853][  0]LogGameFeatures: Display: Game feature 'HighlightScannedObject' transitioned successfully. Ending state: Active [Active, Active]
[2026.06.12-12.52.37:853][  0]LogGameFeatures: Game feature '../../../FactoryGame/Mods/GameFeatures/InfiniteNudge/InfiniteNudge.uplugin' has no BuiltInInitialFeatureState key, using legacy BuiltInAutoRegister(1)/BuiltInAutoLoad(1)/BuiltInAutoActivate(1) values to arrive at initial state.
[2026.06.12-12.52.37:857][  0]LogPluginManager: Warning: Cannot mount plugin localization for 'InfiniteNudge' as the plugin isn't explicitly loaded.
[2026.06.12-12.52.37:858][  0]LogAssetManager: Warning: Invalid Primary Asset Type FGGameFeatureData:InfiniteNudge: ChangeBundleStateForPrimaryAssets failed to find NameData
[2026.06.12-12.52.37:858][  0]LogGameFeatures: Display: Game feature 'InfiniteNudge' transitioned successfully. Ending state: Active [Active, Active]
[2026.06.12-12.52.37:858][  0]LogGameFeatures: Game feature '../../../FactoryGame/Mods/GameFeatures/InfiniteZoop/InfiniteZoop.uplugin' has no BuiltInInitialFeatureState key, using legacy BuiltInAutoRegister(1)/BuiltInAutoLoad(1)/BuiltInAutoActivate(1) values to arrive at initial state.
[2026.06.12-12.52.37:868][  0]LogPluginManager: Warning: Cannot mount plugin localization for 'InfiniteZoop' as the plugin isn't explicitly loaded.
[2026.06.12-12.52.37:869][  0]LogAssetManager: Warning: Invalid Primary Asset Type FGGameFeatureData:InfiniteZoop: ChangeBundleStateForPrimaryAssets failed to find NameData
[2026.06.12-12.52.37:869][  0]LogGameFeatures: Display: Game feature 'InfiniteZoop' transitioned successfully. Ending state: Active [Active, Active]
[2026.06.12-12.52.37:869][  0]LogGameFeatures: Game feature '../../../FactoryGame/Mods/GameFeatures/FlashlightSettings/FlashlightSettings.uplugin' has no BuiltInInitialFeatureState key, using legacy BuiltInAutoRegister(1)/BuiltInAutoLoad(1)/BuiltInAutoActivate(1) values to arrive at initial state.
[2026.06.12-12.52.37:872][  0]LogPluginManager: Warning: Cannot mount plugin localization for 'FlashlightSettings' as the plugin isn't explicitly loaded.
[2026.06.12-12.52.37:873][  0]LogAssetManager: Warning: Invalid Primary Asset Type FGGameFeatureData:FlashlightSettings: ChangeBundleStateForPrimaryAssets failed to find NameData
[2026.06.12-12.52.37:873][  0]LogGameFeatures: Display: Game feature 'FlashlightSettings' transitioned successfully. Ending state: Active [Active, Active]
[2026.06.12-12.52.37:873][  0]LogGameFeatures: Game feature '../../../FactoryGame/Mods/GameFeatures/NoSplash/NoSplash.uplugin' has no BuiltInInitialFeatureState key, using legacy BuiltInAutoRegister(1)/BuiltInAutoLoad(1)/BuiltInAutoActivate(1) values to arrive at initial state.
[2026.06.12-12.52.37:874][  0]LogPluginManager: Warning: Cannot mount plugin localization for 'NoSplash' as the plugin isn't explicitly loaded.
[2026.06.12-12.52.37:875][  0]LogAssetManager: Warning: Invalid Primary Asset Type FGGameFeatureData:NoSplash: ChangeBundleStateForPrimaryAssets failed to find NameData
[2026.06.12-12.52.37:875][  0]LogGameFeatures: Display: Game feature 'NoSplash' transitioned successfully. Ending state: Active [Active, Active]
[2026.06.12-12.52.37:875][  0]LogGameFeatures: Game feature '../../../FactoryGame/Mods/GameFeatures/SkyUI/SkyUI.uplugin' has no BuiltInInitialFeatureState key, using legacy BuiltInAutoRegister(1)/BuiltInAutoLoad(1)/BuiltInAutoActivate(1) values to arrive at initial state.
[2026.06.12-12.52.37:881][  0]LogPluginManager: Warning: Cannot mount plugin localization for 'SkyUI' as the plugin isn't explicitly loaded.
[2026.06.12-12.52.37:881][  0]LogGameFeatures: Display: Game feature 'SkyUI' transitioned successfully. Ending state: Active [Active, Active]
[2026.06.12-12.52.37:887][  0]LogPluginManager: Warning: Cannot mount plugin localization for 'minerplus' as the plugin isn't explicitly loaded.
[2026.06.12-12.52.37:888][  0]LogAssetManager: Warning: Invalid Primary Asset Type FGGameFeatureData:minerplus: ChangeBundleStateForPrimaryAssets failed to find NameData
[2026.06.12-12.52.37:888][  0]LogGameFeatures: Display: Game feature 'minerplus' transitioned successfully. Ending state: Active [Active, Active]
[2026.06.12-12.52.37:888][  0]LogStats: BuiltInGameFeaturePlugins loaded. -  0.044 s
[2026.06.12-12.52.37:888][  0]LogNetVersion: Set ProjectVersion to 0. Version Checksum will be recalculated on next use.
[2026.06.12-12.52.37:888][  0]LogInit: Texture streaming: Enabled
[2026.06.12-12.52.37:888][  0]LogAudio: Display: Initializing Audio Device Manager...
