Log file open, 06/06/26 21:11:46
LogWindows: Custom abort handler registered for crash reporting.
LogInit: Display: Running engine for game: FactoryGame
LogInit: Display: Project file not found: C:/Program Files (x86)/Steam/steamapps/common/Satisfactory/FactoryGame/FactoryGame.uproject
LogInit: Display: 	Attempting to find via project info helper.
LogPakFile: Initializing PakPlatformFile
LogIoDispatcher: Display: Reading toc: ../../../FactoryGame/Content/Paks/global.utoc
LogIoDispatcher: Display: Toc loaded : ../../../FactoryGame/Content/Paks/global.utoc, Id=ffffffffffffffff, Order=0, EntryCount=1, SignatureHash=81DE51ABA6C1966FCF7F505446501649C4202779
LogIoDispatcher: Display: Mounting container '../../../FactoryGame/Content/Paks/global.utoc' in location slot 0
LogPakFile: Display: Initialized I/O dispatcher file backend. Mounted the global container: ../../../FactoryGame/Content/Paks/global.utoc
LogPakFile: Display: Found Pak file ../../../FactoryGame/Content/Paks/FactoryGame-Windows.pak attempting to mount.
LogPakFile: Display: Mounting pak file ../../../FactoryGame/Content/Paks/FactoryGame-Windows.pak.
LogIoDispatcher: Display: Reading toc: ../../../FactoryGame/Content/Paks/FactoryGame-Windows.utoc
LogIoDispatcher: Display: Toc loaded : ../../../FactoryGame/Content/Paks/FactoryGame-Windows.utoc, Id=52f27a6f7471235e, Order=4, EntryCount=59235, SignatureHash=D3626CBF7FF0BA74BBB54DBFCAF8E39E412A3740
LogIoDispatcher: Display: Mounting container '../../../FactoryGame/Content/Paks/FactoryGame-Windows.utoc' in location slot 0
LogPakFile: Display: Mounted IoStore container "../../../FactoryGame/Content/Paks/FactoryGame-Windows.utoc"
LogFilePackageStore: Mounting container: Id=52f27a6f7471235e, Order=4, NumPackages=28217
LogPakFile: Display: Mounted Pak file '../../../FactoryGame/Content/Paks/FactoryGame-Windows.pak', mount point: '../../../'
LogAssetRegistry: Premade AssetRegistry loaded from '../../../FactoryGame/AssetRegistry.bin'
LogICUInternationalization: ICU TimeZone Detection - Raw Offset: +2:00, Platform Override: ''
LogInit: Session CrashGUID >====================================================
         Session CrashGUID >   UECC-Windows-0BDAE1504381AAFFF47A5284E6298094
         Session CrashGUID >====================================================
LogWindows: Attached monitors:
LogWindows:     resolution: 1600x1000, work area: (0, 0) -> (1600, 952), device: '\\.\DISPLAY1' [PRIMARY]
LogWindows: Found 1 attached monitors.
LogWindows: Gathering driver information using Windows Setup API
LogConfig: Using compiled CustomConfig Steam
LogConfig: No local boot hotfix file found at: [C:/Users/cheva/AppData/Local/FactoryGame/Saved/PersistentDownloadDir/HotfixForNextBoot.txt]
LogAudio: Display: Pre-Initializing Audio Device Manager...
LogAudio: Display: AudioInfo: 'OPUS' Registered
LogAudioDebug: Display: Lib vorbis DLL was dynamically loaded.
LogAudio: Display: AudioInfo: 'OGG' Registered
LogAudio: Display: AudioInfo: 'ADPCM' Registered
LogAudio: Display: AudioInfo: 'PCM' Registered
LogAudio: Display: AudioInfo: 'BINKA' Registered
LogAudio: Display: AudioInfo: 'RADA' Registered
LogAudio: Display: Audio Device Manager Pre-Initialized
LogPluginManager: Mounting Engine plugin Paper2D
LogPluginManager: Mounting Engine plugin AISupport
LogPluginManager: Mounting Engine plugin EnvironmentQueryEditor
LogPluginManager: Mounting Engine plugin ACLPlugin
LogPluginManager: Mounting Engine plugin AnimationData
LogPluginManager: Mounting Engine plugin AnimationLocomotionLibrary
LogPluginManager: Mounting Engine plugin AnimationModifierLibrary
LogPluginManager: Mounting Engine plugin AnimationWarping
LogPluginManager: Mounting Engine plugin ControlRigModules
LogPluginManager: Mounting Engine plugin ControlRigSpline
LogPluginManager: Mounting Engine plugin ControlRig
LogPluginManager: Mounting Engine plugin DeformerGraph
LogPluginManager: Mounting Engine plugin IKRig
LogPluginManager: Mounting Engine plugin SkeletalMeshModelingTools
LogPluginManager: Mounting Engine plugin TweeningUtils
LogPluginManager: Mounting Engine plugin CSLocTools
LogPluginManager: Mounting Engine plugin CameraShakePreviewer
LogPluginManager: Mounting Engine plugin EngineCameras
LogPluginManager: Mounting Engine plugin GameplayCameras
LogPluginManager: Mounting Engine plugin ChaosClothAsset
LogPluginManager: Mounting Engine plugin ChaosCloth
LogPluginManager: Mounting Engine plugin ChaosVD
LogPluginManager: Mounting Engine plugin LensDistortion
LogPluginManager: Mounting Engine plugin OpenColorIO
LogPluginManager: Mounting Engine plugin OodleNetwork
LogPluginManager: Mounting Engine plugin AnimationSharing
LogPluginManager: Mounting Engine plugin ConcertMain
LogPluginManager: Mounting Engine plugin ConcertSyncClient
LogPluginManager: Mounting Engine plugin ConcertSyncCore
LogPluginManager: Mounting Engine plugin ConcertSharedSlate
LogPluginManager: Mounting Engine plugin NamingTokens
LogPluginManager: Mounting Engine plugin PluginUtils
LogPluginManager: Mounting Engine plugin UObjectPlugin
LogPluginManager: Mounting Engine plugin AssetManagerEditor
LogPluginManager: Mounting Engine plugin AssetReferenceRestrictions
LogPluginManager: Mounting Engine plugin BlueprintHeaderView
LogPluginManager: Mounting Engine plugin BlueprintMaterialTextureNodes
LogPluginManager: Mounting Engine plugin ColorGrading
LogPluginManager: Mounting Engine plugin ConsoleVariables
LogPluginManager: Mounting Engine plugin ContentBrowserAssetDataSource
LogPluginManager: Mounting Engine plugin CurveEditorTools
LogPluginManager: Mounting Engine plugin DataValidation
LogPluginManager: Mounting Engine plugin EditorScriptingUtilities
LogPluginManager: Mounting Engine plugin EngineAssetDefinitions
LogPluginManager: Mounting Engine plugin FacialAnimation
LogPluginManager: Mounting Engine plugin GameplayTagsEditor
LogPluginManager: Mounting Engine plugin GeometryMode
LogPluginManager: Mounting Engine plugin LightMixer
LogPluginManager: Mounting Engine plugin ObjectMixer
LogPluginManager: Mounting Engine plugin ProxyLODPlugin
LogPluginManager: Mounting Engine plugin ScriptableToolsEditorMode
LogPluginManager: Mounting Engine plugin SequencerAnimTools
LogPluginManager: Mounting Engine plugin SpeedTreeImporter
LogPluginManager: Mounting Engine plugin UMGWidgetPreview
LogPluginManager: Mounting Engine plugin UVEditor
LogPluginManager: Mounting Engine plugin EnhancedInput
LogPluginManager: Mounting Engine plugin DatasmithContent
LogPluginManager: Mounting Engine plugin GLTFExporter
LogPluginManager: Mounting Engine plugin VariantManagerContent
LogPluginManager: Mounting Engine plugin VariantManager
LogPluginManager: Mounting Engine plugin AsyncMessageSystem
LogPluginManager: Mounting Engine plugin AutomationUtils
LogPluginManager: Mounting Engine plugin BackChannel
LogPluginManager: Mounting Engine plugin BlueprintStats
LogPluginManager: Mounting Engine plugin ChaosCaching
LogPluginManager: Mounting Engine plugin ChaosEditor
LogPluginManager: Mounting Engine plugin ChaosNiagara
LogPluginManager: Mounting Engine plugin ChaosSolverPlugin
LogPluginManager: Mounting Engine plugin ChaosUserDataPT
LogPluginManager: Mounting Engine plugin ChaosVehiclesPlugin
LogPluginManager: Mounting Engine plugin CharacterAI
LogPluginManager: Mounting Engine plugin CompositeCore
LogPluginManager: Mounting Engine plugin ControlFlows
LogPluginManager: Mounting Engine plugin Dataflow
LogPluginManager: Mounting Engine plugin EditorDataStorageFeatures
LogPluginManager: Mounting Engine plugin EditorDataStorage
LogPluginManager: Mounting Engine plugin Fracture
LogPluginManager: Mounting Engine plugin FullBodyIK
LogPluginManager: Mounting Engine plugin Gauntlet
LogPluginManager: Mounting Engine plugin GeometryCollectionPlugin
LogPluginManager: Mounting Engine plugin GeometryDataflow
LogPluginManager: Mounting Engine plugin Landmass
LogPluginManager: Mounting Engine plugin LevelSequenceNavigatorBridge
LogPluginManager: Mounting Engine plugin LocalizableMessage
LogPluginManager: Mounting Engine plugin MeshModelingToolsetExp
LogPluginManager: Mounting Engine plugin NFORDenoise
LogPluginManager: Mounting Engine plugin PlanarCut
LogPluginManager: Mounting Engine plugin PlatformCrypto
LogPluginManager: Mounting Engine plugin PythonScriptPlugin
LogPluginManager: Mounting Engine plugin RuntimeTelemetry
LogPluginManager: Mounting Engine plugin SlateIM
LogPluginManager: Mounting Engine plugin ToolPresets
LogPluginManager: Mounting Engine plugin CascadeToNiagaraConverter
LogPluginManager: Mounting Engine plugin Cascade
LogPluginManager: Mounting Engine plugin NiagaraSimCaching
LogPluginManager: Mounting Engine plugin Niagara
LogPluginManager: Mounting Engine plugin Fab
LogPluginManager: Mounting Engine plugin AlembicImporter
LogPluginManager: Mounting Engine plugin InterchangeAssets
LogPluginManager: Mounting Engine plugin InterchangeEditor
LogPluginManager: Mounting Engine plugin Interchange
LogPluginManager: Mounting Engine plugin AppleProResMedia
LogPluginManager: Mounting Engine plugin ImgMedia
LogPluginManager: Mounting Engine plugin MediaCompositing
LogPluginManager: Mounting Engine plugin MediaPlate
LogPluginManager: Mounting Engine plugin MfMedia
LogPluginManager: Mounting Engine plugin WebMMedia
LogPluginManager: Mounting Engine plugin WmfMedia
LogPluginManager: Mounting Engine plugin MeshPainting
LogPluginManager: Mounting Engine plugin TcpMessaging
LogPluginManager: Mounting Engine plugin UdpMessaging
LogPluginManager: Mounting Engine plugin ActorSequence
LogPluginManager: Mounting Engine plugin LevelSequenceEditor
LogPluginManager: Mounting Engine plugin MovieRenderPipeline
LogPluginManager: Mounting Engine plugin SequencerScripting
LogPluginManager: Mounting Engine plugin TemplateSequence
LogPluginManager: Mounting Engine plugin EOSShared
LogPluginManager: Mounting Engine plugin OnlineBase
LogPluginManager: Mounting Engine plugin OnlineServicesEOSGS
LogPluginManager: Mounting Engine plugin OnlineServicesEOS
LogPluginManager: Mounting Engine plugin OnlineServicesEpicCommon
LogPluginManager: Mounting Engine plugin OnlineServicesNull
LogPluginManager: Mounting Engine plugin OnlineServicesOSSAdapter
LogPluginManager: Mounting Engine plugin OnlineServices
LogPluginManager: Mounting Engine plugin OnlineSubsystemNull
LogPluginManager: Mounting Engine plugin OnlineSubsystemSteam
LogPluginManager: Mounting Engine plugin OnlineSubsystemUtils
LogPluginManager: Mounting Engine plugin OnlineSubsystem
LogPluginManager: Mounting Engine plugin SocketSubsystemEOS
LogPluginManager: Mounting Engine plugin LauncherChunkInstaller
LogPluginManager: Mounting Engine plugin ActorLayerUtilities
LogPluginManager: Mounting Engine plugin AndroidFileServer
LogPluginManager: Mounting Engine plugin ApexDestruction
LogPluginManager: Mounting Engine plugin AppleImageUtils
LogPluginManager: Mounting Engine plugin AssetTags
LogPluginManager: Mounting Engine plugin AudioCapture
LogPluginManager: Mounting Engine plugin AudioSynesthesia
LogPluginManager: Mounting Engine plugin AudioWidgets
LogPluginManager: Mounting Engine plugin CableComponent
LogPluginManager: Mounting Engine plugin ChunkDownloader
LogPluginManager: Mounting Engine plugin ComputeFramework
LogPluginManager: Mounting Engine plugin CustomMeshComponent
LogPluginManager: Mounting Engine plugin DataRegistry
LogPluginManager: Mounting Engine plugin SQLiteCore
LogPluginManager: Mounting Engine plugin ExampleDeviceProfileSelector
LogPluginManager: Mounting Engine plugin GameFeatures
LogPluginManager: Mounting Engine plugin GeometryCache
LogPluginManager: Mounting Engine plugin GeometryProcessing
LogPluginManager: Mounting Engine plugin GeometryScripting
LogPluginManager: Mounting Engine plugin GooglePAD
LogPluginManager: Mounting Engine plugin HairStrands
LogPluginManager: Mounting Engine plugin MeshModelingToolset
LogPluginManager: Mounting Engine plugin Metasound
LogPluginManager: Mounting Engine plugin ModelViewViewModel
LogPluginManager: Mounting Engine plugin ModularGameplay
LogPluginManager: Mounting Engine plugin MsQuic
LogPluginManager: Mounting Engine plugin DTLSHandlerComponent
LogPluginManager: Mounting Engine plugin ProceduralMeshComponent
LogPluginManager: Mounting Engine plugin PropertyAccessEditor
LogPluginManager: Mounting Engine plugin PropertyBindingUtils
LogPluginManager: Mounting Engine plugin ReplicationGraph
LogPluginManager: Mounting Engine plugin ResonanceAudio
LogPluginManager: Mounting Engine plugin RigVM
LogPluginManager: Mounting Engine plugin ScriptableToolsFramework
LogPluginManager: Mounting Engine plugin SignificanceManager
LogPluginManager: Mounting Engine plugin SoundFields
LogPluginManager: Mounting Engine plugin StateTree
LogPluginManager: Mounting Engine plugin SteamController
LogPluginManager: Mounting Engine plugin SteamShared
LogPluginManager: Mounting Engine plugin SteamSockets
LogPluginManager: Mounting Engine plugin Synthesis
LogPluginManager: Mounting Engine plugin WaveTable
LogPluginManager: Mounting Engine plugin WebMMoviePlayer
LogPluginManager: Mounting Engine plugin WindowsDeviceProfileSelector
LogPluginManager: Mounting Engine plugin WindowsMoviePlayer
LogPluginManager: Mounting Engine plugin WinDualShock
LogPluginManager: Mounting Engine plugin XInputDevice
LogPluginManager: Mounting Engine plugin EditorTests
LogPluginManager: Mounting Engine plugin FbxAutomationTestBuilder
LogPluginManager: Mounting Engine plugin FunctionalTestingEditor
LogPluginManager: Mounting Engine plugin InterchangeTests
LogPluginManager: Mounting Engine plugin RuntimeTests
LogPluginManager: Mounting Engine plugin TestFramework
LogPluginManager: Mounting Engine plugin TraceUtilities
LogPluginManager: Mounting Engine plugin CameraCalibrationCore
LogPluginManager: Mounting Engine plugin Takes
LogPluginManager: Mounting Engine plugin WorldMetrics
LogPluginManager: Mounting Engine plugin WwiseNiagara
LogPluginManager: Mounting Engine plugin Wwise
LogPluginManager: Mounting Project plugin AbstractInstance
LogPluginManager: Mounting Project plugin DLSS
LogPluginManager: Mounting Project plugin EditorTools
LogPluginManager: Mounting Project plugin FSR3
LogPluginManager: Mounting Project plugin GameplayEvents
LogPluginManager: Mounting Project plugin OnlineIntegration
LogPluginManager: Mounting Project plugin OnlineServicesSteamLimited
LogPluginManager: Mounting Project plugin RainRendering
LogPluginManager: Mounting Project plugin ReliableMessaging
LogPluginManager: Mounting Project plugin Sentry
LogPluginManager: Mounting Project plugin SignificanceISPC
LogPluginManager: Mounting Project plugin SteamDeckConfig
LogPluginManager: Mounting Project plugin StreamlineCore
LogPluginManager: Mounting Project plugin StreamlineDLSSG
LogPluginManager: Mounting Project plugin StreamlineDeepDVC
LogPluginManager: Mounting Project plugin StreamlineReflex
LogPluginManager: Mounting Project plugin Streamline
LogPluginManager: Mounting Project plugin XeSS
LogConfig: Applying CVar settings from Section [/Script/FFXFSR3Settings.FFXFSR3Settings] File [Engine]
LogConfig: Set CVar [[r.FidelityFX.FSR3.HistoryFormat:0]]
LogConfig: Set CVar [[r.FidelityFX.FSR3.DeDither:0]]
LogConfig: Set CVar [[r.FidelityFX.FSR3.UseSSRExperimentalDenoiser:0]]
LogConfig: Set CVar [[r.FidelityFX.FSR3.CreateReactiveMask:0]]
LogHAL: Log category LogOnlineSession verbosity has been raised to Verbose.
LogNFORDenoise: NFORDenoise function starting up
LogEOSShared: Loaded "C:/Program Files (x86)/Steam/steamapps/common/Satisfactory/Engine/Binaries/Win64/EOSSDK-Win64-Shipping.dll"
LogEOSShared: FEOSSDKManager::Initialize Initializing EOSSDK Version:1.18.1.2-47370208
LogInit: Using libcurl 8.12.1
LogInit:  - built for Windows
LogInit:  - supports SSL with OpenSSL/1.1.1t
LogInit:  - supports HTTP deflate (compression) using libz 1.3
LogInit:  - other features:
LogInit:      CURL_VERSION_SSL
LogInit:      CURL_VERSION_LIBZ
LogInit:      CURL_VERSION_IPV6
LogInit:      CURL_VERSION_ASYNCHDNS
LogInit:      CURL_VERSION_LARGEFILE
LogInit:      CURL_VERSION_TLSAUTH_SRP
LogInit:      CURL_VERSION_HTTP2
LogInit:  CurlRequestOptions (configurable via config and command line):
LogInit:  - bVerifyPeer = true  - Libcurl will verify peer certificate
LogInit:  - bUseHttpProxy = false  - Libcurl will NOT use HTTP proxy
LogInit:  - bDontReuseConnections = false  - Libcurl will reuse connections
LogInit:  - MaxHostConnections = 16  - Libcurl will limit the number of connections to a host
LogInit:  - LocalHostAddr = Default
LogInit:  - BufferSize = 65536
LogInit: CreateHttpThread using FCurlMultiPollEventLoopHttpThread
LogInit: Creating http thread with maximum 256 concurrent requests
LogInit: WinSock: version 1.1 (2.2), MaxSocks=32767, MaxUdp=65467
LogOnline: OSS: Created online subsystem instance for: NULL
LogOnline: OSS: TryLoadSubsystemAndSetDefault: Loaded subsystem for type [NULL]
LogDLSSBlueprint: Loaded DLSS-SR plugin version 8.1.0-NGX310.2.1.0
LogDLSSNGXVulkanRHIPreInit: FNGXVulkanRHIPreInitModule::StartupModule Enter
LogRHI: Using Default RHI: D3D12
LogRHI: Using Highest Feature Level of D3D12: SM6
LogRHI: Loading RHI module D3D12RHI
LogRHI: Checking if RHI D3D12 with Feature Level SM6 is supported by your system.
LogD3D12RHI: Found D3D12 adapter 0: AMD Radeon(TM) Graphics (VendorId: 1002, DeviceId: 1681, SubSysId: 3da517aa, Revision: 000a
LogD3D12RHI:   Max supported Feature Level 12_2, shader model 6.7, binding tier 3, wave ops supported, atomic64 supported
LogD3D12RHI:   Adapter has 2019MB of dedicated video memory, 0MB of dedicated system memory, and 7010MB of shared system memory, 1 output[s], UMA:true
LogD3D12RHI:   Driver Version: AMD Software: Adrenalin Edition 26.5.2 (internal:32.0.21043.10005, unified:32.0.21043.10005)
LogD3D12RHI:      Driver Date: 5-12-2026
LogD3D12RHI: Found D3D12 adapter 1: Microsoft Basic Render Driver (VendorId: 1414, DeviceId: 008c, SubSysId: 0000, Revision: 0000
LogD3D12RHI:   Max supported Feature Level 12_1, shader model 6.7, binding tier 3, wave ops supported, atomic64 supported
LogD3D12RHI:   Adapter has 0MB of dedicated video memory, 0MB of dedicated system memory, and 7010MB of shared system memory, 0 output[s], UMA:true
LogD3D12RHI: DirectX Agility SDK runtime found.
LogD3D12RHI: Chosen D3D12 Adapter Id = 0
LogRHI: RHI D3D12 with Feature Level SM6 is supported and will be used.
LogDLSSNGXVulkanRHIPreInit: GetSelectedDynamicRHIModuleName = D3D12RHI
LogDLSSNGXVulkanRHIPreInit: VulkanRHI is not the active DynamicRHI; skipping of pregistering the required NGX DLSS Vulkan device and instance extensions via the VulkanRHIBridge
LogDLSSNGXVulkanRHIPreInit: FNGXVulkanRHIPreInitModule::StartupModule Leave
LogFSR3: FSR3 Temporal Upscaling Module Started
LogFFXFI: FFX Frame Interpolation Module Started
LogSteamShared: Display: Loading Steam SDK 1.57
LogSteamShared: Steam SDK Loaded!
LogStreamlineShaders: Loaded Streamline plugin version 8.1.0-SL2.7.30
LogRHI: Using Default RHI: D3D12
LogRHI: Using Highest Feature Level of D3D12: SM6
LogRHI: Loading RHI module D3D12RHI
LogRHI: Checking if RHI D3D12 with Feature Level SM6 is supported by your system.
LogRHI: RHI D3D12 with Feature Level SM6 is supported and will be used.
LogInit: ExecutableName: FactoryGameSteam-Win64-Shipping.exe
LogInit: Build: ++FactoryGame+rel-main-1.2.0-CL-491125
LogInit: Platform=Windows
LogInit: MachineId=3291ca854b01b3d45f838cbc4bd7329d
LogInit: DeviceId=
LogInit: Engine Version: 5.6.1-491125+++FactoryGame+rel-main-1.2.0
LogInit: Compatible Engine Version: 5.6.1-491125+++FactoryGame+rel-main-1.2.0
LogInit: Net CL: 491125
LogInit: OS: Windows 11 (25H2) [10.0.26200.8117] (), CPU: AMD Ryzen 7 7735HS with Radeon Graphics        , GPU: AMD Radeon(TM) Graphics
LogInit: Compiled (64-bit): May 19 2026 06:20:56
LogInit: Architecture: x64
LogInit: Compiled with Visual C++: 19.38.33141.00
LogInit: Build Configuration: Shipping
LogInit: Branch Name: ++FactoryGame+rel-main-1.2.0
LogInit: Command Line: -NO_EOS_OVERLAY
LogInit: Base Directory: C:/Program Files (x86)/Steam/steamapps/common/Satisfactory/Engine/Binaries/Win64/
LogInit: Allocator: Binned2
LogInit: Installed Engine Build: 1
LogInit: This binary is optimized with LTO: no, PGO: no, instrumented for PGO data collection: no
LogInit: Launcher File: C:/Program Files (x86)/Steam/steamapps/common/Satisfactory/launcher_id
LogInit: Launcher ID: steam
LogInit: Launcher Artifact: 
LogInit: Presizing for max 2097152 objects, including 1 objects not considered by GC.
LogInit: Object subsystem initialized
[2026.06.06-18.11.59:889][  0]LogRHI: Using Default RHI: D3D12
[2026.06.06-18.11.59:889][  0]LogRHI: Using Highest Feature Level of D3D12: SM6
[2026.06.06-18.11.59:889][  0]LogRHI: Loading RHI module D3D12RHI
[2026.06.06-18.11.59:889][  0]LogRHI: Checking if RHI D3D12 with Feature Level SM6 is supported by your system.
[2026.06.06-18.11.59:889][  0]LogRHI: RHI D3D12 with Feature Level SM6 is supported and will be used.
[2026.06.06-18.11.59:889][  0]LogInit: Selected Device Profile: [Windows]
[2026.06.06-18.11.59:889][  0]LogHAL: Display: Platform has ~ 14 GB [14701584384 / 17179869184 / 14], which maps to Larger [LargestMinGB=32, LargerMinGB=12, DefaultMinGB=8, SmallerMinGB=6, SmallestMinGB=0)
[2026.06.06-18.11.59:889][  0]LogDeviceProfileManager: Going up to parent DeviceProfile []
[2026.06.06-18.11.59:889][  0]LogDeviceProfileManager: Pushing Device Profile CVar: [[UI.SlateSDFText.RasterizationMode:Bitmap -> Msdf]]
[2026.06.06-18.11.59:889][  0]LogDeviceProfileManager: Pushing Device Profile CVar: [[UI.SlateSDFText.ResolutionLevel:2 -> 2]]
[2026.06.06-18.11.59:893][  0]LogInit: Computer: SLIM
[2026.06.06-18.11.59:893][  0]LogInit: User: cheva
[2026.06.06-18.11.59:893][  0]LogInit: CPU Page size=4096, Cores=8
[2026.06.06-18.11.59:893][  0]LogInit: High frequency timer resolution =10.000000 MHz
[2026.06.06-18.11.59:894][  0]LogMemory: Process is running as part of a Windows Job with separate resource limits
[2026.06.06-18.11.59:894][  0]LogMemory: Memory total: Physical=13.7GB (14GB approx) Virtual=27.2GB
[2026.06.06-18.11.59:894][  0]LogMemory: Platform Memory Stats for Windows
[2026.06.06-18.11.59:894][  0]LogMemory: Process Physical Memory: 225.55 MB used, 225.55 MB peak
[2026.06.06-18.11.59:894][  0]LogMemory: Process Virtual Memory: 172.66 MB used, 172.66 MB peak
[2026.06.06-18.11.59:894][  0]LogMemory: Physical Memory: 7236.79 MB used,  6783.73 MB free, 14020.52 MB total
[2026.06.06-18.11.59:894][  0]LogMemory: Virtual Memory: 10131.62 MB used,  17712.90 MB free, 27844.52 MB total
[2026.06.06-18.11.59:898][  0]LogWindows: WindowsPlatformFeatures enabled
[2026.06.06-18.11.59:992][  0]LogInit: Physics initialised using underlying interface: Chaos
[2026.06.06-18.11.59:993][  0]LogInit: Overriding language with engine language configuration option (ru-RU).
[2026.06.06-18.11.59:993][  0]LogInit: Overriding language with engine locale configuration option (ru-RU).
[2026.06.06-18.11.59:996][  0]LogTextLocalizationManager: No specific localization for 'ru-RU' exists, so 'ru' will be used for the language.
[2026.06.06-18.12.00:069][  0]LogTextLocalizationResource: LocRes '../../../FactoryGame/Plugins/XeSS/Content/Localization/XeSS/ru/XeSS.locres' could not be opened for reading!
[2026.06.06-18.12.00:099][  0]LogWindowsTextInputMethodSystem: Available input methods:
[2026.06.06-18.12.00:099][  0]LogWindowsTextInputMethodSystem:   - English (United States) - (Keyboard).
[2026.06.06-18.12.00:099][  0]LogWindowsTextInputMethodSystem:   - Russian (Russia) - (Keyboard).
[2026.06.06-18.12.00:099][  0]LogWindowsTextInputMethodSystem: Activated input method: English (United States) - (Keyboard).
[2026.06.06-18.12.00:108][  0]LogWindowsTouchpad: Display: CacheForceMaxTouchpadSensitivityMode SetMaxTouchpadSensitivity
[2026.06.06-18.12.00:118][  0]LogObj: Display: Attempting to load config data for Default__SlateThemeManager before the Class has been constructed/registered/linked (likely during module loading or early startup). This will result in the load silently failing and should be fixed.
[2026.06.06-18.12.00:123][  0]LogSlate: New Slate User Created. Platform User Id 0, User Index 0, Is Virtual User: 0
[2026.06.06-18.12.00:123][  0]LogSlate: Slate User Registered.  User Index 0, Is Virtual User: 0
[2026.06.06-18.12.00:205][  0]LogRHI: Using Default RHI: D3D12
[2026.06.06-18.12.00:205][  0]LogRHI: Using Highest Feature Level of D3D12: SM6
[2026.06.06-18.12.00:205][  0]LogRHI: Loading RHI module D3D12RHI
[2026.06.06-18.12.00:205][  0]LogRHI: Checking if RHI D3D12 with Feature Level SM6 is supported by your system.
[2026.06.06-18.12.00:205][  0]LogRHI: RHI D3D12 with Feature Level SM6 is supported and will be used.
[2026.06.06-18.12.00:205][  0]LogD3D12RHI: Integrated GPU (iGPU): true
[2026.06.06-18.12.00:205][  0]LogD3D12RHI: Display: Creating D3D12 RHI with Max Feature Level SM6
[2026.06.06-18.12.00:206][  0]LogWindows: Attached monitors:
[2026.06.06-18.12.00:206][  0]LogWindows:     resolution: 1600x1000, work area: (0, 0) -> (1600, 952), device: '\\.\DISPLAY1' [PRIMARY]
[2026.06.06-18.12.00:206][  0]LogWindows: Found 1 attached monitors.
[2026.06.06-18.12.00:206][  0]LogWindows: Gathering driver information using Windows Setup API
[2026.06.06-18.12.00:206][  0]LogRHI: RHI Adapter Info:
[2026.06.06-18.12.00:206][  0]LogRHI:             Name: AMD Radeon(TM) Graphics
[2026.06.06-18.12.00:206][  0]LogRHI:   Driver Version: AMD Software: Adrenalin Edition 26.5.2 (internal:32.0.21043.10005, unified:32.0.21043.10005)
[2026.06.06-18.12.00:206][  0]LogRHI:      Driver Date: 5-12-2026
[2026.06.06-18.12.00:207][  0]LogD3D12RHI:     GPU DeviceId: 0x1681 (for the marketing name, search the web for "GPU Device Id")
[2026.06.06-18.12.00:678][  0]LogD3D12RHI: InitD3DDevice: -D3DDebug = off -D3D12GPUValidation = off
[2026.06.06-18.12.01:005][  0]LogD3D12RHI: ID3D12Device1 is supported.
[2026.06.06-18.12.01:005][  0]LogD3D12RHI: ID3D12Device2 is supported.
[2026.06.06-18.12.01:005][  0]LogD3D12RHI: ID3D12Device3 is supported.
[2026.06.06-18.12.01:005][  0]LogD3D12RHI: ID3D12Device4 is supported.
[2026.06.06-18.12.01:005][  0]LogD3D12RHI: ID3D12Device5 is supported.
[2026.06.06-18.12.01:005][  0]LogD3D12RHI: ID3D12Device6 is supported.
[2026.06.06-18.12.01:005][  0]LogD3D12RHI: ID3D12Device7 is supported.
[2026.06.06-18.12.01:005][  0]LogD3D12RHI: ID3D12Device8 is supported.
[2026.06.06-18.12.01:005][  0]LogD3D12RHI: ID3D12Device9 is supported.
[2026.06.06-18.12.01:005][  0]LogD3D12RHI: ID3D12Device10 is supported.
[2026.06.06-18.12.01:005][  0]LogD3D12RHI: ID3D12Device11 is supported.
[2026.06.06-18.12.01:005][  0]LogD3D12RHI: ID3D12Device12 is supported.
[2026.06.06-18.12.01:005][  0]LogD3D12RHI: Bindless resources are supported
[2026.06.06-18.12.01:005][  0]LogD3D12RHI: Stencil ref from pixel shader is supported
[2026.06.06-18.12.01:005][  0]LogD3D12RHI: Raster order views are supported
[2026.06.06-18.12.01:005][  0]LogD3D12RHI: Wave Operations are supported (wave size: min=32 max=64).
[2026.06.06-18.12.01:005][  0]LogD3D12RHI: Mesh shader tier 1.0 is supported
[2026.06.06-18.12.01:005][  0]LogD3D12RHI: AtomicInt64OnTypedResource is supported
[2026.06.06-18.12.01:005][  0]LogD3D12RHI: AtomicInt64OnGroupShared is supported
[2026.06.06-18.12.01:005][  0]LogD3D12RHI: AtomicInt64OnDescriptorHeapResource is supported
[2026.06.06-18.12.01:005][  0]LogD3D12RHI: Shader Model 6.6 atomic64 is supported
[2026.06.06-18.12.01:038][  0]LogD3D12RHI: [GPUBreadCrumb] Successfully setup breadcrumb resource for DiagnosticBuffer (Queue: 0x000001BD13149680)
[2026.06.06-18.12.01:038][  0]LogD3D12RHI: [GPUBreadCrumb] Successfully setup breadcrumb resource for DiagnosticBuffer (Queue: 0x000001BD13149900)
[2026.06.06-18.12.01:038][  0]LogD3D12RHI: [GPUBreadCrumb] Successfully setup breadcrumb resource for DiagnosticBuffer (Queue: 0x000001BD13149B80)
[2026.06.06-18.12.01:038][  0]LogD3D12RHI: Display: Not using pipeline state disk cache per r.D3D12.PSO.DiskCache=0
[2026.06.06-18.12.01:039][  0]LogD3D12RHI: Display: Not using driver-optimized pipeline state disk cache per r.D3D12.PSO.DriverOptimizedDiskCache=0
[2026.06.06-18.12.01:039][  0]LogRHI: Texture pool is 5242 MB (70% of 7489 MB)
[2026.06.06-18.12.01:039][  0]LogD3D12RHI: Async texture creation enabled
[2026.06.06-18.12.01:039][  0]LogD3D12RHI: RHI has support for 64 bit atomics
[2026.06.06-18.12.01:073][  0]LogVRS: Current RHI supports per-draw and screenspace Variable Rate Shading
[2026.06.06-18.12.01:083][  0]LogInit: Initializing FReadOnlyCVARCache
[2026.06.06-18.12.01:098][  0]LogRendererCore: Ray tracing is disabled. Reason: disabled through project setting (r.RayTracing=0).
[2026.06.06-18.12.01:098][  0]LogShaderLibrary: Display: Using IoDispatcher for shader code library Global. Total 7508 unique shaders.
[2026.06.06-18.12.01:098][  0]LogShaderLibrary: Display: Cooked Context: Using Shared Shader Library Global
[2026.06.06-18.12.01:098][  0]LogShaderLibrary: Display: Logical shader library 'Global' has been created as a monolithic library
[2026.06.06-18.12.01:124][  0]LogInit: XR: Instanced Stereo Rendering is Disabled
[2026.06.06-18.12.01:124][  0]LogInit: XR: MultiViewport is Disabled
[2026.06.06-18.12.01:124][  0]LogInit: XR: Mobile Multiview is Disabled
[2026.06.06-18.12.01:158][  0]LogSlate: Using FreeType 2.10.0
[2026.06.06-18.12.01:161][  0]LogSlate: SlateFontServices - WITH_FREETYPE: 1, WITH_HARFBUZZ: 1
[2026.06.06-18.12.01:209][  0]LogEOSSDK: LogEOS: [Boot] EOSSDK Version 1.18.1.2-47370208 booting at 2026-06-06T18:12:01.209Z using C
[2026.06.06-18.12.01:214][  0]LogEOSSDK: LogEOS: [Boot] EOSSDK Platform Configuration win64-dynamic-x86_64
[2026.06.06-18.12.01:214][  0]LogEOSSDK: LogEOS: [Boot] EOSSDK Platform Properties [OS=Windows/10.0.26100.8115.64bit, ClientId=02612880aa774fb28e3741d3e01501fd, ProductId=prod-crab, SandboxId=crab, DeploymentId=5aebeb30a7614270b4f40c0bc2fe7549, ProductName=FactoryGame, ProductVersion=++FactoryGame+rel-main-1.2.0-CL-491125, IsServer=false, Flags=None]
[2026.06.06-18.12.01:214][  0]LogEOSSDK: LogEOSAnalytics: Start Session (User: ...)
[2026.06.06-18.12.01:214][  0]LogEOSSDK: Warning: LogEOSOverlay: OverlayPath registry key not found
[2026.06.06-18.12.01:214][  0]LogEOSSDK: LogEOSOverlay: Overlay will not load, because the binary's path is not configured
[2026.06.06-18.12.01:214][  0]LogEOSSDK: Warning: LogEOSOverlay: Failed to initialize overlay module: PATH_NOT_CONFIGURED
[2026.06.06-18.12.01:214][  0]LogEOSSDK: Warning: LogEOSAuth: FAccountPortalBrowserManager::Init: Failed to register overlay: EOS_NotConfigured
[2026.06.06-18.12.01:214][  0]LogEOSSDK: Warning: LogEOSUI: Hot key event ignored because there are no known users.
[2026.06.06-18.12.01:223][  0]LogEOSSDK: LogEOSAntiCheat: [AntiCheatClient] Anti-cheat client not available. Verify that the game was started using the anti-cheat bootstrapper if you intend to use it.
[2026.06.06-18.12.01:223][  0]LogEOSSDK: LogEOSRTC: [Core] Initializing LibRTC...
[2026.06.06-18.12.01:225][  0]LogEOSSDK: LogEOS: SetApplicationStatus - OldStatus: EOS_AS_Foreground, NewStatus: EOS_AS_Foreground, Current Time: 0001.01.01-00.00.00
[2026.06.06-18.12.01:225][  0]LogEOSSDK: LogEOS: SetNetworkStatus - OldStatus: EOS_NS_Online, NewStatus: EOS_NS_Online
[2026.06.06-18.12.01:225][  0]LogEOSSDK: LogEOS: Updating Platform SDK Config, Time: 0.000109
[2026.06.06-18.12.01:243][  0]LogOnlineSchema: Parsed Schema definition: SchemaId: [LobbyBase], SchemaCompatabilityId: [0x5F1D9C43215C9EC6]
[2026.06.06-18.12.01:243][  0]LogOnlineServices: Warning: Missing bUseBuildIdOverride= in [OnlineServices] of DefaultEngine.ini
[2026.06.06-18.12.01:243][  0]LogOnlineServices: Warning: Missing BuildIdOverride= in [OnlineServices] of DefaultEngine.ini
[2026.06.06-18.12.01:246][  0]LogOnlineServices: 000001BD3CA76710 Epic online services instance initialize
[2026.06.06-18.12.01:341][  0]LogStreamlineD3D12RHI: FStreamlineD3D12RHIModule::StartupModule Enter
[2026.06.06-18.12.01:345][  0]LogStreamlineAPI: [Info]: [21-12-01][streamline][info][tid:16996][0s:005ms:351us]pluginManager.cpp:489[setHostSDKVersion] Streamline v2.7.30.afa89bde - built on Mon Mar 31 10:49:36 2025 - host SDK v2.7.30
[2026.06.06-18.12.01:345][  0]LogStreamlineAPI: Warning: [Warn]: [21-12-01][streamline][warn][tid:16996][0s:005ms:463us]file.h:96[open] File 'C:\ProgramData/NVIDIA/NGX/models/nvngx_config.txt' does not exist
[2026.06.06-18.12.01:345][  0]LogStreamlineAPI: Warning: [Warn]: [21-12-01][streamline][warn][tid:16996][0s:005ms:507us]ota.cpp:255[readServerManifest] Failed to open manifest file at: C:\ProgramData/NVIDIA/NGX/models/nvngx_config.txt
[2026.06.06-18.12.01:353][  0]LogStreamlineAPI: [Info]: [21-12-01][streamline][info][tid:16996][0s:014ms:610us]pluginManager.cpp:618[findPlugins] Looking for plugins in C:/Program Files (x86)/Steam/steamapps/common/Satisfactory/FactoryGame/Plugins/StreamlineCore/Binaries/ThirdParty/Win64 ...
[2026.06.06-18.12.01:353][  0]LogStreamlineAPI: [Info]: [21-12-01][streamline][info][tid:16996][0s:014ms:809us]pluginManager.cpp:1087[loadPlugins] Searching for OTA'd plugins...
[2026.06.06-18.12.01:383][  0]LogStreamlineAPI: [Info]: [21-12-01][streamline][info][tid:16996][0s:043ms:417us]commonInterface.cpp:150[getSystemCaps] Enumerating up to 8 adapters but only one of them can be used to create a device - no mGPU support in this SDK
[2026.06.06-18.12.01:383][  0]LogStreamlineAPI: [Info]: [21-12-01][streamline][info][tid:16996][0s:049ms:525us]commonEntry.cpp:2055[getOSVersionAndUpdateTimerResolution] Changed high resolution timer resolution to 156250 [100 ns units].
[2026.06.06-18.12.01:383][  0]LogStreamlineAPI: [Info]: [21-12-01][streamline][info][tid:16996][0s:049ms:578us]commonEntry.cpp:2130[updateEmbeddedJSON] Detected Windows OS version 10.0.26200
[2026.06.06-18.12.01:383][  0]LogStreamlineAPI: [Info]: [21-12-01][streamline][info][tid:16996][0s:049ms:800us]pluginManager.cpp:1002[mapPlugins] Loaded plugin 'sl.common' - version 2.7.30.afa89bde - id 4294967295 - priority 0 - adapter mask 0x1 - interposer 'no'
[2026.06.06-18.12.01:405][  0]LogStreamlineAPI: [Info]: [21-12-01][streamline][info][tid:16996][0s:068ms:822us]pluginManager.cpp:1002[mapPlugins] Loaded plugin 'sl.deepdvc' - version 2.7.30.afa89bde - id 5 - priority 100 - adapter mask 0x0 - interposer 'no'
[2026.06.06-18.12.01:427][  0]LogStreamlineAPI: Warning: [Warn]: [21-12-01][streamline][warn][tid:16996][0s:088ms:527us]dlss_gEntry.cpp:144[updateEmbeddedJSON] Failed to obtain DLSS-G min spec requirements from NGX, using SL defaults
[2026.06.06-18.12.01:429][  0]LogStreamlineAPI: Warning: [Warn]: [21-12-01][streamline][warn][tid:16996][0s:088ms:617us]dlss_gEntry.cpp:327[updateEmbeddedJSON] Disabling DLSS-G since it is not supported on current hardware
[2026.06.06-18.12.01:429][  0]LogStreamlineAPI: [Info]: [21-12-01][streamline][info][tid:16996][0s:088ms:986us]pluginManager.cpp:1002[mapPlugins] Loaded plugin 'sl.dlss_g' - version 2.7.30.afa89bde - id 1000 - priority 1000 - adapter mask 0x0 - interposer 'no'
[2026.06.06-18.12.01:446][  0]LogStreamlineAPI: [Info]: [21-12-01][streamline][info][tid:16996][0s:107ms:134us]pluginManager.cpp:1002[mapPlugins] Loaded plugin 'sl.pcl' - version 2.7.30.afa89bde - id 4 - priority 2 - adapter mask 0x1 - interposer 'no'
[2026.06.06-18.12.01:464][  0]LogStreamlineAPI: [Info]: [21-12-01][streamline][info][tid:16996][0s:124ms:900us]pluginManager.cpp:1002[mapPlugins] Loaded plugin 'sl.reflex' - version 2.7.30.afa89bde - id 3 - priority 100 - adapter mask 0x1 - interposer 'no'
[2026.06.06-18.12.01:464][  0]LogStreamlineAPI: Warning: [Warn]: [21-12-01][streamline][warn][tid:16996][0s:124ms:943us]pluginManager.cpp:1141[loadPlugins] Ignoring plugin 'sl.deepdvc' since it is not supported on this platform
[2026.06.06-18.12.01:464][  0]LogStreamlineAPI: Warning: [Warn]: [21-12-01][streamline][warn][tid:16996][0s:124ms:981us]pluginManager.cpp:1141[loadPlugins] Ignoring plugin 'sl.dlss_g' since it is not supported on this platform
[2026.06.06-18.12.01:464][  0]LogStreamlineAPI: [Info]: [21-12-01][streamline][info][tid:16996][0s:125ms:222us]pluginManager.cpp:1241[loadPlugins] Plugin execution order based on priority:
[2026.06.06-18.12.01:464][  0]LogStreamlineAPI: [Info]: [21-12-01][streamline][info][tid:16996][0s:125ms:249us]pluginManager.cpp:1244[loadPlugins] P0 - sl.common
[2026.06.06-18.12.01:464][  0]LogStreamlineAPI: [Info]: [21-12-01][streamline][info][tid:16996][0s:125ms:263us]pluginManager.cpp:1244[loadPlugins] P2 - sl.pcl
[2026.06.06-18.12.01:464][  0]LogStreamlineAPI: [Info]: [21-12-01][streamline][info][tid:16996][0s:125ms:274us]pluginManager.cpp:1244[loadPlugins] P100 - sl.reflex
[2026.06.06-18.12.01:464][  0]LogStreamlineAPI: [Info]: [21-12-01][streamline][info][tid:16996][0s:125ms:286us]pluginManager.cpp:1436[initializePlugins] Initializing plugins - api 0.0.1 - application ID 100721531
[2026.06.06-18.12.01:468][  0]LogStreamlineAPI: [Info]: [21-12-01][streamline][info][tid:16996][0s:128ms:244us]pluginManager.cpp:1544[mapPluginCallbacks] Callback sl.common:slSetData:0x0
[2026.06.06-18.12.01:468][  0]LogStreamlineAPI: [Info]: [21-12-01][streamline][info][tid:16996][0s:128ms:281us]pluginManager.cpp:1545[mapPluginCallbacks] Callback sl.common:slGetData:0x0
[2026.06.06-18.12.01:468][  0]LogStreamlineAPI: [Info]: [21-12-01][streamline][info][tid:16996][0s:128ms:301us]pluginManager.cpp:1546[mapPluginCallbacks] Callback sl.common:slAllocateResources:0x0
[2026.06.06-18.12.01:468][  0]LogStreamlineAPI: [Info]: [21-12-01][streamline][info][tid:16996][0s:128ms:321us]pluginManager.cpp:1547[mapPluginCallbacks] Callback sl.common:slFreeResources:0x0
[2026.06.06-18.12.01:468][  0]LogStreamlineAPI: [Info]: [21-12-01][streamline][info][tid:16996][0s:128ms:340us]pluginManager.cpp:1548[mapPluginCallbacks] Callback sl.common:slEvaluateFeature:0x7ffeca261b30
[2026.06.06-18.12.01:468][  0]LogStreamlineAPI: [Info]: [21-12-01][streamline][info][tid:16996][0s:128ms:361us]pluginManager.cpp:1549[mapPluginCallbacks] Callback sl.common:slSetTag:0x7ffeca260a50
[2026.06.06-18.12.01:468][  0]LogStreamlineAPI: [Info]: [21-12-01][streamline][info][tid:16996][0s:128ms:379us]pluginManager.cpp:1550[mapPluginCallbacks] Callback sl.common:slSetTagForFrame:0x7ffeca260bb0
[2026.06.06-18.12.01:468][  0]LogStreamlineAPI: [Info]: [21-12-01][streamline][info][tid:16996][0s:128ms:402us]pluginManager.cpp:1551[mapPluginCallbacks] Callback sl.common:slSetConsts:0x7ffeca2618e0
[2026.06.06-18.12.01:468][  0]LogStreamlineAPI: [Info]: [21-12-01][streamline][info][tid:16996][0s:128ms:420us]pluginManager.cpp:1320[processPluginHooks] Hook sl.common:slHookVkPresent:before - skipped
[2026.06.06-18.12.01:468][  0]LogStreamlineAPI: [Info]: [21-12-01][streamline][info][tid:16996][0s:128ms:440us]pluginManager.cpp:1320[processPluginHooks] Hook sl.common:slHookVkAfterPresent:after - skipped
[2026.06.06-18.12.01:468][  0]LogStreamlineAPI: [Info]: [21-12-01][streamline][info][tid:16996][0s:128ms:458us]pluginManager.cpp:1320[processPluginHooks] Hook sl.common:slHookVkCmdBindPipeline:after - skipped
[2026.06.06-18.12.01:468][  0]LogStreamlineAPI: [Info]: [21-12-01][streamline][info][tid:16996][0s:128ms:478us]pluginManager.cpp:1320[processPluginHooks] Hook sl.common:slHookVkCmdBindDescriptorSets:after - skipped
[2026.06.06-18.12.01:468][  0]LogStreamlineAPI: [Info]: [21-12-01][streamline][info][tid:16996][0s:128ms:496us]pluginManager.cpp:1320[processPluginHooks] Hook sl.common:slHookVkBeginCommandBuffer:after - skipped
[2026.06.06-18.12.01:468][  0]LogStreamlineAPI: [Info]: [21-12-01][streamline][info][tid:16996][0s:128ms:514us]pluginManager.cpp:1344[processPluginHooks] Hook sl.common:slHookResizeSwapChainPre:before - OK
[2026.06.06-18.12.01:468][  0]LogStreamlineAPI: [Info]: [21-12-01][streamline][info][tid:16996][0s:128ms:530us]pluginManager.cpp:1344[processPluginHooks] Hook sl.common:slHookPresent:before - OK
[2026.06.06-18.12.01:468][  0]LogStreamlineAPI: [Info]: [21-12-01][streamline][info][tid:16996][0s:128ms:546us]pluginManager.cpp:1344[processPluginHooks] Hook sl.common:slHookAfterPresent:after - OK
[2026.06.06-18.12.01:468][  0]LogStreamlineAPI: [Info]: [21-12-01][streamline][info][tid:16996][0s:128ms:567us]pluginManager.cpp:1344[processPluginHooks] Hook sl.common:slHookPresent1:before - OK
[2026.06.06-18.12.01:468][  0]LogStreamlineAPI: [Info]: [21-12-01][streamline][info][tid:16996][0s:128ms:656us]pluginManager.cpp:1544[mapPluginCallbacks] Callback sl.pcl:slSetData:0x7ffeca1889e0
[2026.06.06-18.12.01:468][  0]LogStreamlineAPI: [Info]: [21-12-01][streamline][info][tid:16996][0s:128ms:684us]pluginManager.cpp:1545[mapPluginCallbacks] Callback sl.pcl:slGetData:0x7ffeca1889f0
[2026.06.06-18.12.01:468][  0]LogStreamlineAPI: [Info]: [21-12-01][streamline][info][tid:16996][0s:128ms:696us]pluginManager.cpp:1546[mapPluginCallbacks] Callback sl.pcl:slAllocateResources:0x0
[2026.06.06-18.12.01:469][  0]LogStreamlineAPI: [Info]: [21-12-01][streamline][info][tid:16996][0s:128ms:707us]pluginManager.cpp:1547[mapPluginCallbacks] Callback sl.pcl:slFreeResources:0x0
[2026.06.06-18.12.01:469][  0]LogStreamlineAPI: [Info]: [21-12-01][streamline][info][tid:16996][0s:128ms:718us]pluginManager.cpp:1548[mapPluginCallbacks] Callback sl.pcl:slEvaluateFeature:0x0
[2026.06.06-18.12.01:469][  0]LogStreamlineAPI: [Info]: [21-12-01][streamline][info][tid:16996][0s:128ms:728us]pluginManager.cpp:1549[mapPluginCallbacks] Callback sl.pcl:slSetTag:0x0
[2026.06.06-18.12.01:469][  0]LogStreamlineAPI: [Info]: [21-12-01][streamline][info][tid:16996][0s:128ms:743us]pluginManager.cpp:1550[mapPluginCallbacks] Callback sl.pcl:slSetTagForFrame:0x0
[2026.06.06-18.12.01:469][  0]LogStreamlineAPI: [Info]: [21-12-01][streamline][info][tid:16996][0s:128ms:754us]pluginManager.cpp:1551[mapPluginCallbacks] Callback sl.pcl:slSetConsts:0x0
[2026.06.06-18.12.01:469][  0]LogStreamlineAPI: [Info]: [21-12-01][streamline][info][tid:16996][0s:128ms:767us]pluginManager.cpp:1305[processPluginHooks] Plugin 'sl.pcl' has no registered hooks
[2026.06.06-18.12.01:469][  0]LogStreamlineAPI: [Info]: [21-12-01][streamline][info][tid:16996][0s:128ms:778us]pluginManager.cpp:1544[mapPluginCallbacks] Callback sl.reflex:slSetData:0x7ffeca148d10
[2026.06.06-18.12.01:469][  0]LogStreamlineAPI: [Info]: [21-12-01][streamline][info][tid:16996][0s:128ms:788us]pluginManager.cpp:1545[mapPluginCallbacks] Callback sl.reflex:slGetData:0x7ffeca149600
[2026.06.06-18.12.01:469][  0]LogStreamlineAPI: [Info]: [21-12-01][streamline][info][tid:16996][0s:128ms:798us]pluginManager.cpp:1546[mapPluginCallbacks] Callback sl.reflex:slAllocateResources:0x0
[2026.06.06-18.12.01:469][  0]LogStreamlineD3D12RHI: FStreamlineD3D12RHIModule::StartupModule Leave
[2026.06.06-18.12.01:469][  0]LogStreamlineAPI: [Info]: [21-12-01][streamline][info][tid:16996][0s:128ms:808us]pluginManager.cpp:1547[mapPluginCallbacks] Callback sl.reflex:slFreeResources:0x0
[2026.06.06-18.12.01:469][  0]LogStreamlineAPI: [Info]: [21-12-01][streamline][info][tid:16996][0s:128ms:820us]pluginManager.cpp:1548[mapPluginCallbacks] Callback sl.reflex:slEvaluateFeature:0x0
[2026.06.06-18.12.01:469][  0]LogStreamlineAPI: [Info]: [21-12-01][streamline][info][tid:16996][0s:128ms:830us]pluginManager.cpp:1549[mapPluginCallbacks] Callback sl.reflex:slSetTag:0x0
[2026.06.06-18.12.01:469][  0]LogStreamlineD3D12RHI: FStreamlineD3D12RHI::FStreamlineD3D12RHI Enter
[2026.06.06-18.12.01:469][  0]LogStreamlineAPI: [Info]: [21-12-01][streamline][info][tid:16996][0s:128ms:842us]pluginManager.cpp:1550[mapPluginCallbacks] Callback sl.reflex:slSetTagForFrame:0x0
[2026.06.06-18.12.01:469][  0]LogStreamlineAPI: [Info]: [21-12-01][streamline][info][tid:16996][0s:128ms:853us]pluginManager.cpp:1551[mapPluginCallbacks] Callback sl.reflex:slSetConsts:0x0
[2026.06.06-18.12.01:469][  0]LogStreamlineAPI: [Info]: [21-12-01][streamline][info][tid:16996][0s:128ms:864us]pluginManager.cpp:1305[processPluginHooks] Plugin 'sl.reflex' has no registered hooks
[2026.06.06-18.12.01:469][  0]LogStreamlineD3D12RHI: Skip registering IDXGISwapchainProvider, due to no supported feature needing a swap chain provider: (kFeatureDLSS_G, Result::eErrorFeatureMissing),(kFeatureLatewarp, Result::eErrorFeatureMissing),(kFeatureImGUI, Result::eErrorFeatureMissing). This can be overriden with -sl{no}swapchainprovider
[2026.06.06-18.12.01:469][  0]LogStreamlineD3D12RHI: FStreamlineD3D12RHI::FStreamlineD3D12RHI Leave
[2026.06.06-18.12.01:469][  0]LogStreamlineAPI: Error: [Error]: [21-12-01][streamline][error][tid:16996][0s:128ms:994us]sl.cpp:190[slValidateFeatureContext] 'kFeatureDLSS_G' is missing.
[2026.06.06-18.12.01:469][  0]LogStreamlineAPI: Error: [Error]: [21-12-01][streamline][error][tid:16996][0s:129ms:131us]sl.cpp:190[slValidateFeatureContext] 'kFeatureDeepDVC' is missing.
[2026.06.06-18.12.01:469][  0]LogXeSSModule: XeSS plugin version: 1, version name: 2.0.10
[2026.06.06-18.12.01:722][  0]LogXeSSRHI: Loading XeSS library 2.0.1 on AMD RHI D3D12
[2026.06.06-18.12.01:735][  0]LogXeSSRHI: Intel XeSS effect supported
[2026.06.06-18.12.03:568][  0]LogXeSSModule: XeSS successfully initialized
[2026.06.06-18.12.03:579][  0]LogXeLLModule: Loaded XeLL SDK 1.1.0 on AMD RHI D3D12
[2026.06.06-18.12.03:591][  0]LogXeLLModule: Warning: failed to create XeLL, ret = -1!
[2026.06.06-18.12.03:837][  0]LogXeFGRHIModule: Loaded XeFG SDK 1.1.0 on AMD RHI D3D12
[2026.06.06-18.12.03:851][  0]LogXeFGRHI: Create XeFG swap chain context, result: -1
[2026.06.06-18.12.03:875][  0]LogD3D12RHI: Found a custom swapchain provider: 'FSR3SwapchainProvider'.
[2026.06.06-18.12.04:056][  0]LogShaderLibrary: Display: Using IoDispatcher for shader code library FactoryGame. Total 63322 unique shaders.
[2026.06.06-18.12.04:056][  0]LogShaderLibrary: Display: Cooked Context: Using Shared Shader Library FactoryGame
[2026.06.06-18.12.04:056][  0]LogShaderLibrary: Display: Logical shader library 'FactoryGame' has been created as a monolithic library
[2026.06.06-18.12.04:061][  0]LogRHI: FPipelineCacheFile Header Game Version: 491125
[2026.06.06-18.12.04:061][  0]LogRHI: FPipelineCacheFile Header Engine Data Version: 29
[2026.06.06-18.12.04:061][  0]LogRHI: FPipelineCacheFile Header TOC Offset: 2017
[2026.06.06-18.12.04:061][  0]LogRHI: FPipelineCacheFile File Size: 11406 Bytes
[2026.06.06-18.12.04:061][  0]LogRHI: Opened FPipelineCacheFile: ../../../FactoryGame/Content/PipelineCaches/Windows/FactoryGame_PCD3D_SM6.stable.upipelinecache (GUID: D493D8214E581EB7042855A01EAFBFE4) with 82 entries.
[2026.06.06-18.12.04:061][  0]LogRHI: Display: FPipelineCacheFile[FactoryGame] opened FactoryGame, filename FactoryGame, guid D493D8214E581EB7042855A01EAFBFE4. 
[2026.06.06-18.12.04:061][  0]LogRHI: FShaderPipelineCache::BeginNextPrecompileCacheTask() - FactoryGame begining compile.
[2026.06.06-18.12.04:061][  0]LogRHI: Display: FShaderPipelineCache starting pipeline cache 'FactoryGame' and enqueued 82 tasks for precompile. (cache contains 82, 82 eligible, 0 had missing shaders. 0 already compiled). BatchSize 50 and BatchTime 16.000000.
[2026.06.06-18.12.04:061][  0]LogRHI: Base name for record PSOs is C:/Users/cheva/AppData/Local/FactoryGame/Saved/CollectedPSOs/++FactoryGame+rel-main-1.2.0-CL-491125-FactoryGame_PCD3D_SM6_4E021C75417355C45EF1F5A541E38CC6.rec.upipelinecache
[2026.06.06-18.12.04:061][  0]LogRHI: FPipelineCacheFile: GarbageCollectUserCache() Begin
[2026.06.06-18.12.04:061][  0]LogRHI: User cache GC is disabled
[2026.06.06-18.12.04:061][  0]LogRHI: FPipelineCacheFile: GarbageCollectUserCache() End
[2026.06.06-18.12.04:072][  0]LogRHI: FPipelineCacheFile: skipping C:/Users/cheva/AppData/Local/FactoryGame/Saved/FactoryGame_PCD3D_SM6.upipelinecache (different  version gameversion)
[2026.06.06-18.12.04:073][  0]LogRHI: Display: FPipelineCacheFile User cache [key:FactoryGame_usr] opened 'FactoryGame'=0, filename FactoryGame, guid F1D33BE44058652C28858FA6976ED587. 
[2026.06.06-18.12.04:073][  0]LogShaderLibrary: Display: Tried to open again shader library 'FactoryGame', but could not find new components for it (existing components: 1).
[2026.06.06-18.12.04:073][  0]LogPakFile: New pak file ../../../FactoryGame/Content/Paks/FactoryGame-Windows.pak added to pak precacher.
[2026.06.06-18.12.04:073][  0]LogInit: Overriding language with engine language configuration option (ru-RU).
[2026.06.06-18.12.04:073][  0]LogInit: Overriding language with engine locale configuration option (ru-RU).
[2026.06.06-18.12.04:075][  0]LogTextLocalizationManager: No specific localization for 'ru-RU' exists, so 'ru' will be used for the language.
[2026.06.06-18.12.04:075][  0]LogTextLocalizationResource: LocRes '../../../FactoryGame/Content/Localization/Game/ru/Game.locres' could not be opened for reading!
[2026.06.06-18.12.04:080][  0]LogAssetRegistry: FAssetRegistry took 0.0002 seconds to start up
[2026.06.06-18.12.04:555][  0]LogStreaming: Display: FlushAsyncLoading(1): 1 QueuedPackages, 0 AsyncPackages
[2026.06.06-18.12.04:567][  0]LogFilePackageStore: Updated: NewPackages=28217, OldPackages=0, TotalPackages=28218
[2026.06.06-18.12.04:977][  0]LogDeviceProfileManager: Active device profile: [00007FF42E93DEE8][000001BD28529250 66] Windows
[2026.06.06-18.12.05:636][  0]LogAudioCaptureCore: Display: No Audio Capture implementations found. Audio input will be silent.
[2026.06.06-18.12.05:637][  0]LogMetaSound: Display: MetaSound Page Target Initialized to 'Default'
[2026.06.06-18.12.05:661][  0]LogRHI: Warning: FShaderPipelineCache FactoryGame completed 82 tasks in 0.00s (1.56s wall time since intial open).
[2026.06.06-18.12.05:671][  0]LogPackageLocalizationCache: Processed 90 localized package path(s) for 1 prioritized culture(s) in 0.000669 seconds
[2026.06.06-18.12.05:680][  0]LogStats: UGameplayTagsManager::InitializeManager -  0.001 s
[2026.06.06-18.12.05:701][  0]LogAudioCaptureCore: Display: No Audio Capture implementations found. Audio input will be silent.
[2026.06.06-18.12.05:712][  0]LogIris: FNetObjectFactoryRegistry::UnregisterFactory is unregistering factory: NetActorFactory name: NetActorFactory id: 0
[2026.06.06-18.12.05:712][  0]LogIris: FNetObjectFactoryRegistry::UnregisterFactory is unregistering factory: NetSubObjectFactory name: NetSubObjectFactory id: 1
[2026.06.06-18.12.05:847][  0]LogWwise: WwiseModule: Loading AkAudio
[2026.06.06-18.12.05:847][  0]LogLoad: Loading WwiseSoundEngine module: WwiseSoundEngine
[2026.06.06-18.12.05:847][  0]LogWwiseSoundEngine: Display: Loading Wwise SoundEngine 2023.1.14 (Integration 2023.1)
[2026.06.06-18.12.05:847][  0]LogAkAudio: FAkAudioModule::UpdateWwiseResourceLoaderSettings : Updating Resource Loader settings.
[2026.06.06-18.12.05:848][  0]LogLoad: Loading WwiseResourceLoader module: WwiseResourceLoader
[2026.06.06-18.12.05:849][  0]LogAkAudio: Wwise(R) SDK Version 2023.1.14 Build 8770 [Release(StaticCRT)]. (C) 2006-2025. Audiokinetic Inc. All rights reserved.
[2026.06.06-18.12.05:849][  0]LogLoad: Loading WwiseFileHandler module: WwiseFileHandler
[2026.06.06-18.12.05:851][  0]LogLoad: Loading WwiseProcessing module: WwiseProcessing
[2026.06.06-18.12.05:851][  0]LogWwiseProcessing: Display: Initializing default Processing.
[2026.06.06-18.12.05:851][  0]LogLoad: Loading WwiseSoundEngine module: WwiseSoundEngine
[2026.06.06-18.12.05:851][  0]LogLoad: Loading WwiseSoundEngine module: WwiseSoundEngine
[2026.06.06-18.12.05:852][  0]LogAkAudio: Wwise plug-in DLL path: C:/Program Files (x86)/Steam/steamapps/common/Satisfactory/Engine/Plugins/Wwise/ThirdParty/x64_vc170/Release/bin/
[2026.06.06-18.12.05:858][  0]LogAkAudio: Wwise SoundEngine successfully initialized.
[2026.06.06-18.12.05:860][  0]LogAkAudio: Initialization complete.
[2026.06.06-18.12.05:860][  0]LogAkAudio: Audiokinetic Audio Device initialized.
[2026.06.06-18.12.05:860][  0]LogLoad: Loading WwiseConcurrency module: WwiseConcurrency
[2026.06.06-18.12.05:861][  0]LogWwiseConcurrency: Display: Initializing default Concurrency.
[2026.06.06-18.12.06:976][  0]LogPakFile: Precache HighWater 16MB

[2026.06.06-18.12.06:996][  0]LogPakFile: Precache HighWater 32MB

[2026.06.06-18.12.07:121][  0]LogGauntlet: Display: Gauntlet Initialized
[2026.06.06-18.12.07:139][  0]LogSlate: Took 0.000975 seconds to synchronously load lazily loaded font '../../../Engine/Content/Slate/Fonts/Roboto-Bold.ttf' (160K)
[2026.06.06-18.12.07:146][  0]LogRHI: Display: Encountered a new graphics PSO: 1455907565
[2026.06.06-18.12.07:201][  0]LogAudio: Display: Registering Engine Module Parameter Interfaces...
[2026.06.06-18.12.07:203][  0]LogMetaSound: MetaSound Engine Initialized
[2026.06.06-18.12.07:207][  0]LogWwiseNiagara: Display: Initializing default Niagara.
[2026.06.06-18.12.07:671][  0]LogStringTable: Warning: Failed to find string table entry for 'Menus_UI' 'Players/Messages/YouGotKicked'. Did you forget to add a string table redirector?
[2026.06.06-18.12.07:675][  0]LogStringTable: Warning: Failed to find string table entry for 'Menus_UI' 'Sessions/JoinSession/Header'. Did you forget to add a string table redirector?
[2026.06.06-18.12.07:675][  0]LogStringTable: Warning: Failed to find string table entry for 'Menus_UI' 'Sessions/JoinSession/Body'. Did you forget to add a string table redirector?
[2026.06.06-18.12.07:675][  0]LogStringTable: Warning: Failed to find string table entry for 'Messages_UI' 'Warnings/JoinSession/FailedToDestroyOldSession'. Did you forget to add a string table redirector?
[2026.06.06-18.12.07:675][  0]LogStringTable: Warning: Failed to find string table entry for 'Messages_UI' 'Warnings/JoinSession/FailedToLookupFriendsId'. Did you forget to add a string table redirector?
[2026.06.06-18.12.07:675][  0]LogStringTable: Warning: Failed to find string table entry for 'Messages_UI' 'Warnings/JoinSession/FailedToLookupHostId'. Did you forget to add a string table redirector?
[2026.06.06-18.12.07:676][  0]LogStringTable: Warning: Failed to find string table entry for 'Messages_UI' 'Warnings/JoinSession/FailedToJoinSession'. Did you forget to add a string table redirector?
[2026.06.06-18.12.07:676][  0]LogStringTable: Warning: Failed to find string table entry for 'Menus_UI' 'Sessions/SessionExpired/Header'. Did you forget to add a string table redirector?
[2026.06.06-18.12.07:676][  0]LogStringTable: Warning: Failed to find string table entry for 'Menus_UI' 'Session/SessionExpired/Body'. Did you forget to add a string table redirector?
[2026.06.06-18.12.07:676][  0]LogStringTable: Warning: Failed to find string table entry for 'Menus_UI' 'Session/ClientSessionTimeout/Header'. Did you forget to add a string table redirector?
[2026.06.06-18.12.07:676][  0]LogStringTable: Warning: Failed to find string table entry for 'Menus_UI' 'Session/ClientSessionTimeout/Body'. Did you forget to add a string table redirector?
[2026.06.06-18.12.07:677][  0]LogStringTable: Warning: Failed to find string table entry for 'Menus_UI' 'Sessions/Errors/OfflineFallback/aTitle'. Did you forget to add a string table redirector?
[2026.06.06-18.12.07:677][  0]LogStringTable: Warning: Failed to find string table entry for 'Menus_UI' 'Sessions/Errors/OfflineFallback/Body'. Did you forget to add a string table redirector?
[2026.06.06-18.12.08:074][  0]LogCSLocTools: Deriving CSV String Table Root by combining Poject Content Dir [../../../FactoryGame/Content/] and Folder Path [Localization/StringTables]
[2026.06.06-18.12.08:074][  0]LogCSLocTools: Processing CSV String Table root [C:/Program Files (x86)/Steam/steamapps/common/Satisfactory/FactoryGame/Content/Localization/StringTables]
[2026.06.06-18.12.08:074][  0]LogCSLocTools: IterateDirectoryRecursively reached [../../../FactoryGame/Content/Localization/StringTables/Architecture_Data.csv]
[2026.06.06-18.12.08:074][  0]LogCSLocTools: IterateDirectoryRecursively reached (FullPath) [C:/Program Files (x86)/Steam/steamapps/common/Satisfactory/FactoryGame/Content/Localization/StringTables/Architecture_Data.csv]
[2026.06.06-18.12.08:074][  0]LogCSLocTools: Attempting to register CSV String Table with path [C:/Program Files (x86)/Steam/steamapps/common/Satisfactory/FactoryGame/Content/Localization/StringTables/Architecture_Data.csv] and root folder [C:/Program Files (x86)/Steam/steamapps/common/Satisfactory/FactoryGame/Content/Localization/StringTables]
[2026.06.06-18.12.08:074][  0]LogCSLocTools: Deriving CSV String Table ID: After removing root [Architecture_Data.csv]
[2026.06.06-18.12.08:074][  0]LogCSLocTools: Deriving CSV String Table ID: Final [Architecture_Data]
[2026.06.06-18.12.08:074][  0]LogCSLocTools: Registering CSV String Table Architecture_Data at Content/Localization/StringTables/Architecture_Data.csv
[2026.06.06-18.12.08:076][  0]LogCSLocTools: IterateDirectoryRecursively reached [../../../FactoryGame/Content/Localization/StringTables/AWESOME_Data.csv]
[2026.06.06-18.12.08:076][  0]LogCSLocTools: IterateDirectoryRecursively reached (FullPath) [C:/Program Files (x86)/Steam/steamapps/common/Satisfactory/FactoryGame/Content/Localization/StringTables/AWESOME_Data.csv]
[2026.06.06-18.12.08:076][  0]LogCSLocTools: Attempting to register CSV String Table with path [C:/Program Files (x86)/Steam/steamapps/common/Satisfactory/FactoryGame/Content/Localization/StringTables/AWESOME_Data.csv] and root folder [C:/Program Files (x86)/Steam/steamapps/common/Satisfactory/FactoryGame/Content/Localization/StringTables]
[2026.06.06-18.12.08:076][  0]LogCSLocTools: Deriving CSV String Table ID: After removing root [AWESOME_Data.csv]
[2026.06.06-18.12.08:076][  0]LogCSLocTools: Deriving CSV String Table ID: Final [AWESOME_Data]
[2026.06.06-18.12.08:076][  0]LogCSLocTools: Registering CSV String Table AWESOME_Data at Content/Localization/StringTables/AWESOME_Data.csv
[2026.06.06-18.12.08:079][  0]LogCSLocTools: IterateDirectoryRecursively reached [../../../FactoryGame/Content/Localization/StringTables/AWESOME_UI.csv]
[2026.06.06-18.12.08:079][  0]LogCSLocTools: IterateDirectoryRecursively reached (FullPath) [C:/Program Files (x86)/Steam/steamapps/common/Satisfactory/FactoryGame/Content/Localization/StringTables/AWESOME_UI.csv]
[2026.06.06-18.12.08:079][  0]LogCSLocTools: Attempting to register CSV String Table with path [C:/Program Files (x86)/Steam/steamapps/common/Satisfactory/FactoryGame/Content/Localization/StringTables/AWESOME_UI.csv] and root folder [C:/Program Files (x86)/Steam/steamapps/common/Satisfactory/FactoryGame/Content/Localization/StringTables]
[2026.06.06-18.12.08:079][  0]LogCSLocTools: Deriving CSV String Table ID: After removing root [AWESOME_UI.csv]
[2026.06.06-18.12.08:079][  0]LogCSLocTools: Deriving CSV String Table ID: Final [AWESOME_UI]
[2026.06.06-18.12.08:079][  0]LogCSLocTools: Registering CSV String Table AWESOME_UI at Content/Localization/StringTables/AWESOME_UI.csv
[2026.06.06-18.12.08:080][  0]LogCSLocTools: IterateDirectoryRecursively reached [../../../FactoryGame/Content/Localization/StringTables/Buildables_Data.csv]
[2026.06.06-18.12.08:080][  0]LogCSLocTools: IterateDirectoryRecursively reached (FullPath) [C:/Program Files (x86)/Steam/steamapps/common/Satisfactory/FactoryGame/Content/Localization/StringTables/Buildables_Data.csv]
[2026.06.06-18.12.08:080][  0]LogCSLocTools: Attempting to register CSV String Table with path [C:/Program Files (x86)/Steam/steamapps/common/Satisfactory/FactoryGame/Content/Localization/StringTables/Buildables_Data.csv] and root folder [C:/Program Files (x86)/Steam/steamapps/common/Satisfactory/FactoryGame/Content/Localization/StringTables]
[2026.06.06-18.12.08:080][  0]LogCSLocTools: Deriving CSV String Table ID: After removing root [Buildables_Data.csv]
[2026.06.06-18.12.08:080][  0]LogCSLocTools: Deriving CSV String Table ID: Final [Buildables_Data]
[2026.06.06-18.12.08:080][  0]LogCSLocTools: Registering CSV String Table Buildables_Data at Content/Localization/StringTables/Buildables_Data.csv
[2026.06.06-18.12.08:084][  0]LogCSLocTools: IterateDirectoryRecursively reached [../../../FactoryGame/Content/Localization/StringTables/Buildables_UI.csv]
[2026.06.06-18.12.08:084][  0]LogCSLocTools: IterateDirectoryRecursively reached (FullPath) [C:/Program Files (x86)/Steam/steamapps/common/Satisfactory/FactoryGame/Content/Localization/StringTables/Buildables_UI.csv]
[2026.06.06-18.12.08:084][  0]LogCSLocTools: Attempting to register CSV String Table with path [C:/Program Files (x86)/Steam/steamapps/common/Satisfactory/FactoryGame/Content/Localization/StringTables/Buildables_UI.csv] and root folder [C:/Program Files (x86)/Steam/steamapps/common/Satisfactory/FactoryGame/Content/Localization/StringTables]
[2026.06.06-18.12.08:084][  0]LogCSLocTools: Deriving CSV String Table ID: After removing root [Buildables_UI.csv]
[2026.06.06-18.12.08:084][  0]LogCSLocTools: Deriving CSV String Table ID: Final [Buildables_UI]
[2026.06.06-18.12.08:084][  0]LogCSLocTools: Registering CSV String Table Buildables_UI at Content/Localization/StringTables/Buildables_UI.csv
[2026.06.06-18.12.08:091][  0]LogCSLocTools: IterateDirectoryRecursively reached [../../../FactoryGame/Content/Localization/StringTables/Codex_UI.csv]
[2026.06.06-18.12.08:091][  0]LogCSLocTools: IterateDirectoryRecursively reached (FullPath) [C:/Program Files (x86)/Steam/steamapps/common/Satisfactory/FactoryGame/Content/Localization/StringTables/Codex_UI.csv]
[2026.06.06-18.12.08:091][  0]LogCSLocTools: Attempting to register CSV String Table with path [C:/Program Files (x86)/Steam/steamapps/common/Satisfactory/FactoryGame/Content/Localization/StringTables/Codex_UI.csv] and root folder [C:/Program Files (x86)/Steam/steamapps/common/Satisfactory/FactoryGame/Content/Localization/StringTables]
[2026.06.06-18.12.08:091][  0]LogCSLocTools: Deriving CSV String Table ID: After removing root [Codex_UI.csv]
[2026.06.06-18.12.08:091][  0]LogCSLocTools: Deriving CSV String Table ID: Final [Codex_UI]
[2026.06.06-18.12.08:091][  0]LogCSLocTools: Registering CSV String Table Codex_UI at Content/Localization/StringTables/Codex_UI.csv
[2026.06.06-18.12.08:091][  0]LogCSLocTools: IterateDirectoryRecursively reached [../../../FactoryGame/Content/Localization/StringTables/Credits_UI.csv]
[2026.06.06-18.12.08:091][  0]LogCSLocTools: IterateDirectoryRecursively reached (FullPath) [C:/Program Files (x86)/Steam/steamapps/common/Satisfactory/FactoryGame/Content/Localization/StringTables/Credits_UI.csv]
[2026.06.06-18.12.08:091][  0]LogCSLocTools: Attempting to register CSV String Table with path [C:/Program Files (x86)/Steam/steamapps/common/Satisfactory/FactoryGame/Content/Localization/StringTables/Credits_UI.csv] and root folder [C:/Program Files (x86)/Steam/steamapps/common/Satisfactory/FactoryGame/Content/Localization/StringTables]
[2026.06.06-18.12.08:091][  0]LogCSLocTools: Deriving CSV String Table ID: After removing root [Credits_UI.csv]
[2026.06.06-18.12.08:091][  0]LogCSLocTools: Deriving CSV String Table ID: Final [Credits_UI]
[2026.06.06-18.12.08:091][  0]LogCSLocTools: Registering CSV String Table Credits_UI at Content/Localization/StringTables/Credits_UI.csv
[2026.06.06-18.12.08:091][  0]LogCSLocTools: IterateDirectoryRecursively reached [../../../FactoryGame/Content/Localization/StringTables/Customization_Data.csv]
[2026.06.06-18.12.08:091][  0]LogCSLocTools: IterateDirectoryRecursively reached (FullPath) [C:/Program Files (x86)/Steam/steamapps/common/Satisfactory/FactoryGame/Content/Localization/StringTables/Customization_Data.csv]
[2026.06.06-18.12.08:091][  0]LogCSLocTools: Attempting to register CSV String Table with path [C:/Program Files (x86)/Steam/steamapps/common/Satisfactory/FactoryGame/Content/Localization/StringTables/Customization_Data.csv] and root folder [C:/Program Files (x86)/Steam/steamapps/common/Satisfactory/FactoryGame/Content/Localization/StringTables]
[2026.06.06-18.12.08:091][  0]LogCSLocTools: Deriving CSV String Table ID: After removing root [Customization_Data.csv]
[2026.06.06-18.12.08:091][  0]LogCSLocTools: Deriving CSV String Table ID: Final [Customization_Data]
[2026.06.06-18.12.08:091][  0]LogCSLocTools: Registering CSV String Table Customization_Data at Content/Localization/StringTables/Customization_Data.csv
[2026.06.06-18.12.08:093][  0]LogCSLocTools: IterateDirectoryRecursively reached [../../../FactoryGame/Content/Localization/StringTables/Customization_UI.csv]
[2026.06.06-18.12.08:093][  0]LogCSLocTools: IterateDirectoryRecursively reached (FullPath) [C:/Program Files (x86)/Steam/steamapps/common/Satisfactory/FactoryGame/Content/Localization/StringTables/Customization_UI.csv]
[2026.06.06-18.12.08:093][  0]LogCSLocTools: Attempting to register CSV String Table with path [C:/Program Files (x86)/Steam/steamapps/common/Satisfactory/FactoryGame/Content/Localization/StringTables/Customization_UI.csv] and root folder [C:/Program Files (x86)/Steam/steamapps/common/Satisfactory/FactoryGame/Content/Localization/StringTables]
[2026.06.06-18.12.08:093][  0]LogCSLocTools: Deriving CSV String Table ID: After removing root [Customization_UI.csv]
[2026.06.06-18.12.08:093][  0]LogCSLocTools: Deriving CSV String Table ID: Final [Customization_UI]
[2026.06.06-18.12.08:093][  0]LogCSLocTools: Registering CSV String Table Customization_UI at Content/Localization/StringTables/Customization_UI.csv
[2026.06.06-18.12.08:093][  0]LogCSLocTools: IterateDirectoryRecursively reached [../../../FactoryGame/Content/Localization/StringTables/Emotes_Data.csv]
[2026.06.06-18.12.08:093][  0]LogCSLocTools: IterateDirectoryRecursively reached (FullPath) [C:/Program Files (x86)/Steam/steamapps/common/Satisfactory/FactoryGame/Content/Localization/StringTables/Emotes_Data.csv]
[2026.06.06-18.12.08:093][  0]LogCSLocTools: Attempting to register CSV String Table with path [C:/Program Files (x86)/Steam/steamapps/common/Satisfactory/FactoryGame/Content/Localization/StringTables/Emotes_Data.csv] and root folder [C:/Program Files (x86)/Steam/steamapps/common/Satisfactory/FactoryGame/Content/Localization/StringTables]
[2026.06.06-18.12.08:093][  0]LogCSLocTools: Deriving CSV String Table ID: After removing root [Emotes_Data.csv]
[2026.06.06-18.12.08:093][  0]LogCSLocTools: Deriving CSV String Table ID: Final [Emotes_Data]
[2026.06.06-18.12.08:093][  0]LogCSLocTools: Registering CSV String Table Emotes_Data at Content/Localization/StringTables/Emotes_Data.csv
[2026.06.06-18.12.08:093][  0]LogCSLocTools: IterateDirectoryRecursively reached [../../../FactoryGame/Content/Localization/StringTables/Equipment_Data.csv]
[2026.06.06-18.12.08:093][  0]LogCSLocTools: IterateDirectoryRecursively reached (FullPath) [C:/Program Files (x86)/Steam/steamapps/common/Satisfactory/FactoryGame/Content/Localization/StringTables/Equipment_Data.csv]
[2026.06.06-18.12.08:093][  0]LogCSLocTools: Attempting to register CSV String Table with path [C:/Program Files (x86)/Steam/steamapps/common/Satisfactory/FactoryGame/Content/Localization/StringTables/Equipment_Data.csv] and root folder [C:/Program Files (x86)/Steam/steamapps/common/Satisfactory/FactoryGame/Content/Localization/StringTables]
[2026.06.06-18.12.08:093][  0]LogCSLocTools: Deriving CSV String Table ID: After removing root [Equipment_Data.csv]
[2026.06.06-18.12.08:093][  0]LogCSLocTools: Deriving CSV String Table ID: Final [Equipment_Data]
[2026.06.06-18.12.08:093][  0]LogCSLocTools: Registering CSV String Table Equipment_Data at Content/Localization/StringTables/Equipment_Data.csv
[2026.06.06-18.12.08:096][  0]LogCSLocTools: IterateDirectoryRecursively reached [../../../FactoryGame/Content/Localization/StringTables/FICSMAS_Data.csv]
[2026.06.06-18.12.08:096][  0]LogCSLocTools: IterateDirectoryRecursively reached (FullPath) [C:/Program Files (x86)/Steam/steamapps/common/Satisfactory/FactoryGame/Content/Localization/StringTables/FICSMAS_Data.csv]
[2026.06.06-18.12.08:096][  0]LogCSLocTools: Attempting to register CSV String Table with path [C:/Program Files (x86)/Steam/steamapps/common/Satisfactory/FactoryGame/Content/Localization/StringTables/FICSMAS_Data.csv] and root folder [C:/Program Files (x86)/Steam/steamapps/common/Satisfactory/FactoryGame/Content/Localization/StringTables]
[2026.06.06-18.12.08:096][  0]LogCSLocTools: Deriving CSV String Table ID: After removing root [FICSMAS_Data.csv]
[2026.06.06-18.12.08:096][  0]LogCSLocTools: Deriving CSV String Table ID: Final [FICSMAS_Data]
[2026.06.06-18.12.08:096][  0]LogCSLocTools: Registering CSV String Table FICSMAS_Data at Content/Localization/StringTables/FICSMAS_Data.csv
[2026.06.06-18.12.08:096][  0]LogCSLocTools: IterateDirectoryRecursively reached [../../../FactoryGame/Content/Localization/StringTables/FICSMAS_UI.csv]
[2026.06.06-18.12.08:096][  0]LogCSLocTools: IterateDirectoryRecursively reached (FullPath) [C:/Program Files (x86)/Steam/steamapps/common/Satisfactory/FactoryGame/Content/Localization/StringTables/FICSMAS_UI.csv]
[2026.06.06-18.12.08:096][  0]LogCSLocTools: Attempting to register CSV String Table with path [C:/Program Files (x86)/Steam/steamapps/common/Satisfactory/FactoryGame/Content/Localization/StringTables/FICSMAS_UI.csv] and root folder [C:/Program Files (x86)/Steam/steamapps/common/Satisfactory/FactoryGame/Content/Localization/StringTables]
[2026.06.06-18.12.08:096][  0]LogCSLocTools: Deriving CSV String Table ID: After removing root [FICSMAS_UI.csv]
[2026.06.06-18.12.08:096][  0]LogCSLocTools: Deriving CSV String Table ID: Final [FICSMAS_UI]
[2026.06.06-18.12.08:098][  0]LogCSLocTools: Registering CSV String Table FICSMAS_UI at Content/Localization/StringTables/FICSMAS_UI.csv
[2026.06.06-18.12.08:098][  0]LogCSLocTools: IterateDirectoryRecursively reached [../../../FactoryGame/Content/Localization/StringTables/Gamepads_UI.csv]
[2026.06.06-18.12.08:098][  0]LogCSLocTools: IterateDirectoryRecursively reached (FullPath) [C:/Program Files (x86)/Steam/steamapps/common/Satisfactory/FactoryGame/Content/Localization/StringTables/Gamepads_UI.csv]
[2026.06.06-18.12.08:098][  0]LogCSLocTools: Attempting to register CSV String Table with path [C:/Program Files (x86)/Steam/steamapps/common/Satisfactory/FactoryGame/Content/Localization/StringTables/Gamepads_UI.csv] and root folder [C:/Program Files (x86)/Steam/steamapps/common/Satisfactory/FactoryGame/Content/Localization/StringTables]
[2026.06.06-18.12.08:098][  0]LogCSLocTools: Deriving CSV String Table ID: After removing root [Gamepads_UI.csv]
[2026.06.06-18.12.08:098][  0]LogCSLocTools: Deriving CSV String Table ID: Final [Gamepads_UI]
[2026.06.06-18.12.08:098][  0]LogCSLocTools: Registering CSV String Table Gamepads_UI at Content/Localization/StringTables/Gamepads_UI.csv
[2026.06.06-18.12.08:100][  0]LogCSLocTools: IterateDirectoryRecursively reached [../../../FactoryGame/Content/Localization/StringTables/GamepadsMappings_UI.csv]
[2026.06.06-18.12.08:100][  0]LogCSLocTools: IterateDirectoryRecursively reached (FullPath) [C:/Program Files (x86)/Steam/steamapps/common/Satisfactory/FactoryGame/Content/Localization/StringTables/GamepadsMappings_UI.csv]
[2026.06.06-18.12.08:100][  0]LogCSLocTools: Attempting to register CSV String Table with path [C:/Program Files (x86)/Steam/steamapps/common/Satisfactory/FactoryGame/Content/Localization/StringTables/GamepadsMappings_UI.csv] and root folder [C:/Program Files (x86)/Steam/steamapps/common/Satisfactory/FactoryGame/Content/Localization/StringTables]
[2026.06.06-18.12.08:100][  0]LogCSLocTools: Deriving CSV String Table ID: After removing root [GamepadsMappings_UI.csv]
[2026.06.06-18.12.08:100][  0]LogCSLocTools: Deriving CSV String Table ID: Final [GamepadsMappings_UI]
[2026.06.06-18.12.08:100][  0]LogCSLocTools: Registering CSV String Table GamepadsMappings_UI at Content/Localization/StringTables/GamepadsMappings_UI.csv
[2026.06.06-18.12.08:101][  0]LogCSLocTools: IterateDirectoryRecursively reached [../../../FactoryGame/Content/Localization/StringTables/General_UI.csv]
[2026.06.06-18.12.08:101][  0]LogCSLocTools: IterateDirectoryRecursively reached (FullPath) [C:/Program Files (x86)/Steam/steamapps/common/Satisfactory/FactoryGame/Content/Localization/StringTables/General_UI.csv]
[2026.06.06-18.12.08:101][  0]LogCSLocTools: Attempting to register CSV String Table with path [C:/Program Files (x86)/Steam/steamapps/common/Satisfactory/FactoryGame/Content/Localization/StringTables/General_UI.csv] and root folder [C:/Program Files (x86)/Steam/steamapps/common/Satisfactory/FactoryGame/Content/Localization/StringTables]
[2026.06.06-18.12.08:101][  0]LogCSLocTools: Deriving CSV String Table ID: After removing root [General_UI.csv]
[2026.06.06-18.12.08:101][  0]LogCSLocTools: Deriving CSV String Table ID: Final [General_UI]
[2026.06.06-18.12.08:101][  0]LogCSLocTools: Registering CSV String Table General_UI at Content/Localization/StringTables/General_UI.csv
[2026.06.06-18.12.08:101][  0]LogCSLocTools: IterateDirectoryRecursively reached [../../../FactoryGame/Content/Localization/StringTables/HUB_UI.csv]
[2026.06.06-18.12.08:101][  0]LogCSLocTools: IterateDirectoryRecursively reached (FullPath) [C:/Program Files (x86)/Steam/steamapps/common/Satisfactory/FactoryGame/Content/Localization/StringTables/HUB_UI.csv]
[2026.06.06-18.12.08:101][  0]LogCSLocTools: Attempting to register CSV String Table with path [C:/Program Files (x86)/Steam/steamapps/common/Satisfactory/FactoryGame/Content/Localization/StringTables/HUB_UI.csv] and root folder [C:/Program Files (x86)/Steam/steamapps/common/Satisfactory/FactoryGame/Content/Localization/StringTables]
[2026.06.06-18.12.08:101][  0]LogCSLocTools: Deriving CSV String Table ID: After removing root [HUB_UI.csv]
[2026.06.06-18.12.08:101][  0]LogCSLocTools: Deriving CSV String Table ID: Final [HUB_UI]
[2026.06.06-18.12.08:101][  0]LogCSLocTools: Registering CSV String Table HUB_UI at Content/Localization/StringTables/HUB_UI.csv
[2026.06.06-18.12.08:101][  0]LogCSLocTools: IterateDirectoryRecursively reached [../../../FactoryGame/Content/Localization/StringTables/IconLibrary_Data.csv]
[2026.06.06-18.12.08:101][  0]LogCSLocTools: IterateDirectoryRecursively reached (FullPath) [C:/Program Files (x86)/Steam/steamapps/common/Satisfactory/FactoryGame/Content/Localization/StringTables/IconLibrary_Data.csv]
[2026.06.06-18.12.08:101][  0]LogCSLocTools: Attempting to register CSV String Table with path [C:/Program Files (x86)/Steam/steamapps/common/Satisfactory/FactoryGame/Content/Localization/StringTables/IconLibrary_Data.csv] and root folder [C:/Program Files (x86)/Steam/steamapps/common/Satisfactory/FactoryGame/Content/Localization/StringTables]
[2026.06.06-18.12.08:101][  0]LogCSLocTools: Deriving CSV String Table ID: After removing root [IconLibrary_Data.csv]
[2026.06.06-18.12.08:101][  0]LogCSLocTools: Deriving CSV String Table ID: Final [IconLibrary_Data]
[2026.06.06-18.12.08:101][  0]LogCSLocTools: Registering CSV String Table IconLibrary_Data at Content/Localization/StringTables/IconLibrary_Data.csv
[2026.06.06-18.12.08:102][  0]LogCSLocTools: IterateDirectoryRecursively reached [../../../FactoryGame/Content/Localization/StringTables/Items_Data.csv]
[2026.06.06-18.12.08:102][  0]LogCSLocTools: IterateDirectoryRecursively reached (FullPath) [C:/Program Files (x86)/Steam/steamapps/common/Satisfactory/FactoryGame/Content/Localization/StringTables/Items_Data.csv]
[2026.06.06-18.12.08:102][  0]LogCSLocTools: Attempting to register CSV String Table with path [C:/Program Files (x86)/Steam/steamapps/common/Satisfactory/FactoryGame/Content/Localization/StringTables/Items_Data.csv] and root folder [C:/Program Files (x86)/Steam/steamapps/common/Satisfactory/FactoryGame/Content/Localization/StringTables]
[2026.06.06-18.12.08:103][  0]LogCSLocTools: Deriving CSV String Table ID: After removing root [Items_Data.csv]
[2026.06.06-18.12.08:103][  0]LogCSLocTools: Deriving CSV String Table ID: Final [Items_Data]
[2026.06.06-18.12.08:103][  0]LogCSLocTools: Registering CSV String Table Items_Data at Content/Localization/StringTables/Items_Data.csv
[2026.06.06-18.12.08:108][  0]LogCSLocTools: IterateDirectoryRecursively reached [../../../FactoryGame/Content/Localization/StringTables/MAM_Data.csv]
[2026.06.06-18.12.08:108][  0]LogCSLocTools: IterateDirectoryRecursively reached (FullPath) [C:/Program Files (x86)/Steam/steamapps/common/Satisfactory/FactoryGame/Content/Localization/StringTables/MAM_Data.csv]
[2026.06.06-18.12.08:108][  0]LogCSLocTools: Attempting to register CSV String Table with path [C:/Program Files (x86)/Steam/steamapps/common/Satisfactory/FactoryGame/Content/Localization/StringTables/MAM_Data.csv] and root folder [C:/Program Files (x86)/Steam/steamapps/common/Satisfactory/FactoryGame/Content/Localization/StringTables]
[2026.06.06-18.12.08:108][  0]LogCSLocTools: Deriving CSV String Table ID: After removing root [MAM_Data.csv]
[2026.06.06-18.12.08:108][  0]LogCSLocTools: Deriving CSV String Table ID: Final [MAM_Data]
[2026.06.06-18.12.08:108][  0]LogCSLocTools: Registering CSV String Table MAM_Data at Content/Localization/StringTables/MAM_Data.csv
[2026.06.06-18.12.08:110][  0]LogCSLocTools: IterateDirectoryRecursively reached [../../../FactoryGame/Content/Localization/StringTables/MAM_UI.csv]
[2026.06.06-18.12.08:110][  0]LogCSLocTools: IterateDirectoryRecursively reached (FullPath) [C:/Program Files (x86)/Steam/steamapps/common/Satisfactory/FactoryGame/Content/Localization/StringTables/MAM_UI.csv]
[2026.06.06-18.12.08:110][  0]LogCSLocTools: Attempting to register CSV String Table with path [C:/Program Files (x86)/Steam/steamapps/common/Satisfactory/FactoryGame/Content/Localization/StringTables/MAM_UI.csv] and root folder [C:/Program Files (x86)/Steam/steamapps/common/Satisfactory/FactoryGame/Content/Localization/StringTables]
[2026.06.06-18.12.08:110][  0]LogCSLocTools: Deriving CSV String Table ID: After removing root [MAM_UI.csv]
[2026.06.06-18.12.08:110][  0]LogCSLocTools: Deriving CSV String Table ID: Final [MAM_UI]
[2026.06.06-18.12.08:110][  0]LogCSLocTools: Registering CSV String Table MAM_UI at Content/Localization/StringTables/MAM_UI.csv
[2026.06.06-18.12.08:111][  0]LogCSLocTools: IterateDirectoryRecursively reached [../../../FactoryGame/Content/Localization/StringTables/Map_UI.csv]
[2026.06.06-18.12.08:111][  0]LogCSLocTools: IterateDirectoryRecursively reached (FullPath) [C:/Program Files (x86)/Steam/steamapps/common/Satisfactory/FactoryGame/Content/Localization/StringTables/Map_UI.csv]
[2026.06.06-18.12.08:111][  0]LogCSLocTools: Attempting to register CSV String Table with path [C:/Program Files (x86)/Steam/steamapps/common/Satisfactory/FactoryGame/Content/Localization/StringTables/Map_UI.csv] and root folder [C:/Program Files (x86)/Steam/steamapps/common/Satisfactory/FactoryGame/Content/Localization/StringTables]
[2026.06.06-18.12.08:111][  0]LogCSLocTools: Deriving CSV String Table ID: After removing root [Map_UI.csv]
[2026.06.06-18.12.08:111][  0]LogCSLocTools: Deriving CSV String Table ID: Final [Map_UI]
[2026.06.06-18.12.08:111][  0]LogCSLocTools: Registering CSV String Table Map_UI at Content/Localization/StringTables/Map_UI.csv
[2026.06.06-18.12.08:112][  0]LogCSLocTools: IterateDirectoryRecursively reached [../../../FactoryGame/Content/Localization/StringTables/Menus_UI.csv]
[2026.06.06-18.12.08:112][  0]LogCSLocTools: IterateDirectoryRecursively reached (FullPath) [C:/Program Files (x86)/Steam/steamapps/common/Satisfactory/FactoryGame/Content/Localization/StringTables/Menus_UI.csv]
[2026.06.06-18.12.08:112][  0]LogCSLocTools: Attempting to register CSV String Table with path [C:/Program Files (x86)/Steam/steamapps/common/Satisfactory/FactoryGame/Content/Localization/StringTables/Menus_UI.csv] and root folder [C:/Program Files (x86)/Steam/steamapps/common/Satisfactory/FactoryGame/Content/Localization/StringTables]
[2026.06.06-18.12.08:112][  0]LogCSLocTools: Deriving CSV String Table ID: After removing root [Menus_UI.csv]
[2026.06.06-18.12.08:112][  0]LogCSLocTools: Deriving CSV String Table ID: Final [Menus_UI]
[2026.06.06-18.12.08:112][  0]LogCSLocTools: Registering CSV String Table Menus_UI at Content/Localization/StringTables/Menus_UI.csv
[2026.06.06-18.12.08:120][  0]LogCSLocTools: IterateDirectoryRecursively reached [../../../FactoryGame/Content/Localization/StringTables/Messages_UI.csv]
[2026.06.06-18.12.08:120][  0]LogCSLocTools: IterateDirectoryRecursively reached (FullPath) [C:/Program Files (x86)/Steam/steamapps/common/Satisfactory/FactoryGame/Content/Localization/StringTables/Messages_UI.csv]
[2026.06.06-18.12.08:120][  0]LogCSLocTools: Attempting to register CSV String Table with path [C:/Program Files (x86)/Steam/steamapps/common/Satisfactory/FactoryGame/Content/Localization/StringTables/Messages_UI.csv] and root folder [C:/Program Files (x86)/Steam/steamapps/common/Satisfactory/FactoryGame/Content/Localization/StringTables]
[2026.06.06-18.12.08:120][  0]LogCSLocTools: Deriving CSV String Table ID: After removing root [Messages_UI.csv]
[2026.06.06-18.12.08:120][  0]LogCSLocTools: Deriving CSV String Table ID: Final [Messages_UI]
[2026.06.06-18.12.08:120][  0]LogCSLocTools: Registering CSV String Table Messages_UI at Content/Localization/StringTables/Messages_UI.csv
[2026.06.06-18.12.08:122][  0]LogCSLocTools: IterateDirectoryRecursively reached [../../../FactoryGame/Content/Localization/StringTables/Minigame_UI.csv]
[2026.06.06-18.12.08:122][  0]LogCSLocTools: IterateDirectoryRecursively reached (FullPath) [C:/Program Files (x86)/Steam/steamapps/common/Satisfactory/FactoryGame/Content/Localization/StringTables/Minigame_UI.csv]
[2026.06.06-18.12.08:122][  0]LogCSLocTools: Attempting to register CSV String Table with path [C:/Program Files (x86)/Steam/steamapps/common/Satisfactory/FactoryGame/Content/Localization/StringTables/Minigame_UI.csv] and root folder [C:/Program Files (x86)/Steam/steamapps/common/Satisfactory/FactoryGame/Content/Localization/StringTables]
[2026.06.06-18.12.08:122][  0]LogCSLocTools: Deriving CSV String Table ID: After removing root [Minigame_UI.csv]
[2026.06.06-18.12.08:122][  0]LogCSLocTools: Deriving CSV String Table ID: Final [Minigame_UI]
[2026.06.06-18.12.08:122][  0]LogCSLocTools: Registering CSV String Table Minigame_UI at Content/Localization/StringTables/Minigame_UI.csv
[2026.06.06-18.12.08:123][  0]LogCSLocTools: IterateDirectoryRecursively reached [../../../FactoryGame/Content/Localization/StringTables/Onboarding.csv]
[2026.06.06-18.12.08:123][  0]LogCSLocTools: IterateDirectoryRecursively reached (FullPath) [C:/Program Files (x86)/Steam/steamapps/common/Satisfactory/FactoryGame/Content/Localization/StringTables/Onboarding.csv]
[2026.06.06-18.12.08:123][  0]LogCSLocTools: Attempting to register CSV String Table with path [C:/Program Files (x86)/Steam/steamapps/common/Satisfactory/FactoryGame/Content/Localization/StringTables/Onboarding.csv] and root folder [C:/Program Files (x86)/Steam/steamapps/common/Satisfactory/FactoryGame/Content/Localization/StringTables]
[2026.06.06-18.12.08:123][  0]LogCSLocTools: Deriving CSV String Table ID: After removing root [Onboarding.csv]
[2026.06.06-18.12.08:123][  0]LogCSLocTools: Deriving CSV String Table ID: Final [Onboarding]
[2026.06.06-18.12.08:123][  0]LogCSLocTools: Registering CSV String Table Onboarding at Content/Localization/StringTables/Onboarding.csv
[2026.06.06-18.12.08:124][  0]LogCSLocTools: IterateDirectoryRecursively reached [../../../FactoryGame/Content/Localization/StringTables/Options_Data.csv]
[2026.06.06-18.12.08:124][  0]LogCSLocTools: IterateDirectoryRecursively reached (FullPath) [C:/Program Files (x86)/Steam/steamapps/common/Satisfactory/FactoryGame/Content/Localization/StringTables/Options_Data.csv]
[2026.06.06-18.12.08:124][  0]LogCSLocTools: Attempting to register CSV String Table with path [C:/Program Files (x86)/Steam/steamapps/common/Satisfactory/FactoryGame/Content/Localization/StringTables/Options_Data.csv] and root folder [C:/Program Files (x86)/Steam/steamapps/common/Satisfactory/FactoryGame/Content/Localization/StringTables]
[2026.06.06-18.12.08:124][  0]LogCSLocTools: Deriving CSV String Table ID: After removing root [Options_Data.csv]
[2026.06.06-18.12.08:124][  0]LogCSLocTools: Deriving CSV String Table ID: Final [Options_Data]
[2026.06.06-18.12.08:124][  0]LogCSLocTools: Registering CSV String Table Options_Data at Content/Localization/StringTables/Options_Data.csv
[2026.06.06-18.12.08:128][  0]LogCSLocTools: IterateDirectoryRecursively reached [../../../FactoryGame/Content/Localization/StringTables/OptionsInputs_Data.csv]
[2026.06.06-18.12.08:128][  0]LogCSLocTools: IterateDirectoryRecursively reached (FullPath) [C:/Program Files (x86)/Steam/steamapps/common/Satisfactory/FactoryGame/Content/Localization/StringTables/OptionsInputs_Data.csv]
[2026.06.06-18.12.08:128][  0]LogCSLocTools: Attempting to register CSV String Table with path [C:/Program Files (x86)/Steam/steamapps/common/Satisfactory/FactoryGame/Content/Localization/StringTables/OptionsInputs_Data.csv] and root folder [C:/Program Files (x86)/Steam/steamapps/common/Satisfactory/FactoryGame/Content/Localization/StringTables]
[2026.06.06-18.12.08:128][  0]LogCSLocTools: Deriving CSV String Table ID: After removing root [OptionsInputs_Data.csv]
[2026.06.06-18.12.08:128][  0]LogCSLocTools: Deriving CSV String Table ID: Final [OptionsInputs_Data]
[2026.06.06-18.12.08:128][  0]LogCSLocTools: Registering CSV String Table OptionsInputs_Data at Content/Localization/StringTables/OptionsInputs_Data.csv
[2026.06.06-18.12.08:130][  0]LogCSLocTools: IterateDirectoryRecursively reached [../../../FactoryGame/Content/Localization/StringTables/Player_UI.csv]
[2026.06.06-18.12.08:130][  0]LogCSLocTools: IterateDirectoryRecursively reached (FullPath) [C:/Program Files (x86)/Steam/steamapps/common/Satisfactory/FactoryGame/Content/Localization/StringTables/Player_UI.csv]
[2026.06.06-18.12.08:130][  0]LogCSLocTools: Attempting to register CSV String Table with path [C:/Program Files (x86)/Steam/steamapps/common/Satisfactory/FactoryGame/Content/Localization/StringTables/Player_UI.csv] and root folder [C:/Program Files (x86)/Steam/steamapps/common/Satisfactory/FactoryGame/Content/Localization/StringTables]
[2026.06.06-18.12.08:130][  0]LogCSLocTools: Deriving CSV String Table ID: After removing root [Player_UI.csv]
[2026.06.06-18.12.08:130][  0]LogCSLocTools: Deriving CSV String Table ID: Final [Player_UI]
[2026.06.06-18.12.08:130][  0]LogCSLocTools: Registering CSV String Table Player_UI at Content/Localization/StringTables/Player_UI.csv
[2026.06.06-18.12.08:132][  0]LogCSLocTools: IterateDirectoryRecursively reached [../../../FactoryGame/Content/Localization/StringTables/Schematics_Data.csv]
[2026.06.06-18.12.08:132][  0]LogCSLocTools: IterateDirectoryRecursively reached (FullPath) [C:/Program Files (x86)/Steam/steamapps/common/Satisfactory/FactoryGame/Content/Localization/StringTables/Schematics_Data.csv]
[2026.06.06-18.12.08:132][  0]LogCSLocTools: Attempting to register CSV String Table with path [C:/Program Files (x86)/Steam/steamapps/common/Satisfactory/FactoryGame/Content/Localization/StringTables/Schematics_Data.csv] and root folder [C:/Program Files (x86)/Steam/steamapps/common/Satisfactory/FactoryGame/Content/Localization/StringTables]
[2026.06.06-18.12.08:133][  0]LogCSLocTools: Deriving CSV String Table ID: After removing root [Schematics_Data.csv]
[2026.06.06-18.12.08:133][  0]LogCSLocTools: Deriving CSV String Table ID: Final [Schematics_Data]
[2026.06.06-18.12.08:133][  0]LogCSLocTools: Registering CSV String Table Schematics_Data at Content/Localization/StringTables/Schematics_Data.csv
[2026.06.06-18.12.08:133][  0]LogCSLocTools: IterateDirectoryRecursively reached [../../../FactoryGame/Content/Localization/StringTables/Transportation_UI.csv]
[2026.06.06-18.12.08:133][  0]LogCSLocTools: IterateDirectoryRecursively reached (FullPath) [C:/Program Files (x86)/Steam/steamapps/common/Satisfactory/FactoryGame/Content/Localization/StringTables/Transportation_UI.csv]
[2026.06.06-18.12.08:133][  0]LogCSLocTools: Attempting to register CSV String Table with path [C:/Program Files (x86)/Steam/steamapps/common/Satisfactory/FactoryGame/Content/Localization/StringTables/Transportation_UI.csv] and root folder [C:/Program Files (x86)/Steam/steamapps/common/Satisfactory/FactoryGame/Content/Localization/StringTables]
[2026.06.06-18.12.08:133][  0]LogCSLocTools: Deriving CSV String Table ID: After removing root [Transportation_UI.csv]
[2026.06.06-18.12.08:133][  0]LogCSLocTools: Deriving CSV String Table ID: Final [Transportation_UI]
[2026.06.06-18.12.08:133][  0]LogCSLocTools: Registering CSV String Table Transportation_UI at Content/Localization/StringTables/Transportation_UI.csv
[2026.06.06-18.12.08:136][  0]LogCSLocTools: IterateDirectoryRecursively reached [../../../FactoryGame/Content/Localization/StringTables/Units_UI.csv]
[2026.06.06-18.12.08:136][  0]LogCSLocTools: IterateDirectoryRecursively reached (FullPath) [C:/Program Files (x86)/Steam/steamapps/common/Satisfactory/FactoryGame/Content/Localization/StringTables/Units_UI.csv]
[2026.06.06-18.12.08:136][  0]LogCSLocTools: Attempting to register CSV String Table with path [C:/Program Files (x86)/Steam/steamapps/common/Satisfactory/FactoryGame/Content/Localization/StringTables/Units_UI.csv] and root folder [C:/Program Files (x86)/Steam/steamapps/common/Satisfactory/FactoryGame/Content/Localization/StringTables]
[2026.06.06-18.12.08:136][  0]LogCSLocTools: Deriving CSV String Table ID: After removing root [Units_UI.csv]
[2026.06.06-18.12.08:136][  0]LogCSLocTools: Deriving CSV String Table ID: Final [Units_UI]
[2026.06.06-18.12.08:136][  0]LogCSLocTools: Registering CSV String Table Units_UI at Content/Localization/StringTables/Units_UI.csv
[2026.06.06-18.12.08:136][  0]LogCSLocTools: IterateDirectoryRecursively reached [../../../FactoryGame/Content/Localization/StringTables/World_Data.csv]
[2026.06.06-18.12.08:136][  0]LogCSLocTools: IterateDirectoryRecursively reached (FullPath) [C:/Program Files (x86)/Steam/steamapps/common/Satisfactory/FactoryGame/Content/Localization/StringTables/World_Data.csv]
[2026.06.06-18.12.08:136][  0]LogCSLocTools: Attempting to register CSV String Table with path [C:/Program Files (x86)/Steam/steamapps/common/Satisfactory/FactoryGame/Content/Localization/StringTables/World_Data.csv] and root folder [C:/Program Files (x86)/Steam/steamapps/common/Satisfactory/FactoryGame/Content/Localization/StringTables]
[2026.06.06-18.12.08:136][  0]LogCSLocTools: Deriving CSV String Table ID: After removing root [World_Data.csv]
[2026.06.06-18.12.08:136][  0]LogCSLocTools: Deriving CSV String Table ID: Final [World_Data]
[2026.06.06-18.12.08:136][  0]LogCSLocTools: Registering CSV String Table World_Data at Content/Localization/StringTables/World_Data.csv
[2026.06.06-18.12.08:348][  0]LogSockets: SteamSockets: Initializing Network Relay
[2026.06.06-18.12.08:376][  0]LogUObjectArray: 42703 objects as part of root set at end of initial load.
[2026.06.06-18.12.08:376][  0]LogUObjectArray: 9 objects are not in the root set, but can never be destroyed because they are in the DisregardForGC set.
[2026.06.06-18.12.08:376][  0]LogUObjectArray: CloseDisregardForGC: 42703/42703 objects in disregard for GC pool
[2026.06.06-18.12.08:444][  0]LogMoviePlayer: Warning: PassLoadingScreenWindowBackToGame failed.  No Window
[2026.06.06-18.12.08:445][  0]LogEngine: Initializing Engine...
[2026.06.06-18.12.08:447][  0]LogGameFeatures: Initializing game features subsystem
[2026.06.06-18.12.08:448][  0]LogSentrySdk: Sentry plugin auto initialization: false
[2026.06.06-18.12.08:451][  0]LogSentrySdk: Using current project name and version as Sentry release.
[2026.06.06-18.12.08:451][  0]LogSentrySdk: Using current build configuration as Sentry environment.
[2026.06.06-18.12.08:451][  0]LogSentrySdk: using database path "C:\Users\cheva\AppData\Local\FactoryGame\.sentry-native"
[2026.06.06-18.12.08:453][  0]LogSentrySdk: Verbose: starting transport
[2026.06.06-18.12.08:457][  0]LogSentrySdk: Verbose: starting background worker thread
[2026.06.06-18.12.08:457][  0]LogSentrySdk: Verbose: starting backend
[2026.06.06-18.12.08:460][  0]LogSentrySdk: Verbose: starting crashpad backend with handler "C:\Program Files (x86)\Steam\steamapps\common\Satisfactory\FactoryGame\Plugins\Sentry\Binaries\Win64\crashpad_handler.exe"
[2026.06.06-18.12.08:460][  0]LogSentrySdk: Verbose: background worker thread started
[2026.06.06-18.12.08:464][  0]LogSentrySdk: Verbose: using minidump URL "https://o4510000618995712.ingest.de.sentry.io:443/api/4510000622141520/minidump/?sentry_client=sentry.native.unreal/0.10.1&sentry_key=ce9e39afc0e16e3b66a9b309fe98f23b"
[2026.06.06-18.12.08:616][  0]LogSentrySdk: Verbose: registering crashpad WER handler "C:\Program Files (x86)\Steam\steamapps\common\Satisfactory\FactoryGame\Plugins\Sentry\Binaries\Win64\crashpad_wer.dll"
[2026.06.06-18.12.08:616][  0]LogSentrySdk: started crashpad client handler
[2026.06.06-18.12.08:646][  0]LogSentrySdk: Verbose: processing and pruning old runs
[2026.06.06-18.12.08:650][  0]LogSentrySdk: Sentry initialization completed with result 0 (0 on success).
[2026.06.06-18.12.08:650][  0]LogSentrySdk: Using current build configuration as Sentry environment.
[2026.06.06-18.12.08:650][  0]LogSentrySdk: Using current project name and version as Sentry release.
[2026.06.06-18.12.08:652][  0]LogWindows: Attached monitors:
[2026.06.06-18.12.08:652][  0]LogWindows:     resolution: 1600x1000, work area: (0, 0) -> (1600, 952), device: '\\.\DISPLAY1' [PRIMARY]
[2026.06.06-18.12.08:652][  0]LogWindows: Found 1 attached monitors.
[2026.06.06-18.12.08:652][  0]LogWindows: Gathering driver information using Windows Setup API
[2026.06.06-18.12.08:716][  0]LogAssetManager: Display: Ignoring PrimaryAssetType Profiling - Conflicts with Map - Asset: Map_UI-Profile
[2026.06.06-18.12.08:723][  0]LogGameFeatures: Scanning for built-in game feature plugins
[2026.06.06-18.12.08:724][  0]LogGameFeatures: Loading 207 builtins. Not Amortized
[2026.06.06-18.12.08:726][  0]LogStats: BuiltInGameFeaturePlugins loaded. -  0.003 s
[2026.06.06-18.12.08:726][  0]LogNetVersion: Set ProjectVersion to 0. Version Checksum will be recalculated on next use.
[2026.06.06-18.12.08:727][  0]LogInit: Texture streaming: Enabled
[2026.06.06-18.12.08:728][  0]LogAudio: Display: Initializing Audio Device Manager...
[2026.06.06-18.12.08:851][  0]LogAudio: Display: Loading Default Audio Settings Objects...
[2026.06.06-18.12.08:852][  0]LogStreaming: Warning: LoadPackage: SkipPackage: /Engine/EngineSounds/Master (0x2E389D768EDF70E6) - The package to load does not exist on disk or in the loader
[2026.06.06-18.12.08:853][  0]LogUObjectGlobals: Warning: Не удалось найти объект 'Object /Engine/EngineSounds/Master.Master'
[2026.06.06-18.12.08:854][  0]LogAudio: Warning: Failed to load Default SoundClassObject from path '/Engine/EngineSounds/Master.Master'.  Attempting to fall back to engine default.
[2026.06.06-18.12.08:855][  0]LogUObjectGlobals: Warning: Не удалось найти объект 'Object Нет./Engine/EngineSounds/Master'
[2026.06.06-18.12.08:855][  0]LogAudio: Error: Failed to load Default SoundClassObject from path '/Engine/EngineSounds/Master'.
[2026.06.06-18.12.08:855][  0]LogAudio: Display: No default MediaSoundClassObject specified (or failed to load).
[2026.06.06-18.12.08:855][  0]LogAudio: Display: No default SoundConcurrencyObject specified (or failed to load).
[2026.06.06-18.12.08:855][  0]LogAudio: Display: Audio Device Manager Initialized
[2026.06.06-18.12.08:855][  0]LogAudio: Display: Creating Audio Device:                 Id: 1, Scope: Shared, Realtime: True
[2026.06.06-18.12.08:855][  0]LogAudioMixer: Display: Audio Mixer Platform Settings:
[2026.06.06-18.12.08:855][  0]LogAudioMixer: Display: 	Sample Rate:						  48000
[2026.06.06-18.12.08:855][  0]LogAudioMixer: Display: 	Callback Buffer Frame Size Requested: 1024
[2026.06.06-18.12.08:855][  0]LogAudioMixer: Display: 	Callback Buffer Frame Size To Use:	  1024
[2026.06.06-18.12.08:855][  0]LogAudioMixer: Display: 	Number of buffers to queue:			  1
[2026.06.06-18.12.08:855][  0]LogAudioMixer: Display: 	Max Channels (voices):				  32
[2026.06.06-18.12.08:855][  0]LogAudioMixer: Display: 	Number of Async Source Workers:		  4
[2026.06.06-18.12.08:855][  0]LogAudio: Display: AudioDevice MaxSources: 32
[2026.06.06-18.12.08:856][  0]LogAudio: Display: Audio Spatialization Plugin: None (built-in).
[2026.06.06-18.12.08:856][  0]LogAudio: Display: Audio Reverb Plugin: None (built-in).
[2026.06.06-18.12.08:856][  0]LogAudio: Display: Audio Occlusion Plugin: None (built-in).
[2026.06.06-18.12.08:886][  0]LogAudioMixer: Display: Initializing audio mixer using platform API: 'XAudio2'
[2026.06.06-18.12.08:982][  0]LogAudioMixer: Display: Using Audio Hardware Device Headphones (Realtek(R) Audio)
[2026.06.06-18.12.08:984][  0]LogAudioMixer: Display: Initializing Sound Submixes...
[2026.06.06-18.12.08:985][  0]LogStreaming: Warning: LoadPackage: SkipPackage: /Engine/EngineSounds/Submixes/MasterSubmixDefault (0x41D2CF6042D559B0) - The package to load does not exist on disk or in the loader
[2026.06.06-18.12.08:985][  0]LogUObjectGlobals: Warning: Не удалось найти объект 'Object /Engine/EngineSounds/Submixes/MasterSubmixDefault.MasterSubmixDefault'
[2026.06.06-18.12.08:985][  0]LogAudioMixer: Display: Submix unset or invalid in 'AudioSettings': Using engine asset 'MasterSubmixDefault'
[2026.06.06-18.12.08:986][  0]LogAudioMixer: Error: Failed to load submix from engine asset path '/Engine/EngineSounds/Submixes/MasterSubmixDefault.MasterSubmixDefault'. Creating 'MasterSubmixDefault' as a stub.
[2026.06.06-18.12.08:986][  0]LogAudioMixer: Display: Creating Master Submix 'MasterSubmixDefault'
[2026.06.06-18.12.08:987][  0]LogStreaming: Warning: LoadPackage: SkipPackage: /Engine/EngineSounds/Submixes/MasterReverbSubmixDefault (0x5773467E2BCA0CD) - The package to load does not exist on disk or in the loader
[2026.06.06-18.12.08:987][  0]LogUObjectGlobals: Warning: Не удалось найти объект 'Object /Engine/EngineSounds/Submixes/MasterReverbSubmixDefault.MasterReverbSubmixDefault'
[2026.06.06-18.12.08:987][  0]LogAudioMixer: Display: Submix unset or invalid in 'AudioSettings': Using engine asset 'MasterReverbSubmixDefault'
[2026.06.06-18.12.08:988][  0]LogAudioMixer: Error: Failed to load submix from engine asset path '/Engine/EngineSounds/Submixes/MasterReverbSubmixDefault.MasterReverbSubmixDefault'. Creating 'MasterReverbSubmixDefault' as a stub.
[2026.06.06-18.12.08:988][  0]LogAudioMixer: Display: Creating Master Submix 'MasterReverbSubmixDefault'
[2026.06.06-18.12.08:988][  0]LogAudioMixer: FMixerPlatformXAudio2::StartAudioStream() called. InstanceID=1
[2026.06.06-18.12.08:988][  0]LogAudioMixer: Display: Output buffers initialized: Frames=1024, Channels=2, Samples=2048, InstanceID=1
[2026.06.06-18.12.08:991][  0]LogAudioMixer: Display: Starting AudioMixerPlatformInterface::RunInternal(), InstanceID=1
[2026.06.06-18.12.08:991][  0]LogInit: FAudioDevice initialized with ID 1.
[2026.06.06-18.12.08:991][  0]LogAudioMixer: Display: FMixerPlatformXAudio2::SubmitBuffer() called for the first time. InstanceID=1
[2026.06.06-18.12.08:992][  0]LogUserSetting: DLSS is supported but not loaded, waiting for the module to be loaded before initializing user settings
[2026.06.06-18.12.08:992][  0]LogAudioMixer: Initializing Audio Bus Subsystem for audio device with ID 1
[2026.06.06-18.12.09:066][  0]LogRHI: FShaderPipelineCache::BeginNextPrecompileCacheTask() - Finished, no jobs remaining.
[2026.06.06-18.12.10:010][  0]LogGame: Error: IFGOptionInterfaceImpl::GetOptionValue - Could not find user setting with id 't.MaxFPS'
[2026.06.06-18.12.10:256][  0]LogD3D12RHI: Waited for PSO creation for 100.000000ms
[2026.06.06-18.12.10:321][  0]LogD3D12RHI: Waited for PSO creation for 100.000000ms
[2026.06.06-18.12.10:801][  0]LogStaticMesh: [SM_Beanata_01] Mesh is marked for CPU read.
[2026.06.06-18.12.12:379][  0]LogOnlineServices: Steam User is subscribed 1
[2026.06.06-18.12.12:379][  0]LogOnlineServices: [AppId: 526870] Client API initialized 1
[2026.06.06-18.12.12:382][  0]LogOnlineServices: 000001BD7CB4B060 Steam online services instance initialize
[2026.06.06-18.12.12:382][  0]LogOnlineIntegration: Initialized 'STEAM' online backend
[2026.06.06-18.12.12:382][  0]LogOnlineIntegration: Initialized 'Epic' online backend
[2026.06.06-18.12.12:386][  0]LogCommonUser: Warning: HandleNetworkConnectionStatusChanged(Context:Platform, ServiceName:, OldStatus:Connected, NewStatus:Connected)
[2026.06.06-18.12.12:386][  0]LogCommonUser: Warning: HandleNetworkConnectionStatusChanged(Context:CrossPlay, ServiceName:, OldStatus:Connected, NewStatus:Connected)
[2026.06.06-18.12.12:419][  0]LogGame: Importing test saves....
[2026.06.06-18.12.12:419][  0]LogGame: Test saves imported!....
[2026.06.06-18.12.12:420][  0]LogGame: MaxNumBackupsaves: 25
[2026.06.06-18.12.12:426][  0]LogAudio: Display: Audio Device (ID: 1) registered with world 'Untitled'.
[2026.06.06-18.12.12:428][  0]LogSlate: Updating window title bar state: overlay mode, drag disabled, window buttons hidden, title bar hidden
[2026.06.06-18.12.12:434][  0]LogInit: Display: Game Engine Initialized.
[2026.06.06-18.12.12:434][  0]LogNetVersion: Set ProjectVersion to ++FactoryGame+rel-main-1.2.0-CL-491125. Version Checksum will be recalculated on next use.
[2026.06.06-18.12.12:466][  0]LogInit: OnPostEngineInit has been broadcasted successfully.
[2026.06.06-18.12.12:682][  0]LogDLSS: FDLSSModule::StartupModule Enter
[2026.06.06-18.12.12:682][  0]LogDLSS: PluginBaseDir ../../../FactoryGame/Plugins/DLSS
[2026.06.06-18.12.12:682][  0]LogDLSS: NGXBinariesDir ../../../FactoryGame/Plugins/DLSS/Binaries/ThirdParty/Win64/
[2026.06.06-18.12.12:682][  0]LogDLSS: GDynamicRHIName AMD D3D12
[2026.06.06-18.12.12:682][  0]LogDLSS: NVIDIA NGX DLSS requires an NVIDIA RTX series graphics card
[2026.06.06-18.12.12:682][  0]LogDLSS: NVIDIA NGX DLSS supported SR=0 RR=0
[2026.06.06-18.12.12:682][  0]LogDLSS: FDLSSModule::StartupModule Leave
[2026.06.06-18.12.12:682][  0]LogUserSetting: Initializing user settings
[2026.06.06-18.12.12:821][  0]LogSynthBenchmark: Display: FSynthBenchmark (V0.95):  requested WorkScale=10.00
[2026.06.06-18.12.12:821][  0]LogSynthBenchmark: Display: ===============
[2026.06.06-18.12.12:821][  0]LogSynthBenchmark: Display: Main Processor:
[2026.06.06-18.12.13:331][  0]LogSynthBenchmark: Display:          ... 0.024727 s/Run 'RayIntersect'
[2026.06.06-18.12.13:332][  0]LogSynthBenchmark: Display:          ... 0.026253 s/Run 'Fractal'
[2026.06.06-18.12.13:332][  0]LogSynthBenchmark: Display: 
[2026.06.06-18.12.13:332][  0]LogSynthBenchmark: Display:   CompiledTarget_x_Bits: 64
[2026.06.06-18.12.13:332][  0]LogSynthBenchmark: Display:   UE_BUILD_SHIPPING: 1
[2026.06.06-18.12.13:332][  0]LogSynthBenchmark: Display:   UE_BUILD_TEST: 0
[2026.06.06-18.12.13:332][  0]LogSynthBenchmark: Display:   UE_BUILD_DEBUG: 0
[2026.06.06-18.12.13:332][  0]LogSynthBenchmark: Display:   TotalPhysicalGBRam: 14
[2026.06.06-18.12.13:332][  0]LogSynthBenchmark: Display:   NumberOfCores (physical): 8
[2026.06.06-18.12.13:332][  0]LogSynthBenchmark: Display:   NumberOfCores (logical): 16
[2026.06.06-18.12.13:332][  0]LogSynthBenchmark: Display:   CPU Perf Index 0: 103.6 (weight 1.00)
[2026.06.06-18.12.13:332][  0]LogSynthBenchmark: Display:   CPU Perf Index 1: 108.9 (weight 1.50)
[2026.06.06-18.12.13:332][  0]LogSynthBenchmark: Display:  
[2026.06.06-18.12.13:332][  0]LogSynthBenchmark: Display: Graphics:
[2026.06.06-18.12.13:332][  0]LogSynthBenchmark: Display:   Adapter Name: 'AMD Radeon(TM) Graphics'
[2026.06.06-18.12.13:332][  0]LogSynthBenchmark: Display:   (On Optimus the name might be wrong, memory should be ok)
[2026.06.06-18.12.13:332][  0]LogSynthBenchmark: Display:   Vendor Id: 0x1002
[2026.06.06-18.12.13:332][  0]LogSynthBenchmark: Display:   Device Id: 0x1681
[2026.06.06-18.12.13:332][  0]LogSynthBenchmark: Display:   Device Revision: 0xA
[2026.06.06-18.12.13:332][  0]LogSynthBenchmark: Display:   GPU Memory: 2020/0/7011 MB
[2026.06.06-18.12.13:340][  0]LogRHI: Display: Encountered a new graphics PSO: 1174220289
[2026.06.06-18.12.13:466][  0]LogRHI: Display: Encountered a new graphics PSO: 1384172321
[2026.06.06-18.12.13:466][  0]LogRHI: Display: Encountered a new graphics PSO: 255532253
[2026.06.06-18.12.13:466][  0]LogRHI: Display: Encountered a new graphics PSO: 2480427302
[2026.06.06-18.12.13:466][  0]LogRHI: Display: Encountered a new graphics PSO: 1538107023
[2026.06.06-18.12.13:466][  0]LogRHI: Display: Encountered a new graphics PSO: 3219885455
[2026.06.06-18.12.13:466][  0]LogRHI: Display: Encountered a new graphics PSO: 606110519
[2026.06.06-18.12.13:467][  0]LogRHI: Display: Encountered a new graphics PSO: 476208254
[2026.06.06-18.12.17:006][  0]LogSynthBenchmark: Display:   GPU warmup (round 1) test: 3.02s
[2026.06.06-18.12.17:006][  0]LogSynthBenchmark: Display:          ... 0.826 s/GigaPix, Confidence=89% 'ALUHeavyNoise' (likely to be inaccurate)
[2026.06.06-18.12.17:006][  0]LogSynthBenchmark: Display:          ... 1.076 s/GigaPix, Confidence=89% 'TexHeavy' (likely to be inaccurate)
[2026.06.06-18.12.17:006][  0]LogSynthBenchmark: Display:          ... 0.947 s/GigaPix, Confidence=89% 'DepTexHeavy' (likely to be inaccurate)
[2026.06.06-18.12.17:006][  0]LogSynthBenchmark: Display:          ... 8.335 s/GigaPix, Confidence=89% 'FillOnly' (likely to be inaccurate)
[2026.06.06-18.12.17:006][  0]LogSynthBenchmark: Display:          ... 0.123 s/GigaPix, Confidence=100% 'Bandwidth' (likely to be inaccurate)
[2026.06.06-18.12.17:006][  0]LogSynthBenchmark: Display:          ... 0.399 s/GigaVert, Confidence=100% 'VertThroughPut1' (likely to be inaccurate)
[2026.06.06-18.12.17:006][  0]LogSynthBenchmark: Display:          ... 0.328 s/GigaVert, Confidence=100% 'VertThroughPut2' (likely to be inaccurate)
[2026.06.06-18.12.20:718][  0]LogSynthBenchmark: Display:   GPU warmup (round 2) test: 3.12s
[2026.06.06-18.12.20:718][  0]LogSynthBenchmark: Display:          ... 0.797 s/GigaPix, Confidence=89% 'ALUHeavyNoise' (likely to be inaccurate)
[2026.06.06-18.12.20:718][  0]LogSynthBenchmark: Display:          ... 1.074 s/GigaPix, Confidence=89% 'TexHeavy' (likely to be inaccurate)
[2026.06.06-18.12.20:718][  0]LogSynthBenchmark: Display:          ... 0.997 s/GigaPix, Confidence=100% 'DepTexHeavy' (likely to be inaccurate)
[2026.06.06-18.12.20:718][  0]LogSynthBenchmark: Display:          ... 9.555 s/GigaPix, Confidence=70% 'FillOnly' (likely to be inaccurate)
[2026.06.06-18.12.20:718][  0]LogSynthBenchmark: Display:          ... 0.123 s/GigaPix, Confidence=100% 'Bandwidth' (likely to be inaccurate)
[2026.06.06-18.12.20:718][  0]LogSynthBenchmark: Display:          ... 0.403 s/GigaVert, Confidence=100% 'VertThroughPut1' (likely to be inaccurate)
[2026.06.06-18.12.20:718][  0]LogSynthBenchmark: Display:          ... 0.314 s/GigaVert, Confidence=89% 'VertThroughPut2' (likely to be inaccurate)
[2026.06.06-18.12.24:386][  0]LogSynthBenchmark: Display:   GPU warmup (round 3) test: 3.06s
[2026.06.06-18.12.24:386][  0]LogSynthBenchmark: Display:          ... 0.865 s/GigaPix, Confidence=81% 'ALUHeavyNoise' (likely to be inaccurate)
[2026.06.06-18.12.24:386][  0]LogSynthBenchmark: Display:          ... 1.077 s/GigaPix, Confidence=89% 'TexHeavy' (likely to be inaccurate)
[2026.06.06-18.12.24:386][  0]LogSynthBenchmark: Display:          ... 0.965 s/GigaPix, Confidence=89% 'DepTexHeavy' (likely to be inaccurate)
[2026.06.06-18.12.24:386][  0]LogSynthBenchmark: Display:          ... 9.087 s/GigaPix, Confidence=81% 'FillOnly' (likely to be inaccurate)
[2026.06.06-18.12.24:386][  0]LogSynthBenchmark: Display:          ... 0.124 s/GigaPix, Confidence=100% 'Bandwidth' (likely to be inaccurate)
[2026.06.06-18.12.24:386][  0]LogSynthBenchmark: Display:          ... 0.400 s/GigaVert, Confidence=100% 'VertThroughPut1' (likely to be inaccurate)
[2026.06.06-18.12.24:386][  0]LogSynthBenchmark: Display:          ... 0.323 s/GigaVert, Confidence=100% 'VertThroughPut2' (likely to be inaccurate)
[2026.06.06-18.12.24:386][  0]LogSynthBenchmark: Display:   GPU Final Results:
[2026.06.06-18.12.24:386][  0]LogSynthBenchmark: Display:          ... 0.865 s/GigaPix, Confidence=81% 'ALUHeavyNoise'
[2026.06.06-18.12.24:386][  0]LogSynthBenchmark: Display:          ... 1.077 s/GigaPix, Confidence=89% 'TexHeavy'
[2026.06.06-18.12.24:386][  0]LogSynthBenchmark: Display:          ... 0.965 s/GigaPix, Confidence=89% 'DepTexHeavy'
[2026.06.06-18.12.24:386][  0]LogSynthBenchmark: Display:          ... 9.087 s/GigaPix, Confidence=81% 'FillOnly'
[2026.06.06-18.12.24:386][  0]LogSynthBenchmark: Display:          ... 0.124 s/GigaPix, Confidence=100% 'Bandwidth'
[2026.06.06-18.12.24:386][  0]LogSynthBenchmark: Display:          ... 0.400 s/GigaVert, Confidence=100% 'VertThroughPut1'
[2026.06.06-18.12.24:386][  0]LogSynthBenchmark: Display:          ... 0.323 s/GigaVert, Confidence=100% 'VertThroughPut2'
[2026.06.06-18.12.24:386][  0]LogSynthBenchmark: Display: 
[2026.06.06-18.12.24:386][  0]LogSynthBenchmark: Display:   GPU Perf Index 0: 18.8 (weight 1.00)
[2026.06.06-18.12.24:386][  0]LogSynthBenchmark: Display:   GPU Perf Index 1: 14.5 (weight 0.10)
[2026.06.06-18.12.24:386][  0]LogSynthBenchmark: Display:   GPU Perf Index 2: 25.1 (weight 0.10)
[2026.06.06-18.12.24:386][  0]LogSynthBenchmark: Display:   GPU Perf Index 3: 35.7 (weight 3.00)
[2026.06.06-18.12.24:386][  0]LogSynthBenchmark: Display:   GPU Perf Index 4: 11.6 (weight 1.00)
[2026.06.06-18.12.24:386][  0]LogSynthBenchmark: Display:   GPU Perf Index 5: 26.1 (weight 0.00)
[2026.06.06-18.12.24:386][  0]LogSynthBenchmark: Display:   GPU Perf Index 6: 18.3 (weight 0.00)
[2026.06.06-18.12.24:386][  0]LogSynthBenchmark: Display:   GPUIndex: 27.2
[2026.06.06-18.12.24:386][  0]LogSynthBenchmark: Display:   CPUIndex: 106.8
[2026.06.06-18.12.24:386][  0]LogSynthBenchmark: Display: 
[2026.06.06-18.12.24:386][  0]LogSynthBenchmark: Display:          ... Total Time: 11.564683 sec
[2026.06.06-18.12.24:402][  0]LogPackageLocalizationCache: Processed 90 localized package path(s) for 2 prioritized culture(s) in 0.000769 seconds
[2026.06.06-18.12.24:403][  0]LogSlate: Warning: FontCache flush requested. Reason: Culture for localization was changed
[2026.06.06-18.12.24:404][  0]LogSlate: Warning: FontCache flush requested. Reason: Culture for localization was changed
[2026.06.06-18.12.24:558][  0]LogTextLocalizationResource: LocRes '../../../FactoryGame/Content/Localization/Game/ru-RU/Game.locres' could not be opened for reading!
[2026.06.06-18.12.24:559][  0]LogTextLocalizationResource: LocRes '../../../FactoryGame/Content/Localization/InputKeys/ru-RU/InputKeys.locres' could not be opened for reading!
[2026.06.06-18.12.24:559][  0]LogTextLocalizationResource: LocRes '../../../FactoryGame/Content/Localization/Narrative/ru-RU/Narrative.locres' could not be opened for reading!
[2026.06.06-18.12.24:559][  0]LogTextLocalizationResource: LocRes '../../../FactoryGame/Content/Localization/AllStringTables/ru-RU/AllStringTables.locres' could not be opened for reading!
[2026.06.06-18.12.24:559][  0]LogTextLocalizationResource: LocRes '../../../Engine/Content/Localization/Engine/ru-RU/Engine.locres' could not be opened for reading!
[2026.06.06-18.12.24:559][  0]LogTextLocalizationResource: LocRes '../../../Engine/Plugins/Online/OnlineSubsystemSteam/Content/Localization/OnlineSubsystemSteam/ru-RU/OnlineSubsystemSteam.locres' could not be opened for reading!
[2026.06.06-18.12.24:559][  0]LogTextLocalizationResource: LocRes '../../../Engine/Plugins/Online/OnlineSubsystemUtils/Content/Localization/OnlineSubsystemUtils/ru-RU/OnlineSubsystemUtils.locres' could not be opened for reading!
[2026.06.06-18.12.24:560][  0]LogTextLocalizationResource: LocRes '../../../Engine/Plugins/Online/OnlineSubsystem/Content/Localization/OnlineSubsystem/ru-RU/OnlineSubsystem.locres' could not be opened for reading!
[2026.06.06-18.12.24:560][  0]LogTextLocalizationResource: LocRes '../../../FactoryGame/Plugins/XeSS/Content/Localization/XeSS/ru-RU/XeSS.locres' could not be opened for reading!
[2026.06.06-18.12.24:560][  0]LogTextLocalizationResource: LocRes '../../../FactoryGame/Content/Localization/Game/ru/Game.locres' could not be opened for reading!
[2026.06.06-18.12.24:725][  0]LogTextLocalizationResource: LocRes '../../../FactoryGame/Plugins/XeSS/Content/Localization/XeSS/ru/XeSS.locres' could not be opened for reading!
[2026.06.06-18.12.24:762][  0]LogUserSetting: DLSS module was loaded, initializing user settings
[2026.06.06-18.12.24:762][  0]LogDLSSNGXRHI: FNGXRHIModule::StartupModule Enter
[2026.06.06-18.12.24:762][  0]LogDLSSNGXRHI: FNGXRHIModule::StartupModule Leave
[2026.06.06-18.12.24:767][  0]LogStreamline: FStreamlineCoreModule::StartupModule Enter
[2026.06.06-18.12.24:767][  0]LogStreamline: RegisterStreamlineReflexHooks Enter
[2026.06.06-18.12.24:769][  0]LogStreamline: FStreamlineMaxTickRateHandler::Initialize sl::ReflexState::lowLatencyAvailable=0
[2026.06.06-18.12.24:769][  0]LogStreamline: FStreamlineMaxTickRateHandler::Initialize sl::ReflexState::latencyReportAvailable=0
[2026.06.06-18.12.24:769][  0]LogStreamline: FStreamlineLatencyMarkers::Initialize sl::ReflexState::flashIndicatorDriverControlled=0
[2026.06.06-18.12.24:769][  0]LogStreamline: RegisterStreamlineReflexHooks Leave
[2026.06.06-18.12.24:769][  0]LogStreamline: NVIDIA Streamline supported 1
[2026.06.06-18.12.24:769][  0]LogStreamline: FStreamlineCoreModule::StartupModule Leave
[2026.06.06-18.12.24:772][  0]LogInit: Display: Starting Game.
[2026.06.06-18.12.24:773][  0]LogGlobalStatus: UEngine::Browse Started Browse: "/Game/FactoryGame/Map/MenuScenes/Map_Menu_1_02?Name=Player"
[2026.06.06-18.12.24:773][  0]LogNet: Browse: /Game/FactoryGame/Map/MenuScenes/Map_Menu_1_02?Name=Player
[2026.06.06-18.12.24:819][  0]LogLoad: LoadMap: /Game/FactoryGame/Map/MenuScenes/Map_Menu_1_02?Name=Player
[2026.06.06-18.12.24:819][  0]LogWorld: BeginTearingDown for /Temp/Untitled_0
[2026.06.06-18.12.24:820][  0]LogWorld: UWorld::CleanupWorld for Untitled, bSessionEnded=true, bCleanupResources=true
[2026.06.06-18.12.24:836][  0]LogAudio: Display: Audio Device unregistered from world 'None'.
[2026.06.06-18.12.24:901][  0]LogUObjectHash: Compacting FUObjectHashTables data took   2.96ms
[2026.06.06-18.12.25:214][  0]LogStaticMesh: [DioTree_03] Mesh is marked for CPU read.
[2026.06.06-18.12.25:214][  0]LogStaticMesh: [DioTree_03] Mesh is marked for CPU read.
[2026.06.06-18.12.25:214][  0]LogStaticMesh: [DioTree_03] Mesh is marked for CPU read.
[2026.06.06-18.12.25:214][  0]LogStaticMesh: [DioTree_03] Mesh is marked for CPU read.
[2026.06.06-18.12.25:214][  0]LogStaticMesh: [SM_SnakeLegs_Tree_02] Mesh is marked for CPU read.
[2026.06.06-18.12.25:214][  0]LogStaticMesh: [SM_SnakeLegs_Tree_02] Mesh is marked for CPU read.
[2026.06.06-18.12.25:215][  0]LogStaticMesh: [SM_SnakeLegs_Tree_02] Mesh is marked for CPU read.
[2026.06.06-18.12.25:215][  0]LogStaticMesh: [SM_SnakeLegs_Tree_02] Mesh is marked for CPU read.
[2026.06.06-18.12.25:233][  0]LogStaticMesh: [SM_GreenTree_01] Mesh is marked for CPU read.
[2026.06.06-18.12.25:234][  0]LogStaticMesh: [SM_GreenTree_01] Mesh is marked for CPU read.
[2026.06.06-18.12.25:234][  0]LogStaticMesh: [SM_GreenTree_01] Mesh is marked for CPU read.
[2026.06.06-18.12.25:234][  0]LogStaticMesh: [SM_GreenTree_01] Mesh is marked for CPU read.
[2026.06.06-18.12.25:234][  0]LogStaticMesh: [SM_GreenTree_02] Mesh is marked for CPU read.
[2026.06.06-18.12.25:234][  0]LogStaticMesh: [SM_GreenTree_02] Mesh is marked for CPU read.
[2026.06.06-18.12.25:234][  0]LogStaticMesh: [SM_GreenTree_02] Mesh is marked for CPU read.
[2026.06.06-18.12.25:234][  0]LogStaticMesh: [SM_GreenTree_02] Mesh is marked for CPU read.
[2026.06.06-18.12.25:253][  0]LogStaticMesh: [SM_SnakeLegs_Tree_01] Mesh is marked for CPU read.
[2026.06.06-18.12.25:253][  0]LogStaticMesh: [SM_SnakeLegs_Tree_01] Mesh is marked for CPU read.
[2026.06.06-18.12.25:253][  0]LogStaticMesh: [SM_SnakeLegs_Tree_01] Mesh is marked for CPU read.
[2026.06.06-18.12.25:253][  0]LogStaticMesh: [SM_SnakeLegs_Tree_01] Mesh is marked for CPU read.
[2026.06.06-18.12.25:400][  0]LogStaticMesh: [CliffPillar_03] Mesh is marked for CPU read.
[2026.06.06-18.12.25:400][  0]LogStaticMesh: [CliffPillar_03] Mesh is marked for CPU read.
[2026.06.06-18.12.25:400][  0]LogStaticMesh: [CliffPillar_03] Mesh is marked for CPU read.
[2026.06.06-18.12.25:400][  0]LogStaticMesh: [CliffPillar_03] Mesh is marked for CPU read.
[2026.06.06-18.12.25:402][  0]LogStaticMesh: [CliffFlat_03] Mesh is marked for CPU read.
[2026.06.06-18.12.25:402][  0]LogStaticMesh: [CliffFlat_03] Mesh is marked for CPU read.
[2026.06.06-18.12.25:402][  0]LogStaticMesh: [CliffFlat_03] Mesh is marked for CPU read.
[2026.06.06-18.12.25:402][  0]LogStaticMesh: [CliffFlat_03] Mesh is marked for CPU read.
[2026.06.06-18.12.25:404][  0]LogStaticMesh: [CliffPillar_01] Mesh is marked for CPU read.
[2026.06.06-18.12.25:404][  0]LogStaticMesh: [CliffPillar_01] Mesh is marked for CPU read.
[2026.06.06-18.12.25:404][  0]LogStaticMesh: [CliffPillar_01] Mesh is marked for CPU read.
[2026.06.06-18.12.25:404][  0]LogStaticMesh: [CliffPillar_01] Mesh is marked for CPU read.
[2026.06.06-18.12.25:406][  0]LogStaticMesh: [CliffPillar_01_Bot] Mesh is marked for CPU read.
[2026.06.06-18.12.25:406][  0]LogStaticMesh: [CliffPillar_01_Bot] Mesh is marked for CPU read.
[2026.06.06-18.12.25:406][  0]LogStaticMesh: [CliffPillar_01_Bot] Mesh is marked for CPU read.
[2026.06.06-18.12.25:406][  0]LogStaticMesh: [CliffPillar_01_Bot] Mesh is marked for CPU read.
[2026.06.06-18.12.25:407][  0]LogStaticMesh: [CliffPillar_01_Front] Mesh is marked for CPU read.
[2026.06.06-18.12.25:407][  0]LogStaticMesh: [CliffPillar_01_Front] Mesh is marked for CPU read.
[2026.06.06-18.12.25:407][  0]LogStaticMesh: [CliffPillar_01_Front] Mesh is marked for CPU read.
[2026.06.06-18.12.25:407][  0]LogStaticMesh: [CliffPillar_01_Front] Mesh is marked for CPU read.
[2026.06.06-18.12.25:409][  0]LogStaticMesh: [CliffFormation_05_CollisionPH] Mesh is marked for CPU read.
[2026.06.06-18.12.25:410][  0]LogStaticMesh: [CliffFormation_05_CollisionPH] Mesh is marked for CPU read.
[2026.06.06-18.12.25:410][  0]LogStaticMesh: [CliffFormation_05_CollisionPH] Mesh is marked for CPU read.
[2026.06.06-18.12.25:410][  0]LogStaticMesh: [CliffFormation_05_CollisionPH] Mesh is marked for CPU read.
[2026.06.06-18.12.25:412][  0]LogStaticMesh: [CliffPillar_02] Mesh is marked for CPU read.
[2026.06.06-18.12.25:412][  0]LogStaticMesh: [CliffPillar_02] Mesh is marked for CPU read.
[2026.06.06-18.12.25:412][  0]LogStaticMesh: [CliffPillar_02] Mesh is marked for CPU read.
[2026.06.06-18.12.25:412][  0]LogStaticMesh: [CliffPillar_02] Mesh is marked for CPU read.
[2026.06.06-18.12.25:435][  0]LogStaticMesh: [PowerSnail] Mesh is marked for CPU read.
[2026.06.06-18.12.25:435][  0]LogStaticMesh: [PowerSnail] Mesh is marked for CPU read.
[2026.06.06-18.12.25:435][  0]LogStaticMesh: [PowerSnail] Mesh is marked for CPU read.
[2026.06.06-18.12.25:447][  0]LogMaterial: Warning: TranslucentWater: Requesting an invalid TextureIndex! (6 / 8)
[2026.06.06-18.12.25:856][  0]LogAudio: Display: Audio Device (ID: 1) registered with world 'Map_Menu_1_02'.
[2026.06.06-18.12.25:907][  0]LogLoad: Game class is 'BP_GameModeMenu_C'
[2026.06.06-18.12.26:160][  0]LogWorld: Bringing World /Game/FactoryGame/Map/MenuScenes/Map_Menu_1_02.Map_Menu_1_02 up for play (max tick rate 60) at 2026.06.06-21.12.26
[2026.06.06-18.12.26:165][  0]LogGame: Discovered 0 Remote Call Objects on AFGGameMode::InitGame
[2026.06.06-18.12.26:360][  0]LogWorld: Bringing up level for play took: 0.451929
[2026.06.06-18.12.26:363][  0]LogWindows: WindowsPlatformFeatures enabled
[2026.06.06-18.12.26:364][  0]LogEnhancedInput: Enhanced Input local player subsystem has initalized the user settings!
[2026.06.06-18.12.26:365][  0]LogOnlineVoice: OSS: Voice interface disabled by config [OnlineSubsystem].bHasVoiceEnabled
[2026.06.06-18.12.26:365][  0]LogGameMode: Display: Match State Changed from EnteringMap to WaitingToStart
[2026.06.06-18.12.26:365][  0]LogGameState: Match State Changed from EnteringMap to WaitingToStart
[2026.06.06-18.12.26:365][  0]LogGameMode: Display: Match State Changed from WaitingToStart to InProgress
[2026.06.06-18.12.26:366][  0]LogAkAudio: AFGPlayerControllerBase::SetupWwise
[2026.06.06-18.12.26:539][  0]LogScript: Warning: UAkGameplayStatics::PostAkEvent: NULL Actor specified!
[2026.06.06-18.12.26:541][  0]LogGame: Apply Lightweight Instances from Load took: 0.000016 seconds
[2026.06.06-18.12.26:706][  0]LogBlueprintUserMessages: [BPW_UserIcon] -- Avatar request failed URL: 
[2026.06.06-18.12.26:707][  0]LogBlueprintUserMessages: [BPW_OnlineStatus] Trying to check permission but SessionInfoModel is invalid
[2026.06.06-18.12.26:721][  0]LogSlate: Took 0.001461 seconds to synchronously load lazily loaded font '../../../FactoryGame/Content/FactoryGame/Interface/Font/OpenSans-Regular.ufont' (213K)
[2026.06.06-18.12.26:802][  0]LogUI: UpdateFocusHighlights [Widget_PlayMenu_Alpha] -- FORCE FOCUS LOST
[2026.06.06-18.12.26:802][  0]LogUI: UpdateFocusHighlights [Widget_PlayMenu_Alpha] -- FORCE FOCUS LOST
[2026.06.06-18.12.27:064][  0]LogBlueprintUserMessages: [BPW_UserIcon] -- Avatar request failed URL: 
[2026.06.06-18.12.27:152][  0]LogUI: UpdateFocusHighlights [mCreateNewGame] -- FORCE FOCUS LOST
[2026.06.06-18.12.27:152][  0]LogUI: UpdateFocusHighlights [mCreateNewGame] -- FORCE FOCUS LOST
[2026.06.06-18.12.27:176][  0]LogSlate: Took 0.001780 seconds to synchronously load lazily loaded font '../../../Engine/Content/Slate/Fonts/Roboto-Regular.ttf' (155K)
[2026.06.06-18.12.27:236][  0]LogUI: UpdateFocusHighlights Widget_ServerManager NO CDO
[2026.06.06-18.12.27:242][  0]LogBlueprintUserMessages: [BPW_ReadOnlySessionInfo] Trying to check permissions but SessionInfoModel is not valid
[2026.06.06-18.12.27:246][  0]Model View Viewmodel: Error: При инициализации источник 'SessionInformationModel' был рассчитан как недопустимый. BPW_JoinGame_SessionMenu
[2026.06.06-18.12.27:247][  0]Model View Viewmodel: Error: Недопустимый источник 'SessionInformationModel', невозможно инициализировать привязки. BPW_JoinGame_SessionMenu
[2026.06.06-18.12.27:248][  0]Model View Viewmodel: Error: При инициализации источник 'SessionInformationModel_mOnlineSessionInfo' был рассчитан как недопустимый. BPW_JoinGame_SessionMenu
[2026.06.06-18.12.27:248][  0]Model View Viewmodel: Error: Недопустимый источник 'SessionInformationModel_mOnlineSessionInfo', невозможно инициализировать привязки. BPW_JoinGame_SessionMenu
[2026.06.06-18.12.27:249][  0]Model View Viewmodel: Error: При инициализации источник 'SessionInformationModel_mOnlineSessionInfo_SessionBackend' был рассчитан как недопустимый. BPW_JoinGame_SessionMenu
[2026.06.06-18.12.27:249][  0]Model View Viewmodel: Error: Недопустимый источник 'SessionInformationModel_mOnlineSessionInfo_SessionBackend', невозможно инициализировать привязки. BPW_JoinGame_SessionMenu
[2026.06.06-18.12.27:250][  0]Model View Viewmodel: Error: Привязка '1' на выполнена. Имеются недопустимые источники. BPW_JoinGame_SessionMenu
[2026.06.06-18.12.27:251][  0]Model View Viewmodel: Error: Привязка '2' на выполнена. Имеются недопустимые источники. BPW_JoinGame_SessionMenu
[2026.06.06-18.12.27:254][  0]Model View Viewmodel: Error: При инициализации источник 'SelectedSessionInformation' был рассчитан как недопустимый. BPW_JoinGame
[2026.06.06-18.12.27:254][  0]Model View Viewmodel: Error: Недопустимый источник 'SelectedSessionInformation', невозможно инициализировать привязки. BPW_JoinGame
[2026.06.06-18.12.27:292][  0]Model View Viewmodel: Error: При инициализации источник 'OnlineIntegrationState_PendingSessionMigration' был рассчитан как недопустимый. Widget_PendingSessionMigration
[2026.06.06-18.12.27:292][  0]Model View Viewmodel: Error: Недопустимый источник 'OnlineIntegrationState_PendingSessionMigration', невозможно инициализировать привязки. Widget_PendingSessionMigration
[2026.06.06-18.12.27:307][  0]LogGame: Error: IFGOptionInterfaceImpl::GetOptionValue - Could not find user setting with id 'conveyor.UseExperimental'
[2026.06.06-18.12.27:308][  0]LogLoad: Loading WwiseSoundEngine module: WwiseSoundEngine
[2026.06.06-18.12.27:322][  0]LogGameState: Match State Changed from WaitingToStart to InProgress
[2026.06.06-18.12.27:324][  0]LogLoad: Took 2.505470 seconds to LoadMap(/Game/FactoryGame/Map/MenuScenes/Map_Menu_1_02)
[2026.06.06-18.12.27:326][  0]LogGlobalStatus: UEngine::LoadMap Load map complete /Game/FactoryGame/Map/MenuScenes/Map_Menu_1_02
[2026.06.06-18.12.27:330][  0]LogRHI: Display: ShaderPipelineCache: Paused Batching. 1
[2026.06.06-18.12.27:330][  0]LogRHI: Display: ShaderPipelineCache: Resumed Batching. 0
[2026.06.06-18.12.27:330][  0]LogRHI: Display: ShaderPipelineCache: Batching Resumed.
[2026.06.06-18.12.27:442][  0]LogInit: Display: Engine is initialized. Leaving FEngineLoop::Init()
[2026.06.06-18.12.27:442][  0]LogLoad: (Engine Initialization) Total time: 41.29 seconds
[2026.06.06-18.12.27:509][  0]LogRHI: Display: Encountered a new graphics PSO: 3066083697
[2026.06.06-18.12.27:514][  0]LogContentStreaming: Texture pool size now 400 MB
[2026.06.06-18.12.27:577][  0]LogSlate: Took 0.000921 seconds to synchronously load lazily loaded font '../../../FactoryGame/Content/FactoryGame/Interface/Font/OpenSans-SemiBold.ufont' (216K)
[2026.06.06-18.12.27:581][  0]LogSlate: Took 0.001160 seconds to synchronously load lazily loaded font '../../../Engine/Content/EngineFonts/Faces/RobotoBold.ufont' (160K)
[2026.06.06-18.12.27:588][  0]LogSlate: Took 0.001558 seconds to synchronously load lazily loaded font '../../../FactoryGame/Content/FactoryGame/Interface/Font/OpenSans-Bold.ufont' (220K)
[2026.06.06-18.12.27:644][  0]LogStreaming: Display: FlushAsyncLoading(560): 1 QueuedPackages, 0 AsyncPackages
[2026.06.06-18.12.27:671][  0]LogMoviePlayer: Initializing movie player
[2026.06.06-18.12.27:758][  0]LogSlate: InvalidateAllWidgets triggered.  All widgets were invalidated
[2026.06.06-18.12.27:934][  0]LogRHI: Display: Encountered a new graphics PSO: 2033831605
[2026.06.06-18.12.27:935][  0]LogRHI: Display: Encountered a new graphics PSO: 3869054024
[2026.06.06-18.12.27:935][  0]LogRHI: Display: Encountered a new graphics PSO: 1845578464
[2026.06.06-18.12.27:935][  0]LogRHI: Display: Encountered a new graphics PSO: 2316446865
[2026.06.06-18.12.27:952][  0]LogRHI: Display: Encountered a new graphics PSO: 485397704
[2026.06.06-18.12.27:952][  0]LogRHI: Display: Encountered a new graphics PSO: 2995127641
[2026.06.06-18.12.27:952][  0]LogRHI: Display: Encountered a new graphics PSO: 3754874015
[2026.06.06-18.12.27:952][  0]LogRHI: Display: Encountered a new graphics PSO: 1906722062
[2026.06.06-18.12.27:952][  0]LogRHI: Display: Encountered a new graphics PSO: 134447199
[2026.06.06-18.12.27:952][  0]LogRHI: Display: Encountered a new graphics PSO: 2792034766
[2026.06.06-18.12.27:952][  0]LogRHI: Display: Encountered a new compute PSO: 2013997786
[2026.06.06-18.12.27:952][  0]LogRHI: Display: Encountered a new compute PSO: 2217280256
[2026.06.06-18.12.27:952][  0]LogRHI: Display: Encountered a new compute PSO: 3858434853
[2026.06.06-18.12.27:952][  0]LogRHI: Display: Encountered a new compute PSO: 826831239
[2026.06.06-18.12.27:952][  0]LogRHI: Display: Encountered a new compute PSO: 2498704564
[2026.06.06-18.12.27:952][  0]LogRHI: Display: Encountered a new compute PSO: 408631154
[2026.06.06-18.12.27:952][  0]LogRHI: Display: Encountered a new graphics PSO: 2797431536
[2026.06.06-18.12.27:952][  0]LogRHI: Display: Encountered a new graphics PSO: 827872222
[2026.06.06-18.12.27:952][  0]LogRHI: Display: Encountered a new graphics PSO: 705690822
[2026.06.06-18.12.27:952][  0]LogRHI: Display: Encountered a new graphics PSO: 3145188900
[2026.06.06-18.12.27:952][  0]LogRHI: Display: Encountered a new graphics PSO: 2315592624
[2026.06.06-18.12.27:952][  0]LogRHI: Display: Encountered a new graphics PSO: 3710694028
[2026.06.06-18.12.27:952][  0]LogRHI: Display: Encountered a new graphics PSO: 2511609431
[2026.06.06-18.12.27:952][  0]LogRHI: Display: Encountered a new graphics PSO: 3904090768
[2026.06.06-18.12.27:953][  0]LogRHI: Display: Encountered a new graphics PSO: 2893027203
[2026.06.06-18.12.27:953][  0]LogRHI: Display: Encountered a new graphics PSO: 1365833546
[2026.06.06-18.12.27:955][  0]LogRHI: Display: Encountered a new graphics PSO: 2647792711
[2026.06.06-18.12.27:957][  0]LogRHI: Display: Encountered a new graphics PSO: 1372054742
[2026.06.06-18.12.27:958][  0]LogRHI: Display: Encountered a new graphics PSO: 2533226031
[2026.06.06-18.12.27:958][  0]LogRHI: Display: Encountered a new graphics PSO: 3558038519
[2026.06.06-18.12.27:960][  0]LogRHI: Display: Encountered a new graphics PSO: 224148589
[2026.06.06-18.12.27:960][  0]LogRHI: Display: Encountered a new graphics PSO: 100006934
[2026.06.06-18.12.27:960][  0]LogRHI: Display: Encountered a new graphics PSO: 888517335
[2026.06.06-18.12.27:961][  0]LogRHI: Display: Encountered a new graphics PSO: 2650153337
[2026.06.06-18.12.27:961][  0]LogRHI: Display: Encountered a new graphics PSO: 3834617981
[2026.06.06-18.12.27:961][  0]LogRHI: Display: Encountered a new graphics PSO: 3276752600
[2026.06.06-18.12.27:961][  0]LogRHI: Display: Encountered a new graphics PSO: 520029939
[2026.06.06-18.12.27:961][  0]LogRHI: Display: Encountered a new graphics PSO: 4138595354
[2026.06.06-18.12.27:963][  0]LogRHI: Display: Encountered a new graphics PSO: 1815809130
[2026.06.06-18.12.27:964][  0]LogRHI: Display: Encountered a new graphics PSO: 3455740948
[2026.06.06-18.12.27:965][  0]LogRHI: Display: Encountered a new graphics PSO: 300941137
[2026.06.06-18.12.27:966][  0]LogRHI: Display: Encountered a new graphics PSO: 15079875
[2026.06.06-18.12.27:967][  0]LogRHI: Display: Encountered a new graphics PSO: 254272252
[2026.06.06-18.12.27:968][  0]LogRHI: Display: Encountered a new graphics PSO: 2588518345
[2026.06.06-18.12.27:968][  0]LogRHI: Display: Encountered a new graphics PSO: 1346636167
[2026.06.06-18.12.27:969][  0]LogRHI: Display: Encountered a new graphics PSO: 190843560
[2026.06.06-18.12.27:972][  0]LogRHI: Display: Encountered a new graphics PSO: 1581879323
[2026.06.06-18.12.27:972][  0]LogRHI: Display: Encountered a new graphics PSO: 3974255364
[2026.06.06-18.12.27:972][  0]LogRHI: Display: Encountered a new graphics PSO: 319173507
[2026.06.06-18.12.28:311][  0]LogPSOHitching: Encountered 50 PSO creation hitches so far (21 graphics, 29 compute). 0 of them were precached.
[2026.06.06-18.12.28:394][  0]LogRHI: Display: Encountered a new graphics PSO: 1931863665
[2026.06.06-18.12.28:397][  0]LogRHI: Display: Encountered a new graphics PSO: 2244940956
[2026.06.06-18.12.28:400][  0]LogRHI: Display: Encountered a new graphics PSO: 3695605238
[2026.06.06-18.12.28:400][  0]LogRHI: Display: Encountered a new graphics PSO: 4026599472
[2026.06.06-18.12.28:401][  0]LogRHI: Display: Encountered a new graphics PSO: 1583978913
[2026.06.06-18.12.28:441][  0]LogRHI: Display: Encountered a new graphics PSO: 1262497411
[2026.06.06-18.12.28:441][  0]LogRHI: Display: Encountered a new graphics PSO: 657963113
[2026.06.06-18.12.28:441][  0]LogRHI: Display: Encountered a new graphics PSO: 2529610571
[2026.06.06-18.12.28:441][  0]LogRHI: Display: Encountered a new graphics PSO: 161624368
[2026.06.06-18.12.28:441][  0]LogRHI: Display: Encountered a new graphics PSO: 1516559649
[2026.06.06-18.12.28:441][  0]LogRHI: Display: Encountered a new graphics PSO: 484097207
[2026.06.06-18.12.28:441][  0]LogRHI: Display: Encountered a new graphics PSO: 2399729964
[2026.06.06-18.12.28:441][  0]LogRHI: Display: Encountered a new graphics PSO: 375181483
[2026.06.06-18.12.28:442][  0]LogRHI: Display: Encountered a new graphics PSO: 820300268
[2026.06.06-18.12.28:442][  0]LogRHI: Display: Encountered a new graphics PSO: 3229817173
[2026.06.06-18.12.28:442][  0]LogRHI: Display: Encountered a new graphics PSO: 2247568859
[2026.06.06-18.12.28:442][  0]LogRHI: Display: Encountered a new graphics PSO: 3121856694
[2026.06.06-18.12.28:442][  0]LogRHI: Display: Encountered a new graphics PSO: 1064499419
[2026.06.06-18.12.28:442][  0]LogRHI: Display: Encountered a new graphics PSO: 590239921
[2026.06.06-18.12.28:595][  0]LogRHI: Display: Encountered a new graphics PSO: 1716294577
[2026.06.06-18.12.28:595][  0]LogRHI: Display: Encountered a new graphics PSO: 2848453607
[2026.06.06-18.12.28:595][  0]LogRHI: Display: Encountered a new graphics PSO: 2077574463
[2026.06.06-18.12.28:595][  0]LogRHI: Display: Encountered a new graphics PSO: 2163572141
[2026.06.06-18.12.28:595][  0]LogRHI: Display: Encountered a new graphics PSO: 1858804411
[2026.06.06-18.12.28:595][  0]LogRHI: Display: Encountered a new graphics PSO: 1892128973
[2026.06.06-18.12.28:595][  0]LogRHI: Display: Encountered a new graphics PSO: 2812357288
[2026.06.06-18.12.28:595][  0]LogRHI: Display: Encountered a new graphics PSO: 1928830018
[2026.06.06-18.12.28:595][  0]LogRHI: Display: Encountered a new graphics PSO: 1077278052
[2026.06.06-18.12.28:595][  0]LogRHI: Display: Encountered a new graphics PSO: 3446656552
[2026.06.06-18.12.28:595][  0]LogRHI: Display: Encountered a new graphics PSO: 2884010586
[2026.06.06-18.12.28:595][  0]LogRHI: Display: Encountered a new graphics PSO: 1572992991
[2026.06.06-18.12.28:595][  0]LogRHI: Display: Encountered a new graphics PSO: 1058176151
[2026.06.06-18.12.28:595][  0]LogRHI: Display: Encountered a new graphics PSO: 3035185673
[2026.06.06-18.12.28:595][  0]LogRHI: Display: Encountered a new graphics PSO: 614821659
[2026.06.06-18.12.28:595][  0]LogRHI: Display: Encountered a new graphics PSO: 3710971225
[2026.06.06-18.12.28:595][  0]LogRHI: Display: Encountered a new graphics PSO: 3159895578
[2026.06.06-18.12.28:595][  0]LogRHI: Display: Encountered a new graphics PSO: 4209702755
[2026.06.06-18.12.28:595][  0]LogRHI: Display: Encountered a new graphics PSO: 3630550271
[2026.06.06-18.12.28:595][  0]LogRHI: Display: Encountered a new graphics PSO: 2121258842
[2026.06.06-18.12.28:595][  0]LogRHI: Display: Encountered a new graphics PSO: 1751934421
[2026.06.06-18.12.28:595][  0]LogRHI: Display: Encountered a new graphics PSO: 456587770
[2026.06.06-18.12.28:595][  0]LogRHI: Display: Encountered a new graphics PSO: 1181423569
[2026.06.06-18.12.28:595][  0]LogRHI: Display: Encountered a new graphics PSO: 3779620786
[2026.06.06-18.12.28:595][  0]LogRHI: Display: Encountered a new graphics PSO: 454724120
[2026.06.06-18.12.28:595][  0]LogRHI: Display: Encountered a new graphics PSO: 2825084927
[2026.06.06-18.12.28:595][  0]LogRHI: Display: Encountered a new graphics PSO: 891156508
[2026.06.06-18.12.28:595][  0]LogRHI: Display: Encountered a new graphics PSO: 1045625879
[2026.06.06-18.12.28:595][  0]LogRHI: Display: Encountered a new graphics PSO: 3400958603
[2026.06.06-18.12.28:595][  0]LogRHI: Display: Encountered a new graphics PSO: 3338758837
[2026.06.06-18.12.28:595][  0]LogRHI: Display: Encountered a new graphics PSO: 3578394162
[2026.06.06-18.12.28:595][  0]LogRHI: Display: Encountered a new graphics PSO: 3129007752
[2026.06.06-18.12.28:595][  0]LogRHI: Display: Encountered a new graphics PSO: 603124782
[2026.06.06-18.12.28:595][  0]LogRHI: Display: Encountered a new graphics PSO: 4227572223
[2026.06.06-18.12.28:595][  0]LogRHI: Display: Encountered a new graphics PSO: 3210969044
[2026.06.06-18.12.28:595][  0]LogRHI: Display: Encountered a new graphics PSO: 3898285194
[2026.06.06-18.12.28:595][  0]LogRHI: Display: Encountered a new graphics PSO: 2146175242
[2026.06.06-18.12.28:595][  0]LogRHI: Display: Encountered a new graphics PSO: 1024001567
[2026.06.06-18.12.28:595][  0]LogRHI: Display: Encountered a new graphics PSO: 63772442
[2026.06.06-18.12.28:595][  0]LogRHI: Display: Encountered a new graphics PSO: 1899038770
[2026.06.06-18.12.28:595][  0]LogRHI: Display: Encountered a new graphics PSO: 93930180
[2026.06.06-18.12.28:595][  0]LogRHI: Display: Encountered a new graphics PSO: 1835921296
[2026.06.06-18.12.28:595][  0]LogRHI: Display: Encountered a new graphics PSO: 2498586156
[2026.06.06-18.12.28:595][  0]LogRHI: Display: Encountered a new graphics PSO: 1282316970
[2026.06.06-18.12.28:595][  0]LogRHI: Display: Encountered a new graphics PSO: 59048574
[2026.06.06-18.12.28:595][  0]LogRHI: Display: Encountered a new graphics PSO: 763523194
[2026.06.06-18.12.28:595][  0]LogRHI: Display: Encountered a new graphics PSO: 1919101278
[2026.06.06-18.12.28:596][  0]LogRHI: Display: Encountered a new graphics PSO: 2343627735
[2026.06.06-18.12.28:731][  0]LogPSOHitching: Encountered 100 PSO creation hitches so far (64 graphics, 36 compute). 0 of them were precached.
[2026.06.06-18.12.28:885][  0]LogD3D12RHI: Waited for PSO creation for 100.000000ms
[2026.06.06-18.12.28:914][  0]LogD3D12RHI: Waited for PSO creation for 100.000000ms
[2026.06.06-18.12.29:018][  0]LogRHI: Display: Encountered a new graphics PSO: 266053210
[2026.06.06-18.12.29:018][  0]LogRHI: Display: Encountered a new graphics PSO: 610880741
[2026.06.06-18.12.29:018][  0]LogRHI: Display: Encountered a new graphics PSO: 3655199692
[2026.06.06-18.12.29:018][  0]LogRHI: Display: Encountered a new graphics PSO: 3284790147
[2026.06.06-18.12.29:019][  0]LogRHI: Display: Encountered a new graphics PSO: 3573835822
[2026.06.06-18.12.29:072][  0]LogD3D12RHI: Waited for PSO creation for 100.000000ms
[2026.06.06-18.12.29:078][  0]LogRHI: Display: Encountered a new graphics PSO: 3915600891
[2026.06.06-18.12.29:078][  0]LogRHI: Display: Encountered a new graphics PSO: 3863195408
[2026.06.06-18.12.29:078][  0]LogRHI: Display: Encountered a new graphics PSO: 236051872
[2026.06.06-18.12.29:078][  0]LogRHI: Display: Encountered a new graphics PSO: 3994709644
[2026.06.06-18.12.29:078][  0]LogRHI: Display: Encountered a new graphics PSO: 3783515364
[2026.06.06-18.12.29:078][  0]LogRHI: Display: Encountered a new graphics PSO: 18872297
[2026.06.06-18.12.29:078][  0]LogRHI: Display: Encountered a new graphics PSO: 3012058677
[2026.06.06-18.12.29:078][  0]LogRHI: Display: Encountered a new graphics PSO: 3918892403
[2026.06.06-18.12.29:078][  0]LogRHI: Display: Encountered a new graphics PSO: 4184775007
[2026.06.06-18.12.29:078][  0]LogRHI: Display: Encountered a new graphics PSO: 1307004445
[2026.06.06-18.12.29:078][  0]LogRHI: Display: Encountered a new graphics PSO: 4086394092
[2026.06.06-18.12.29:078][  0]LogRHI: Display: Encountered a new graphics PSO: 1183223059
[2026.06.06-18.12.29:078][  0]LogRHI: Display: Encountered a new graphics PSO: 477311018
[2026.06.06-18.12.29:078][  0]LogRHI: Display: Encountered a new graphics PSO: 1714813038
[2026.06.06-18.12.29:078][  0]LogRHI: Display: Encountered a new graphics PSO: 4087434572
[2026.06.06-18.12.29:078][  0]LogRHI: Display: Encountered a new graphics PSO: 1035121915
[2026.06.06-18.12.29:078][  0]LogRHI: Display: Encountered a new graphics PSO: 4014320266
[2026.06.06-18.12.29:078][  0]LogRHI: Display: Encountered a new graphics PSO: 1562858240
[2026.06.06-18.12.29:078][  0]LogRHI: Display: Encountered a new graphics PSO: 948224257
[2026.06.06-18.12.29:078][  0]LogRHI: Display: Encountered a new graphics PSO: 1201038998
[2026.06.06-18.12.29:078][  0]LogRHI: Display: Encountered a new graphics PSO: 4278181685
[2026.06.06-18.12.29:078][  0]LogRHI: Display: Encountered a new graphics PSO: 1092150586
[2026.06.06-18.12.29:078][  0]LogRHI: Display: Encountered a new graphics PSO: 2344658609
[2026.06.06-18.12.29:078][  0]LogRHI: Display: Encountered a new graphics PSO: 3930467151
[2026.06.06-18.12.29:078][  0]LogRHI: Display: Encountered a new graphics PSO: 263882366
[2026.06.06-18.12.29:078][  0]LogRHI: Display: Encountered a new graphics PSO: 3708015384
[2026.06.06-18.12.29:078][  0]LogRHI: Display: Encountered a new graphics PSO: 1384809400
[2026.06.06-18.12.29:078][  0]LogRHI: Display: Encountered a new graphics PSO: 2949312833
[2026.06.06-18.12.29:078][  0]LogRHI: Display: Encountered a new graphics PSO: 4200938577
[2026.06.06-18.12.29:079][  0]LogRHI: Display: Encountered a new graphics PSO: 1432069970
[2026.06.06-18.12.29:079][  0]LogRHI: Display: Encountered a new graphics PSO: 2567425267
[2026.06.06-18.12.29:079][  0]LogRHI: Display: Encountered a new graphics PSO: 207809034
[2026.06.06-18.12.29:079][  0]LogRHI: Display: Encountered a new graphics PSO: 1416304339
[2026.06.06-18.12.29:079][  0]LogRHI: Display: Encountered a new graphics PSO: 1783578097
[2026.06.06-18.12.29:155][  0]LogPSOHitching: Encountered 150 PSO creation hitches so far (114 graphics, 36 compute). 0 of them were precached.
[2026.06.06-18.12.29:177][  0]LogD3D12RHI: Waited for PSO creation for 100.000000ms
[2026.06.06-18.12.29:277][  0]LogD3D12RHI: Waited for PSO creation for 200.000000ms
[2026.06.06-18.12.29:364][  0]LogRHI: Display: Encountered a new compute PSO: 1452542088
[2026.06.06-18.12.29:364][  0]LogRHI: Display: Encountered a new compute PSO: 2015581302
[2026.06.06-18.12.29:365][  0]LogRHI: Display: Encountered a new compute PSO: 2606149289
[2026.06.06-18.12.29:365][  0]LogRHI: Display: Encountered a new compute PSO: 2026226338
[2026.06.06-18.12.29:365][  0]LogRHI: Display: Encountered a new compute PSO: 1894562075
[2026.06.06-18.12.29:365][  0]LogRHI: Display: Encountered a new compute PSO: 2332763859
[2026.06.06-18.12.29:365][  0]LogRHI: Display: Encountered a new compute PSO: 4032904022
[2026.06.06-18.12.29:381][  0]LogRHI: Display: Encountered a new graphics PSO: 1502324750
[2026.06.06-18.12.29:381][  0]LogRHI: Display: Encountered a new graphics PSO: 239947139
[2026.06.06-18.12.29:422][  0]LogRHI: Display: Encountered a new graphics PSO: 358600077
[2026.06.06-18.12.29:422][  0]LogRHI: Display: Encountered a new graphics PSO: 63235597
[2026.06.06-18.12.29:422][  0]LogRHI: Display: Encountered a new graphics PSO: 1950801175
[2026.06.06-18.12.29:444][  0]LogRHI: Display: Encountered a new graphics PSO: 1889459203
[2026.06.06-18.12.29:496][  0]LogRHI: Display: Encountered a new graphics PSO: 3583798941
[2026.06.06-18.12.29:496][  0]LogRHI: Display: Encountered a new graphics PSO: 3234359501
[2026.06.06-18.12.29:541][  0]LogD3D12RHI: Waited for PSO creation for 100.000000ms
[2026.06.06-18.12.29:584][  0]LogRHI: Display: Encountered a new graphics PSO: 2547208030
[2026.06.06-18.12.29:684][  0]LogD3D12RHI: Waited for PSO creation for 100.000000ms
[2026.06.06-18.12.29:686][  0]LogD3D12RHI: Waited for PSO creation for 100.000000ms
[2026.06.06-18.12.29:706][  0]LogPSOHitching: Encountered 200 PSO creation hitches so far (160 graphics, 40 compute). 0 of them were precached.
[2026.06.06-18.12.29:707][  0]LogRHI: Display: Encountered a new graphics PSO: 3551916016
[2026.06.06-18.12.29:784][  0]LogD3D12RHI: Waited for PSO creation for 200.000000ms
[2026.06.06-18.12.29:984][  0]LogD3D12RHI: Waited for PSO creation for 400.000000ms
[2026.06.06-18.12.30:147][  0]LogSlate: Slate font cache was flushed
[2026.06.06-18.12.30:152][  0]LogSlate: InvalidateAllWidgets triggered.  All widgets were invalidated
[2026.06.06-18.12.30:161][  0]LogEOSSDK: Warning: LogEOSRTC: TickTracker Tick is delayed. TimePeriod=[28.932660s]  TickIntervalThreshold=[0.100000s] MaxTickInterval=[28.932614s] MaxExecutionTime=[0.000046s] TicksCount=[1] ExpectedTicksCount=[2893]
[2026.06.06-18.12.30:162][  0]LogSlate: InvalidateAllWidgets triggered.  All widgets were invalidated
[2026.06.06-18.12.30:330][  0]LogOnlineServices: [FAuthEOSGS::Login] Successfully logged in as [Steam:1 (76561198412322587)]
[2026.06.06-18.12.30:330][  0]LogCommonUser: Player login status changed - System:Platform, NewStatus:LoggedIn
[2026.06.06-18.12.30:331][  0]LogCommonUser: QueryBlocked - start Query on Backend service: STEAM
[2026.06.06-18.12.30:336][  0]LogCommonUser: QueryBlocked - completed Query on Backend service: STEAM
[2026.06.06-18.12.30:341][  0]LogCommonUser: Query Friends All
[2026.06.06-18.12.30:342][  0]LogCommonUser: QueryBlockedAll - start Query
[2026.06.06-18.12.30:342][  0]LogCommonUser: QueryBlocked - start Query on Backend service: STEAM
[2026.06.06-18.12.30:342][  0]LogCommonUser: QueryBlocked - completed Query on Backend service: STEAM
[2026.06.06-18.12.30:342][  0]LogCommonUser: QueryBlocked - start Query on Backend service: Epic
[2026.06.06-18.12.30:348][  0]LogCommonUser: QueryBlockedAll - already in progress dont mess with the Queue, returning.
[2026.06.06-18.12.30:348][  0]LogCommonUser: QueryBlockedAll - already in progress dont mess with the Queue, returning.
[2026.06.06-18.12.30:348][  0]LogCommonUser: QueryBlockedAll - already in progress dont mess with the Queue, returning.
[2026.06.06-18.12.30:348][  0]LogCommonUser: Query Friends All
[2026.06.06-18.12.30:504][  1]Model View Viewmodel: Error: Привязка '1' на выполнена. Имеются недопустимые источники. BPW_JoinGame_SessionMenu
[2026.06.06-18.12.30:504][  1]Model View Viewmodel: Error: Привязка '2' на выполнена. Имеются недопустимые источники. BPW_JoinGame_SessionMenu
[2026.06.06-18.12.30:513][  1]LogRenderer: Forcing update for all mesh draw commands: SkyLight real-time capture change
[2026.06.06-18.12.30:522][  1]LogSlate: Took 0.000732 seconds to synchronously load lazily loaded font '../../../FactoryGame/Content/FactoryGame/Interface/Font/OpenSans-Regular.ufont' (213K)
[2026.06.06-18.12.30:524][  1]LogSlate: Took 0.000578 seconds to synchronously load lazily loaded font '../../../FactoryGame/Content/FactoryGame/Interface/Font/OpenSans-SemiBold.ufont' (216K)
[2026.06.06-18.12.30:528][  1]LogCommonUser: QueryBlocked - completed Query on Backend service: Epic
[2026.06.06-18.12.30:637][  2]LogRHI: Display: Encountered a new graphics PSO: 2450121558
[2026.06.06-18.12.30:639][  2]LogOnlineServices: [FExternalUIEOSGS::ProcessDisplaySettingsUpdatedImplOp] Display settings changed notification received. bIsVisible: false, bIsExclusiveInput: false
[2026.06.06-18.12.30:739][  3]LogRHI: Display: Encountered a new graphics PSO: 1865239663
[2026.06.06-18.12.30:739][  3]LogRHI: Display: Encountered a new graphics PSO: 3836866703
[2026.06.06-18.12.30:796][  3]LogRHI: Display: Encountered a new graphics PSO: 2707416352
[2026.06.06-18.12.30:823][  3]LogRHI: Display: Encountered a new graphics PSO: 808440951
[2026.06.06-18.12.30:823][  3]LogRHI: Display: Encountered a new graphics PSO: 4011973816
[2026.06.06-18.12.30:931][  3]LogD3D12RHI: Waited for PSO creation for 100.000000ms
[2026.06.06-18.12.31:031][  3]LogD3D12RHI: Waited for PSO creation for 200.000000ms
[2026.06.06-18.12.31:256][  4]LogRHI: Display: Encountered a new graphics PSO: 2200341291
[2026.06.06-18.12.31:600][ 10]LogEOSSDK: LogEOS: SDK Config Platform Update Request Successful, Time: 30.329792
[2026.06.06-18.12.31:604][ 10]LogEOSSDK: LogEOSAnalytics: EOS SDK Analytics disabled for route [1].
[2026.06.06-18.12.31:610][ 10]LogEOSSDK: Warning: LogEOSUI: Hot key event ignored because there are no known users.
[2026.06.06-18.12.31:612][ 10]LogEOSSDK: LogEOS: Updating Product SDK Config, Time: 30.373943
[2026.06.06-18.12.31:911][ 19]LogEOSSDK: LogEOSAnalytics: Start Session (User: ...)
[2026.06.06-18.12.31:932][ 20]LogAkAudio: AFGPlayerControllerBase::RemoveWwise
[2026.06.06-18.12.31:935][ 20]LogUI: UpdateFocusHighlights [Widget_PlayMenu_Alpha] -- FORCE FOCUS LOST
[2026.06.06-18.12.31:935][ 20]LogUI: UpdateFocusHighlights [Widget_PlayMenu_Alpha] -- FORCE FOCUS LOST
[2026.06.06-18.12.31:939][ 20]LogUI: UpdateFocusHighlights [mCreateNewGame] -- FORCE FOCUS LOST
[2026.06.06-18.12.31:939][ 20]LogUI: UpdateFocusHighlights [mCreateNewGame] -- FORCE FOCUS LOST
[2026.06.06-18.12.31:943][ 20]LogUI: UpdateFocusHighlights Widget_ServerManager NO CDO
[2026.06.06-18.12.31:962][ 20]LogStreamableManager: Display: RequestAsyncLoad() called with empty or only null assets!
[2026.06.06-18.12.31:965][ 20]LogSlate: Took 0.001067 seconds to synchronously load lazily loaded font '../../../FactoryGame/Content/FactoryGame/Interface/Font/OpenSans-Bold.ufont' (220K)
[2026.06.06-18.12.31:979][ 21]LogRHI: Display: Encountered a new graphics PSO: 3821792320
[2026.06.06-18.12.31:979][ 21]LogRHI: Display: Encountered a new graphics PSO: 2724583852
[2026.06.06-18.12.31:979][ 21]LogRHI: Display: Encountered a new graphics PSO: 1602160613
[2026.06.06-18.12.31:979][ 21]LogRHI: Display: Encountered a new graphics PSO: 305904167
[2026.06.06-18.12.31:979][ 21]LogRHI: Display: Encountered a new graphics PSO: 3971043914
[2026.06.06-18.12.31:980][ 21]LogRHI: Display: Encountered a new graphics PSO: 35077104
[2026.06.06-18.12.31:980][ 21]LogRHI: Display: Encountered a new graphics PSO: 3906202723
[2026.06.06-18.12.31:997][ 21]LogSlate: Took 0.000659 seconds to synchronously load lazily loaded font '../../../Engine/Content/EngineFonts/Faces/RobotoBold.ufont' (160K)
[2026.06.06-18.12.32:182][ 25]LogEOSSDK: LogEOS: SDK Config Product Update Request Successful, Time: 30.918341
[2026.06.06-18.12.32:187][ 25]LogEOSSDK: Warning: LogEOSEcom: Purchase flow is disabled due to overlay setup failure (EOS_NotConfigured).
[2026.06.06-18.12.32:188][ 25]LogEOSSDK: Warning: LogEOSUI: Hot key event ignored because there are no known users.
[2026.06.06-18.12.32:188][ 25]LogEOSSDK: Warning: LogEOSUI: Social overlay is disabled due to overlay setup failure (EOS_NotConfigured).
[2026.06.06-18.12.32:189][ 25]LogEOSSDK: LogEOS: SDK Config Data - Watermark: -1091969823
[2026.06.06-18.12.32:189][ 25]LogEOSSDK: LogEOS: ScheduleNextSDKConfigDataUpdate - Time: 30.918341, Update Interval: 312.552277
[2026.06.06-18.12.37:598][202]LogRHI: Display: Encountered a new graphics PSO: 1956889123
[2026.06.06-18.12.37:864][211]LogRHI: Display: Encountered a new graphics PSO: 2033860764
[2026.06.06-18.12.37:865][211]LogRHI: Display: Encountered a new graphics PSO: 3598876401
[2026.06.06-18.12.37:964][212]LogD3D12RHI: Waited for PSO creation for 100.000000ms
[2026.06.06-18.12.38:064][212]LogD3D12RHI: Waited for PSO creation for 200.000000ms
[2026.06.06-18.12.38:264][212]LogD3D12RHI: Waited for PSO creation for 400.000000ms
[2026.06.06-18.12.38:576][216]LogRHI: Display: Encountered a new graphics PSO: 1049297653
[2026.06.06-18.12.38:576][216]LogRHI: Display: Encountered a new graphics PSO: 3741655036
[2026.06.06-18.12.40:170][259]LogEOSSDK: Warning: LogEOSRTC: TickTracker Tick is delayed. TimePeriod=[10.010505s]  TickIntervalThreshold=[0.100000s] MaxTickInterval=[0.104147s] MaxExecutionTime=[0.002390s] TicksCount=[259] ExpectedTicksCount=[1001]
[2026.06.06-18.12.40:411][268]LogMovieScene: Initializing a legacy player for sequence 'mSwitchImageAnim_INST'.
[2026.06.06-18.12.40:601][274]LogSteamSocketsAPI: Error: SteamSockets API: Error Unable to communicate with ANY of 28 Steam Datagram routing cluster.  Possible problem with local internet connection?
[2026.06.06-18.12.42:301][327]LogScript: Warning: UAkGameplayStatics::PostAkEvent: NULL Actor specified!
[2026.06.06-18.12.42:308][327]LogScript: Warning: UAkGameplayStatics::PostAkEvent: NULL Actor specified!
[2026.06.06-18.12.42:311][327]LogScript: Warning: UAkGameplayStatics::PostAkEvent: NULL Actor specified!
[2026.06.06-18.12.42:314][327]LogScript: Warning: UAkGameplayStatics::PostAkEvent: NULL Actor specified!
[2026.06.06-18.12.42:319][327]LogScript: Warning: UAkGameplayStatics::PostAkEvent: NULL Actor specified!
[2026.06.06-18.12.42:322][327]LogScript: Warning: UAkGameplayStatics::PostAkEvent: NULL Actor specified!
[2026.06.06-18.12.42:326][327]LogScript: Warning: UAkGameplayStatics::PostAkEvent: NULL Actor specified!
[2026.06.06-18.12.42:329][327]LogScript: Warning: UAkGameplayStatics::PostAkEvent: NULL Actor specified!
[2026.06.06-18.12.42:332][327]LogScript: Warning: UAkGameplayStatics::PostAkEvent: NULL Actor specified!
[2026.06.06-18.12.42:335][327]LogScript: Warning: UAkGameplayStatics::PostAkEvent: NULL Actor specified!
[2026.06.06-18.12.42:337][327]LogScript: Warning: UAkGameplayStatics::PostAkEvent: NULL Actor specified!
[2026.06.06-18.12.42:341][327]LogScript: Warning: UAkGameplayStatics::PostAkEvent: NULL Actor specified!
[2026.06.06-18.12.42:344][327]LogScript: Warning: UAkGameplayStatics::PostAkEvent: NULL Actor specified!
[2026.06.06-18.12.42:359][327]LogScript: Warning: UAkGameplayStatics::PostAkEvent: NULL Actor specified!
[2026.06.06-18.12.42:361][327]LogScript: Warning: UAkGameplayStatics::PostAkEvent: NULL Actor specified!
[2026.06.06-18.12.42:364][327]LogScript: Warning: UAkGameplayStatics::PostAkEvent: NULL Actor specified!
[2026.06.06-18.12.42:376][327]LogScript: Warning: UAkGameplayStatics::PostAkEvent: NULL Actor specified!
[2026.06.06-18.12.42:379][327]LogScript: Warning: UAkGameplayStatics::PostAkEvent: NULL Actor specified!
[2026.06.06-18.12.42:426][328]LogRHI: Display: Encountered a new graphics PSO: 3160057731
[2026.06.06-18.12.42:426][328]LogRHI: Display: Encountered a new graphics PSO: 32450527
[2026.06.06-18.12.42:426][328]LogRHI: Display: Encountered a new graphics PSO: 2562884537
[2026.06.06-18.12.42:426][328]LogRHI: Display: Encountered a new graphics PSO: 2886290050
[2026.06.06-18.12.42:687][334]LogScript: Warning: UAkGameplayStatics::PostAkEvent: NULL Actor specified!
[2026.06.06-18.12.45:915][436]LogRHI: Display: Encountered a new graphics PSO: 2186540515
[2026.06.06-18.12.50:186][576]LogEOSSDK: Warning: LogEOSRTC: TickTracker Tick is delayed. TimePeriod=[10.016175s]  TickIntervalThreshold=[0.100000s] MaxTickInterval=[0.154305s] MaxExecutionTime=[0.001285s] TicksCount=[317] ExpectedTicksCount=[1001]
[2026.06.06-18.12.54:140][708]LogScript: Warning: UAkGameplayStatics::PostAkEvent: NULL Actor specified!
[2026.06.06-18.12.55:473][750]LogStreaming: Display: FlushAsyncLoading(563): 1 QueuedPackages, 0 AsyncPackages
[2026.06.06-18.12.55:529][751]LogRHI: Display: Encountered a new compute PSO: 1073429778
[2026.06.06-18.12.55:530][751]LogRHI: Display: Encountered a new graphics PSO: 1389268003
[2026.06.06-18.12.55:530][751]LogRHI: Display: Encountered a new graphics PSO: 718115507
[2026.06.06-18.12.55:530][751]LogRHI: Display: Encountered a new graphics PSO: 861142814
[2026.06.06-18.12.55:530][751]LogRHI: Display: Encountered a new graphics PSO: 3201733423
[2026.06.06-18.12.55:530][751]LogRHI: Display: Encountered a new graphics PSO: 726712605
[2026.06.06-18.12.55:574][752]LogRHI: Display: Encountered a new graphics PSO: 3380381956
[2026.06.06-18.12.55:574][752]LogPSOHitching: Encountered 250 PSO creation hitches so far (192 graphics, 58 compute). 0 of them were precached.
[2026.06.06-18.12.56:477][757]LogRHI: Display: Encountered a new compute PSO: 2579764469
[2026.06.06-18.13.00:198][854]LogEOSSDK: Warning: LogEOSRTC: TickTracker Tick is delayed. TimePeriod=[10.010937s]  TickIntervalThreshold=[0.100000s] MaxTickInterval=[0.124158s] MaxExecutionTime=[0.001030s] TicksCount=[278] ExpectedTicksCount=[1001]
[2026.06.06-18.13.00:249][856]LogScript: Warning: UAkGameplayStatics::PostAkEvent: NULL Actor specified!
[2026.06.06-18.13.00:471][863]LogScript: Warning: UAkGameplayStatics::PostAkEvent: NULL Actor specified!
[2026.06.06-18.13.01:021][879]LogScript: Warning: UAkGameplayStatics::PostAkEvent: NULL Actor specified!
[2026.06.06-18.13.01:811][902]LogScript: Warning: UAkGameplayStatics::PostAkEvent: NULL Actor specified!
[2026.06.06-18.13.02:259][915]LogScript: Warning: UAkGameplayStatics::PostAkEvent: NULL Actor specified!
[2026.06.06-18.13.02:364][918]LogScript: Warning: UAkGameplayStatics::PostAkEvent: NULL Actor specified!
[2026.06.06-18.13.02:402][919]LogScript: Warning: UAkGameplayStatics::PostAkEvent: NULL Actor specified!
[2026.06.06-18.13.02:539][923]LogScript: Warning: UAkGameplayStatics::PostAkEvent: NULL Actor specified!
[2026.06.06-18.13.03:262][945]LogScript: Warning: UAkGameplayStatics::PostAkEvent: NULL Actor specified!
[2026.06.06-18.13.04:033][970]LogScript: Warning: UAkGameplayStatics::PostAkEvent: NULL Actor specified!
[2026.06.06-18.13.04:070][971]LogScript: Warning: UAkGameplayStatics::PostAkEvent: NULL Actor specified!
[2026.06.06-18.13.04:138][973]LogScript: Warning: UAkGameplayStatics::PostAkEvent: NULL Actor specified!
[2026.06.06-18.13.04:253][976]LogScript: Warning: UAkGameplayStatics::PostAkEvent: NULL Actor specified!
[2026.06.06-18.13.07:957][ 81]LogScript: Warning: UAkGameplayStatics::PostAkEvent: NULL Actor specified!
[2026.06.06-18.13.09:492][123]LogScript: Warning: UAkGameplayStatics::PostAkEvent: NULL Actor specified!
[2026.06.06-18.13.16:615][320]LogScript: Warning: UAkGameplayStatics::PostAkEvent: NULL Actor specified!
[2026.06.06-18.13.23:383][504]LogScript: Warning: UAkGameplayStatics::PostAkEvent: NULL Actor specified!
[2026.06.06-18.13.23:528][508]LogRHI: Display: Encountered a new graphics PSO: 1997155217
[2026.06.06-18.13.23:559][509]LogRHI: Display: Encountered a new graphics PSO: 1698349675
[2026.06.06-18.13.23:559][509]LogRHI: Display: Encountered a new graphics PSO: 3823975880
[2026.06.06-18.13.27:884][686]LogScript: Warning: UAkGameplayStatics::PostAkEvent: NULL Actor specified!
[2026.06.06-18.13.28:387][707]LogScript: Warning: UAkGameplayStatics::PostAkEvent: NULL Actor specified!
[2026.06.06-18.13.28:771][722]LogScript: Warning: UAkGameplayStatics::PostAkEvent: NULL Actor specified!
[2026.06.06-18.13.29:140][737]LogScript: Warning: UAkGameplayStatics::PostAkEvent: NULL Actor specified!
[2026.06.06-18.13.29:625][757]LogScript: Warning: UAkGameplayStatics::PostAkEvent: NULL Actor specified!
[2026.06.06-18.13.30:245][781]LogEOSSDK: Warning: LogEOSRTC: TickTracker Tick is delayed. TimePeriod=[10.001205s]  TickIntervalThreshold=[0.100000s] MaxTickInterval=[0.135233s] MaxExecutionTime=[0.000100s] TicksCount=[363] ExpectedTicksCount=[1000]
[2026.06.06-18.13.33:739][925]LogScript: Warning: UAkGameplayStatics::PostAkEvent: NULL Actor specified!
[2026.06.06-18.13.37:170][ 66]LogScript: Warning: UAkGameplayStatics::PostAkEvent: NULL Actor specified!
[2026.06.06-18.13.37:247][ 69]LogScript: Warning: UAkGameplayStatics::PostAkEvent: NULL Actor specified!
[2026.06.06-18.13.37:412][ 76]LogScript: Warning: UAkGameplayStatics::PostAkEvent: NULL Actor specified!
[2026.06.06-18.13.37:565][ 82]LogScript: Warning: UAkGameplayStatics::PostAkEvent: NULL Actor specified!
[2026.06.06-18.13.38:007][100]LogScript: Warning: UAkGameplayStatics::PostAkEvent: NULL Actor specified!
[2026.06.06-18.13.38:989][140]LogScript: Warning: UAkGameplayStatics::PostAkEvent: NULL Actor specified!
[2026.06.06-18.13.39:061][143]LogScript: Warning: UAkGameplayStatics::PostAkEvent: NULL Actor specified!
[2026.06.06-18.13.39:359][155]LogScript: Warning: UAkGameplayStatics::PostAkEvent: NULL Actor specified!
[2026.06.06-18.13.39:705][169]LogScript: Warning: UAkGameplayStatics::PostAkEvent: NULL Actor specified!
[2026.06.06-18.13.41:161][228]LogScript: Warning: UAkGameplayStatics::PostAkEvent: NULL Actor specified!
[2026.06.06-18.13.41:366][236]LogScript: Warning: UAkGameplayStatics::PostAkEvent: NULL Actor specified!
[2026.06.06-18.13.41:434][239]LogScript: Warning: UAkGameplayStatics::PostAkEvent: NULL Actor specified!
[2026.06.06-18.13.41:527][243]LogScript: Warning: UAkGameplayStatics::PostAkEvent: NULL Actor specified!
[2026.06.06-18.13.41:601][246]LogScript: Warning: UAkGameplayStatics::PostAkEvent: NULL Actor specified!
[2026.06.06-18.13.42:142][268]LogScript: Warning: UAkGameplayStatics::PostAkEvent: NULL Actor specified!
[2026.06.06-18.13.42:168][269]LogScript: Warning: UAkGameplayStatics::PostAkEvent: NULL Actor specified!
[2026.06.06-18.13.42:210][271]LogScript: Warning: UAkGameplayStatics::PostAkEvent: NULL Actor specified!
[2026.06.06-18.13.42:277][274]LogScript: Warning: UAkGameplayStatics::PostAkEvent: NULL Actor specified!
[2026.06.06-18.13.45:152][393]LogSlate: Took 0.000541 seconds to synchronously load lazily loaded font '../../../Engine/Content/Slate/Fonts/Roboto-Regular.ttf' (155K)
[2026.06.06-18.13.45:164][394]LogRHI: Display: Encountered a new graphics PSO: 1638372711
[2026.06.06-18.13.45:165][394]LogRHI: Display: Encountered a new graphics PSO: 1911018763
[2026.06.06-18.13.46:405][445]LogScript: Warning: UAkGameplayStatics::PostAkEvent: NULL Actor specified!
[2026.06.06-18.13.46:440][446]LogScript: Warning: UAkGameplayStatics::PostAkEvent: NULL Actor specified!
[2026.06.06-18.13.46:530][450]LogScript: Warning: UAkGameplayStatics::PostAkEvent: NULL Actor specified!
[2026.06.06-18.13.46:580][452]LogScript: Warning: UAkGameplayStatics::PostAkEvent: NULL Actor specified!
[2026.06.06-18.13.46:871][463]LogScript: Warning: UAkGameplayStatics::PostAkEvent: NULL Actor specified!
[2026.06.06-18.13.47:026][469]LogScript: Warning: UAkGameplayStatics::PostAkEvent: NULL Actor specified!
[2026.06.06-18.13.47:094][472]LogScript: Warning: UAkGameplayStatics::PostAkEvent: NULL Actor specified!
[2026.06.06-18.13.58:872][946]LogScript: Warning: UAkGameplayStatics::PostAkEvent: NULL Actor specified!
[2026.06.06-18.13.58:896][947]LogScript: Warning: UAkGameplayStatics::PostAkEvent: NULL Actor specified!
[2026.06.06-18.13.59:175][958]LogScript: Warning: UAkGameplayStatics::PostAkEvent: NULL Actor specified!
[2026.06.06-18.13.59:661][977]LogScript: Warning: UAkGameplayStatics::PostAkEvent: NULL Actor specified!
[2026.06.06-18.13.59:731][979]LogScript: Warning: UAkGameplayStatics::PostAkEvent: NULL Actor specified!
[2026.06.06-18.13.59:797][982]LogScript: Warning: UAkGameplayStatics::PostAkEvent: NULL Actor specified!
[2026.06.06-18.13.59:824][983]LogScript: Warning: UAkGameplayStatics::PostAkEvent: NULL Actor specified!
[2026.06.06-18.13.59:887][985]LogScript: Warning: UAkGameplayStatics::PostAkEvent: NULL Actor specified!
[2026.06.06-18.13.59:925][987]LogScript: Warning: UAkGameplayStatics::PostAkEvent: NULL Actor specified!
[2026.06.06-18.13.59:952][988]LogScript: Warning: UAkGameplayStatics::PostAkEvent: NULL Actor specified!
[2026.06.06-18.14.00:112][994]LogScript: Warning: UAkGameplayStatics::PostAkEvent: NULL Actor specified!
[2026.06.06-18.14.00:158][996]LogScript: Warning: UAkGameplayStatics::PostAkEvent: NULL Actor specified!
[2026.06.06-18.14.00:205][998]LogScript: Warning: UAkGameplayStatics::PostAkEvent: NULL Actor specified!
[2026.06.06-18.14.01:399][ 45]LogScript: Warning: UAkGameplayStatics::PostAkEvent: NULL Actor specified!
[2026.06.06-18.14.01:953][ 67]LogScript: Warning: UAkGameplayStatics::PostAkEvent: NULL Actor specified!
[2026.06.06-18.14.02:460][ 88]LogScript: Warning: UAkGameplayStatics::PostAkEvent: NULL Actor specified!
[2026.06.06-18.14.03:731][138]LogScript: Warning: UAkGameplayStatics::PostAkEvent: NULL Actor specified!
[2026.06.06-18.14.08:953][342]LogScript: Warning: UAkGameplayStatics::PostAkEvent: NULL Actor specified!
[2026.06.06-18.14.09:593][370]LogScript: Warning: UAkGameplayStatics::PostAkEvent: NULL Actor specified!
[2026.06.06-18.14.09:931][384]LogScript: Warning: UAkGameplayStatics::PostAkEvent: NULL Actor specified!
[2026.06.06-18.14.11:823][459]LogScript: Warning: UAkGameplayStatics::PostAkEvent: NULL Actor specified!
[2026.06.06-18.14.12:964][505]LogScript: Warning: UAkGameplayStatics::PostAkEvent: NULL Actor specified!
[2026.06.06-18.14.13:721][535]LogScript: Warning: UAkGameplayStatics::PostAkEvent: NULL Actor specified!
[2026.06.06-18.14.13:988][546]LogScript: Warning: UAkGameplayStatics::PostAkEvent: NULL Actor specified!
[2026.06.06-18.14.14:373][561]LogScript: Warning: UAkGameplayStatics::PostAkEvent: NULL Actor specified!
[2026.06.06-18.14.15:323][599]LogScript: Warning: UAkGameplayStatics::PostAkEvent: NULL Actor specified!
[2026.06.06-18.14.15:900][623]LogScript: Warning: UAkGameplayStatics::PostAkEvent: NULL Actor specified!
[2026.06.06-18.14.16:887][663]LogScript: Warning: UAkGameplayStatics::PostAkEvent: NULL Actor specified!
[2026.06.06-18.14.17:096][671]LogRHI: Display: Encountered a new graphics PSO: 1608981501
[2026.06.06-18.14.17:096][671]LogRHI: Display: Encountered a new graphics PSO: 736811050
[2026.06.06-18.14.17:096][671]LogRHI: Display: Encountered a new graphics PSO: 3865547195
[2026.06.06-18.14.17:321][675]LogScript: Warning: UAkGameplayStatics::PostAkEvent: NULL Actor specified!
[2026.06.06-18.14.19:112][745]LogScript: Warning: UAkGameplayStatics::PostAkEvent: NULL Actor specified!
[2026.06.06-18.14.20:318][793]LogEOSSDK: Warning: LogEOSRTC: TickTracker Tick is delayed. TimePeriod=[10.027367s]  TickIntervalThreshold=[0.100000s] MaxTickInterval=[0.128159s] MaxExecutionTime=[0.000042s] TicksCount=[396] ExpectedTicksCount=[1002]
[2026.06.06-18.14.22:008][861]LogScript: Warning: UAkGameplayStatics::PostAkEvent: NULL Actor specified!
[2026.06.06-18.14.22:332][874]LogScript: Warning: UAkGameplayStatics::PostAkEvent: NULL Actor specified!
[2026.06.06-18.14.22:344][874]LogScript: Warning: UAkGameplayStatics::PostAkEvent: NULL Actor specified!
[2026.06.06-18.14.22:360][875]LogScript: Warning: UAkGameplayStatics::PostAkEvent: NULL Actor specified!
[2026.06.06-18.14.22:387][876]LogScript: Warning: UAkGameplayStatics::PostAkEvent: NULL Actor specified!
[2026.06.06-18.14.22:410][877]LogScript: Warning: UAkGameplayStatics::PostAkEvent: NULL Actor specified!
[2026.06.06-18.14.23:149][907]LogScript: Warning: UAkGameplayStatics::PostAkEvent: NULL Actor specified!
[2026.06.06-18.14.31:119][230]LogScript: Warning: UAkGameplayStatics::PostAkEvent: NULL Actor specified!
[2026.06.06-18.14.31:505][246]LogScript: Warning: UAkGameplayStatics::PostAkEvent: NULL Actor specified!
[2026.06.06-18.14.32:317][280]LogScript: Warning: UAkGameplayStatics::PostAkEvent: NULL Actor specified!
[2026.06.06-18.14.33:017][309]LogScript: Warning: UAkGameplayStatics::PostAkEvent: NULL Actor specified!
[2026.06.06-18.14.33:722][338]LogScript: Warning: UAkGameplayStatics::PostAkEvent: NULL Actor specified!
[2026.06.06-18.14.34:625][375]LogScript: Warning: UAkGameplayStatics::PostAkEvent: NULL Actor specified!
[2026.06.06-18.14.35:216][399]LogScript: Warning: UAkGameplayStatics::PostAkEvent: NULL Actor specified!
[2026.06.06-18.14.37:093][477]LogScript: Warning: UAkGameplayStatics::PostAkEvent: NULL Actor specified!
[2026.06.06-18.14.38:341][528]LogScript: Warning: UAkGameplayStatics::PostAkEvent: NULL Actor specified!
[2026.06.06-18.14.38:678][542]LogScript: Warning: UAkGameplayStatics::PostAkEvent: NULL Actor specified!
[2026.06.06-18.14.43:020][722]LogScript: Warning: UAkGameplayStatics::PostAkEvent: NULL Actor specified!
[2026.06.06-18.14.49:367][989]LogScript: Warning: UAkGameplayStatics::PostAkEvent: NULL Actor specified!
[2026.06.06-18.14.51:712][ 88]LogScript: Warning: UAkGameplayStatics::PostAkEvent: NULL Actor specified!
[2026.06.06-18.15.05:385][649]LogScript: Warning: UAkGameplayStatics::PostAkEvent: NULL Actor specified!
[2026.06.06-18.15.08:128][766]LogScript: Warning: UAkGameplayStatics::PostAkEvent: NULL Actor specified!
[2026.06.06-18.15.08:811][795]LogScript: Warning: UAkGameplayStatics::PostAkEvent: NULL Actor specified!
[2026.06.06-18.15.09:562][826]LogScript: Warning: UAkGameplayStatics::PostAkEvent: NULL Actor specified!
[2026.06.06-18.15.22:375][354]LogWidget: Warning: Widget_Popup_C_2147477679: Trying to set the default focus widget with a widget that isn't focusable: mButton
[2026.06.06-18.15.22:593][364]LogRHI: Display: Encountered a new graphics PSO: 790699351
[2026.06.06-18.15.22:650][367]LogRHI: Display: Encountered a new graphics PSO: 4270659012
[2026.06.06-18.15.23:841][415]LogGame: Error: Attempt to access option 'FG.ConveyorItemFrequency' value as type '10' but it's type was '14' on Option Interface 'FGGameUserSettings /Engine/Transient.FGGameUserSettings_2147482561'
[2026.06.06-18.15.24:112][415]LogD3D12RHI: Swapchain Resized:
	Before: Viewport=0x000001BD170BFD00, Num=3, Size=(1600,1000), PF=18, DXGIFormat=0x18, Fullscreen=0, AllowTearing=1
	After: Viewport=0x000001BD170BFD00, Num=3, Size=(1600,1000), PF=18, DXGIFormat=0x18, Fullscreen=1, AllowTearing=1
[2026.06.06-18.15.24:289][415]LogD3D12RHI: Swapchain Resized:
	Before: Viewport=0x000001BD170BFD00, Num=3, Size=(1600,1000), PF=18, DXGIFormat=0x18, Fullscreen=1, AllowTearing=1
	After: Viewport=0x000001BD170BFD00, Num=3, Size=(1280,800), PF=18, DXGIFormat=0x18, Fullscreen=1, AllowTearing=1
[2026.06.06-18.15.24:367][415]LogWidget: Warning: Widget_Popup_C_2147477590: Trying to set the default focus widget with a widget that isn't focusable: mButton
[2026.06.06-18.15.28:739][626]LogWidget: Warning: Widget_Popup_C_2147477499: Trying to set the default focus widget with a widget that isn't focusable: mButton
[2026.06.06-18.15.30:370][708]LogEOSSDK: Warning: LogEOSRTC: TickTracker Tick is delayed. TimePeriod=[10.000162s]  TickIntervalThreshold=[0.100000s] MaxTickInterval=[0.540274s] MaxExecutionTime=[0.000054s] TicksCount=[436] ExpectedTicksCount=[1000]
[2026.06.06-18.15.31:649][769]LogScript: Warning: UAkGameplayStatics::PostAkEvent: NULL Actor specified!
[2026.06.06-18.15.32:427][809]LogScript: Warning: UAkGameplayStatics::PostAkEvent: NULL Actor specified!
[2026.06.06-18.15.32:945][835]LogScript: Warning: UAkGameplayStatics::PostAkEvent: NULL Actor specified!
[2026.06.06-18.15.33:036][840]LogScript: Warning: UAkGameplayStatics::PostAkEvent: NULL Actor specified!
[2026.06.06-18.15.33:367][859]LogScript: Warning: UAkGameplayStatics::PostAkEvent: NULL Actor specified!
[2026.06.06-18.15.33:431][863]LogScript: Warning: UAkGameplayStatics::PostAkEvent: NULL Actor specified!
[2026.06.06-18.15.33:457][864]LogScript: Warning: UAkGameplayStatics::PostAkEvent: NULL Actor specified!
[2026.06.06-18.15.33:488][866]LogScript: Warning: UAkGameplayStatics::PostAkEvent: NULL Actor specified!
[2026.06.06-18.15.33:793][882]LogScript: Warning: UAkGameplayStatics::PostAkEvent: NULL Actor specified!
[2026.06.06-18.15.33:804][883]LogScript: Warning: UAkGameplayStatics::PostAkEvent: NULL Actor specified!
[2026.06.06-18.15.33:824][884]LogScript: Warning: UAkGameplayStatics::PostAkEvent: NULL Actor specified!
[2026.06.06-18.15.33:852][885]LogScript: Warning: UAkGameplayStatics::PostAkEvent: NULL Actor specified!
[2026.06.06-18.15.33:865][886]LogScript: Warning: UAkGameplayStatics::PostAkEvent: NULL Actor specified!
[2026.06.06-18.15.33:911][888]LogScript: Warning: UAkGameplayStatics::PostAkEvent: NULL Actor specified!
[2026.06.06-18.15.35:518][970]LogScript: Warning: UAkGameplayStatics::PostAkEvent: NULL Actor specified!
[2026.06.06-18.15.35:530][971]LogScript: Warning: UAkGameplayStatics::PostAkEvent: NULL Actor specified!
[2026.06.06-18.15.35:608][975]LogScript: Warning: UAkGameplayStatics::PostAkEvent: NULL Actor specified!
[2026.06.06-18.15.46:961][538]LogWidget: Warning: Widget_Popup_C_2147477384: Trying to set the default focus widget with a widget that isn't focusable: mButton
[2026.06.06-18.15.48:185][603]Closing by request
[2026.06.06-18.15.48:185][603]LogWindows: FPlatformMisc::RequestExit(0, UGameEngine::HandleExitCommand)
[2026.06.06-18.15.48:185][603]LogWindows: FPlatformMisc::RequestExitWithStatus(0, 0, UGameEngine::HandleExitCommand)
[2026.06.06-18.15.48:185][603]LogCore: Engine exit requested (reason: Win RequestExit)
[2026.06.06-18.15.48:206][604]LogCore: Engine exit requested (reason: EngineExit() was called; note: exit was already requested)
[2026.06.06-18.15.48:213][604]LogInit: Display: PreExit Game.
[2026.06.06-18.15.48:218][604]LogWorld: BeginTearingDown for /Game/FactoryGame/Map/MenuScenes/Map_Menu_1_02
[2026.06.06-18.15.48:239][604]LogBlueprintUserMessages: [BPW_ReadOnlySessionInfo] Destruct ReadOnlySessionInfo
[2026.06.06-18.15.48:265][604]LogAkAudio: AFGPlayerControllerBase::RemoveWwise
[2026.06.06-18.15.48:275][604]LogWorld: UWorld::CleanupWorld for Map_Menu_1_02, bSessionEnded=true, bCleanupResources=true
[2026.06.06-18.15.48:305][604]LogSlate: InvalidateAllWidgets triggered.  All widgets were invalidated
[2026.06.06-18.15.48:820][604]LogGameFeatures: Shutting down game features subsystem
[2026.06.06-18.15.48:821][604]LogSentrySdk: Verbose: sending envelope
[2026.06.06-18.15.48:821][604]LogSentrySdk: Verbose: submitting task to background worker thread
[2026.06.06-18.15.48:821][604]LogSentrySdk: Verbose: shutting down backend
[2026.06.06-18.15.48:822][604]LogSentrySdk: Verbose: executing task on worker thread
[2026.06.06-18.15.48:822][604]LogSentrySdk: Verbose: shutting down transport
[2026.06.06-18.15.48:822][604]LogSentrySdk: Verbose: shutting down background worker thread
[2026.06.06-18.15.48:822][604]LogSentrySdk: Verbose: submitting task to background worker thread
[2026.06.06-18.15.48:822][604]LogSentrySdk: Verbose: sending request using winhttp to "https://o4510000618995712.ingest.de.sentry.io:443/api/4510000622141520/envelope/":
x-sentry-auth:Sentry sentry_key=ce9e39afc0e16e3b66a9b309fe98f23b, sentry_version=7, sentry_client=sentry.native.unreal/0.10.1
content-type:application/x-sentry-envelope
content-length:360

[2026.06.06-18.15.49:004][604]LogSentrySdk: Verbose: received response:
HTTP/1.1 200 OK
Date: Sat, 06 Jun 2026 18:15:53 GMT
Via: 1.1 google
Content-Length: 2
Content-Type: application/json
Server: nginx
Vary: origin, access-control-request-method, access-control-request-headers
access-control-allow-origin: *
access-control-expose-headers: x-sentry-error,x-sentry-rate-limits,retry-after
cross-origin-resource-policy: cross-origin
strict-transport-security: max-age=31536000; includeSubDomains; preload
Alt-Svc: h3=":443"; ma=2592000,h3-29=":443"; ma=2
[2026.06.06-18.15.49:004][604]LogSentrySdk: Verbose: request handled in 182ms
[2026.06.06-18.15.49:004][604]LogSentrySdk: Verbose: executing task on worker thread
[2026.06.06-18.15.49:004][604]LogSentrySdk: Verbose: background worker thread shut down
[2026.06.06-18.15.49:009][604]LogAudio: Display: Beginning Audio Device Manager Shutdown (Module: AudioMixerXAudio2)...
[2026.06.06-18.15.49:009][604]LogAudio: Display: Destroying 1 Remaining Audio Device(s)...
[2026.06.06-18.15.49:009][604]LogAudio: Display: Audio Device unregistered from world 'Map_Menu_1_02'.
[2026.06.06-18.15.49:009][604]LogAudio: Display: Shutting down audio device while 1 references to it are still alive. For more information, compile with INSTRUMENT_AUDIODEVICE_HANDLES.
[2026.06.06-18.15.49:010][604]LogAudioMixer: Display: FMixerPlatformXAudio2::StopAudioStream() called. InstanceID=1, StreamState=4
[2026.06.06-18.15.49:011][604]LogAudioMixer: Display: FMixerPlatformXAudio2::StopAudioStream() called. InstanceID=1, StreamState=2
[2026.06.06-18.15.49:019][604]LogAudioMixer: Deinitializing Audio Bus Subsystem for audio device with ID -1
[2026.06.06-18.15.49:019][604]LogAudio: Display: Audio Device Manager Shutdown
[2026.06.06-18.15.49:019][604]LogSlate: Request Window 'Satisfactory  ' being destroyed
[2026.06.06-18.15.49:021][604]LogSlate: Window 'Satisfactory  ' being destroyed
[2026.06.06-18.15.49:314][604]LogWindowsTextInputMethodSystem: Activated input method: English (United States) - (Keyboard).
[2026.06.06-18.15.49:628][604]LogSlate: Slate User Destroyed.  User Index 0, Is Virtual User: 0
[2026.06.06-18.15.49:628][604]LogExit: Preparing to exit.
[2026.06.06-18.15.49:628][604]LogMoviePlayer: Shutting down movie player
[2026.06.06-18.15.49:823][604]LogSlate: Updating window title bar state: overlay mode, drag disabled, window buttons hidden, title bar hidden
[2026.06.06-18.15.49:899][604]LogDemo: Cleaned up 0 splitscreen connections, owner deletion: enabled
[2026.06.06-18.15.49:933][604]LogExit: Game engine shut down
[2026.06.06-18.15.50:032][604]LogRenderer: Forcing update for all mesh draw commands: SkyLight real-time capture change
[2026.06.06-18.15.50:266][604]LogExit: Object subsystem successfully closed.
[2026.06.06-18.15.50:308][604]LogRHI: FPipelineFileCacheManager Incremental saved 340 total, 340 new, 0 removed, 0 cons .upipelinecache (took   4.42ms): C:/Users/cheva/AppData/Local/FactoryGame/Saved/FactoryGame_PCD3D_SM6.upipelinecache.
[2026.06.06-18.15.50:328][604]LogStreamline: FStreamlineCoreModule::ShutdownModule Enter
[2026.06.06-18.15.50:328][604]LogStreamline: UnregisterStreamlineReflexHooks Enter
[2026.06.06-18.15.50:328][604]LogStreamline: UnregisterStreamlineReflexHooks Leave
[2026.06.06-18.15.50:328][604]LogStreamline: FStreamlineCoreModule::ShutdownModule Leave
[2026.06.06-18.15.50:328][604]LogDLSSNGXRHI: FNGXRHIModule::ShutdownModule Enter
[2026.06.06-18.15.50:328][604]LogDLSSNGXRHI: FNGXRHIModule::ShutdownModule Leave
[2026.06.06-18.15.50:328][604]LogDLSS: FDLSSModule::ShutdownModule Enter
[2026.06.06-18.15.50:328][604]LogDLSS: FDLSSModule::ShutdownModule Leave
[2026.06.06-18.15.50:329][604]LogSockets: SteamSockets: Cleaning up
[2026.06.06-18.15.50:331][604]LogWwiseNiagara: Display: Shutting down default Niagara.
[2026.06.06-18.15.50:335][604]LogGauntlet: Gauntlet Shutdown
[2026.06.06-18.15.50:335][604]LogLoad: Skipping reloading missing WwiseSoundEngine module: Exiting.
[2026.06.06-18.15.50:344][604]LogAkAudio: Audiokinetic Audio Device terminated.
[2026.06.06-18.15.50:345][604]LogWwiseConcurrency: Display: Shutting down default Concurrency.
[2026.06.06-18.15.50:345][604]LogWwiseProcessing: Display: Shutting down default Processing.
[2026.06.06-18.15.50:346][604]LogWwiseFileHandler: Closing FileHandler with remaining 1 FileStates. Leaking.
[2026.06.06-18.15.50:346][604]LogWwiseSoundEngine: Unloading Wwise Sound Engine
[2026.06.06-18.15.50:348][604]LogXeSSModule: XeSS shut down
[2026.06.06-18.15.50:352][604]LogXeSSRHI: Removed Intel XeSS effect
[2026.06.06-18.15.50:354][604]LogStreamlineD3D12RHI: FStreamlineD3D12RHI::~FStreamlineD3D12RHI Enter
[2026.06.06-18.15.50:355][604]LogStreamlineD3D12RHI: FStreamlineD3D12RHI::~FStreamlineD3D12RHI Leave
[2026.06.06-18.15.50:355][604]LogStreamlineD3D12RHI: FStreamlineD3D12RHIModule::ShutdownModule Enter
[2026.06.06-18.15.50:355][604]LogStreamlineD3D12RHI: FStreamlineD3D12RHIModule::ShutdownModule Leave
[2026.06.06-18.15.50:355][604]LogOnlineServices: 000001BD7CB4B060 Steam online services instance flushing remain operations
[2026.06.06-18.15.50:355][604]LogOnlineServices: Warning: 000001BD7CB4B060 Steam online services flush timed out, cancelling all operations
[2026.06.06-18.15.50:356][604]LogOnlineServices: 000001BDD299F890 BatchQueryPresence clear complete callbacks while in state Running
[2026.06.06-18.15.50:356][604]LogOnlineServices: 000001BD9EE23590 QueryUserAvatar clear complete callbacks while in state Invalid
[2026.06.06-18.15.50:356][604]LogOnlineServices: 000001BDA57B4850 QueryUserInfo clear complete callbacks while in state Invalid
[2026.06.06-18.15.50:357][604]LogOnlineServices: 000001BD7CB4B060 Steam online services instance destroy
[2026.06.06-18.15.50:358][604]LogSteamShared: Unloading the Steam API...
[2026.06.06-18.15.50:385][604]LogOnlineServices: Error: Steam online services is still been referenced after shutting down
[2026.06.06-18.15.50:385][604]LogSteamShared: Freeing the Steam Loaded Modules...
[2026.06.06-18.15.50:385][604]LogFFXFI: FFX Frame Interpolation Module Shutdown
[2026.06.06-18.15.50:385][604]LogFSR3: FSR3 Temporal Upscaling Module Shutdown
[2026.06.06-18.15.50:386][604]LogDLSSNGXVulkanRHIPreInit: FNGXVulkanRHIPreInitModule::ShutdownModule Enter
[2026.06.06-18.15.50:386][604]LogDLSSNGXVulkanRHIPreInit: FNGXVulkanRHIPreInitModule::ShutdownModule Leave
[2026.06.06-18.15.50:394][604]LogOnlineServices: 000001BD3CA76710 Epic online services instance destroy
[2026.06.06-18.15.50:394][604]LogEOSSDK: LogEOSFriends: Successfully closed a listener.
[2026.06.06-18.15.50:398][604]LogEOSSDK: Warning: LogEOSP2P: Leave all connections due to P2P network shutdown
[2026.06.06-18.15.50:404][604]LogEOSSDK: LogEOSRTC: [Core] Shutting down LibRTC...
[2026.06.06-18.15.50:948][604]LogEOSShared: FEOSSDKManager::Shutdown EOS_Shutdown Result=[EOS_Success]
[2026.06.06-18.15.50:951][604]LogNFORDenoise: NFORDenoise function shutting down
[2026.06.06-18.15.50:954][604]LogIris: FNetObjectFactoryRegistry::UnregisterFactory is unregistering factory: None name: NetActorFactory id: 0
[2026.06.06-18.15.50:954][604]LogIris: FNetObjectFactoryRegistry::UnregisterFactory is unregistering factory: None name: NetSubObjectFactory id: 1
[2026.06.06-18.15.50:954][604]LogPakFile: Destroying PakPlatformFile
[2026.06.06-18.15.51:097][604]LogD3D12RHI: ~FD3D12DynamicRHI
[2026.06.06-18.15.51:128][604]LogExit: Exiting.
[2026.06.06-18.15.51:176][604]Log file closed, 06/06/26 21:15:51
