Log file open, 06/12/26 15:51:11
LogWindows: Custom abort handler registered for crash reporting.
LogInit: Display: Running engine for game: FactoryGame
LogInit: Display: Project file not found: C:/Program Files (x86)/Steam/steamapps/common/Satisfactory/FactoryGame/FactoryGame.uproject
LogInit: Display: 	Attempting to find via project info helper.
LogPakFile: Initializing PakPlatformFile
LogIoDispatcher: Display: Reading toc: ../../../FactoryGame/Content/Paks/global.utoc
LogIoDispatcher: Display: Toc loaded : ../../../FactoryGame/Content/Paks/global.utoc, Id=ffffffffffffffff, Order=0, EntryCount=1, SignatureHash=8E033094D165D37223BC9D46DF0D6D71DF85DB0A
LogIoDispatcher: Display: Mounting container '../../../FactoryGame/Content/Paks/global.utoc' in location slot 0
LogPakFile: Display: Initialized I/O dispatcher file backend. Mounted the global container: ../../../FactoryGame/Content/Paks/global.utoc
LogPakFile: Display: Found Pak file ../../../FactoryGame/Content/Paks/FactoryGame-Windows.pak attempting to mount.
LogPakFile: Display: Mounting pak file ../../../FactoryGame/Content/Paks/FactoryGame-Windows.pak.
LogIoDispatcher: Display: Reading toc: ../../../FactoryGame/Content/Paks/FactoryGame-Windows.utoc
LogIoDispatcher: Display: Toc loaded : ../../../FactoryGame/Content/Paks/FactoryGame-Windows.utoc, Id=52f27a6f7471235e, Order=4, EntryCount=59243, SignatureHash=5ED7FE8540FF1E6B609002412F9BCA7F7C7E9497
LogIoDispatcher: Display: Mounting container '../../../FactoryGame/Content/Paks/FactoryGame-Windows.utoc' in location slot 0
LogPakFile: Display: Mounted IoStore container "../../../FactoryGame/Content/Paks/FactoryGame-Windows.utoc"
LogFilePackageStore: Mounting container: Id=52f27a6f7471235e, Order=4, NumPackages=28225
LogPakFile: Display: Mounted Pak file '../../../FactoryGame/Content/Paks/FactoryGame-Windows.pak', mount point: '../../../'
LogICUInternationalization: ICU TimeZone Detection - Raw Offset: +2:00, Platform Override: ''
LogInit: Session CrashGUID >====================================================
         Session CrashGUID >   UECC-Windows-7446FDF5441C7B707D0CC281086519B0
         Session CrashGUID >====================================================
LogWindows: Attached monitors:
LogWindows:     resolution: 1600x1000, work area: (0, 0) -> (1600, 952), device: '\\.\DISPLAY1' [PRIMARY]
LogWindows: Found 1 attached monitors.
LogWindows: Gathering driver information using Windows Setup API
LogConfig: Using compiled CustomConfig Steam
LogAssetRegistry: Premade AssetRegistry loaded from '../../../FactoryGame/AssetRegistry.bin'
LogConfig: No local boot hotfix file found at: [C:/Users/cheva/AppData/Local/FactoryGame/Saved/PersistentDownloadDir/HotfixForNextBoot.txt]
LogAudio: Display: Pre-Initializing Audio Device Manager...
LogAudio: Display: AudioInfo: 'OPUS' Registered
LogAudioDebug: Display: Lib vorbis DLL was dynamically loaded.
LogAudio: Display: AudioInfo: 'OGG' Registered
LogAudio: Display: AudioInfo: 'ADPCM' Registered
LogAudio: Display: AudioInfo: 'PCM' Registered
LogAudio: Display: AudioInfo: 'BINKA' Registered
LogAudio: Display: AudioInfo: 'RADA' Registered
LogAudio: Display: Audio Device Manager Pre-Initialized
LogPluginManager: Mounting Engine plugin Paper2D
LogPluginManager: Mounting Engine plugin AISupport
LogPluginManager: Mounting Engine plugin EnvironmentQueryEditor
LogPluginManager: Mounting Engine plugin ACLPlugin
LogPluginManager: Mounting Engine plugin AnimationData
LogPluginManager: Mounting Engine plugin AnimationLocomotionLibrary
LogPluginManager: Mounting Engine plugin AnimationModifierLibrary
LogPluginManager: Mounting Engine plugin AnimationWarping
LogPluginManager: Mounting Engine plugin ControlRigModules
LogPluginManager: Mounting Engine plugin ControlRigSpline
LogPluginManager: Mounting Engine plugin ControlRig
LogPluginManager: Mounting Engine plugin DeformerGraph
LogPluginManager: Mounting Engine plugin IKRig
LogPluginManager: Mounting Engine plugin SkeletalMeshModelingTools
LogPluginManager: Mounting Engine plugin TweeningUtils
LogPluginManager: Mounting Engine plugin CSLocTools
LogPluginManager: Mounting Engine plugin CameraShakePreviewer
LogPluginManager: Mounting Engine plugin EngineCameras
LogPluginManager: Mounting Engine plugin GameplayCameras
LogPluginManager: Mounting Engine plugin ChaosClothAsset
LogPluginManager: Mounting Engine plugin ChaosCloth
LogPluginManager: Mounting Engine plugin ChaosVD
LogPluginManager: Mounting Engine plugin LensDistortion
LogPluginManager: Mounting Engine plugin OpenColorIO
LogPluginManager: Mounting Engine plugin OodleNetwork
LogPluginManager: Mounting Engine plugin AnimationSharing
LogPluginManager: Mounting Engine plugin ConcertMain
LogPluginManager: Mounting Engine plugin ConcertSyncClient
LogPluginManager: Mounting Engine plugin ConcertSyncCore
LogPluginManager: Mounting Engine plugin ConcertSharedSlate
LogPluginManager: Mounting Engine plugin NamingTokens
LogPluginManager: Mounting Engine plugin PluginUtils
LogPluginManager: Mounting Engine plugin UObjectPlugin
LogPluginManager: Mounting Engine plugin AssetManagerEditor
LogPluginManager: Mounting Engine plugin AssetReferenceRestrictions
LogPluginManager: Mounting Engine plugin BlueprintHeaderView
LogPluginManager: Mounting Engine plugin BlueprintMaterialTextureNodes
LogPluginManager: Mounting Engine plugin ColorGrading
LogPluginManager: Mounting Engine plugin ConsoleVariables
LogPluginManager: Mounting Engine plugin ContentBrowserAssetDataSource
LogPluginManager: Mounting Engine plugin CurveEditorTools
LogPluginManager: Mounting Engine plugin DataValidation
LogPluginManager: Mounting Engine plugin EditorScriptingUtilities
LogPluginManager: Mounting Engine plugin EngineAssetDefinitions
LogPluginManager: Mounting Engine plugin FacialAnimation
LogPluginManager: Mounting Engine plugin GameplayTagsEditor
LogPluginManager: Mounting Engine plugin GeometryMode
LogPluginManager: Mounting Engine plugin LightMixer
LogPluginManager: Mounting Engine plugin ObjectMixer
LogPluginManager: Mounting Engine plugin ProxyLODPlugin
LogPluginManager: Mounting Engine plugin ScriptableToolsEditorMode
LogPluginManager: Mounting Engine plugin SequencerAnimTools
LogPluginManager: Mounting Engine plugin SpeedTreeImporter
LogPluginManager: Mounting Engine plugin UMGWidgetPreview
LogPluginManager: Mounting Engine plugin UVEditor
LogPluginManager: Mounting Engine plugin EnhancedInput
LogPluginManager: Mounting Engine plugin DatasmithContent
LogPluginManager: Mounting Engine plugin GLTFExporter
LogPluginManager: Mounting Engine plugin VariantManagerContent
LogPluginManager: Mounting Engine plugin VariantManager
LogPluginManager: Mounting Engine plugin AsyncMessageSystem
LogPluginManager: Mounting Engine plugin AutomationUtils
LogPluginManager: Mounting Engine plugin BackChannel
LogPluginManager: Mounting Engine plugin BlueprintStats
LogPluginManager: Mounting Engine plugin ChaosCaching
LogPluginManager: Mounting Engine plugin ChaosEditor
LogPluginManager: Mounting Engine plugin ChaosNiagara
LogPluginManager: Mounting Engine plugin ChaosSolverPlugin
LogPluginManager: Mounting Engine plugin ChaosUserDataPT
LogPluginManager: Mounting Engine plugin ChaosVehiclesPlugin
LogPluginManager: Mounting Engine plugin CharacterAI
LogPluginManager: Mounting Engine plugin CompositeCore
LogPluginManager: Mounting Engine plugin ControlFlows
LogPluginManager: Mounting Engine plugin Dataflow
LogPluginManager: Mounting Engine plugin EditorDataStorageFeatures
LogPluginManager: Mounting Engine plugin EditorDataStorage
LogPluginManager: Mounting Engine plugin Fracture
LogPluginManager: Mounting Engine plugin FullBodyIK
LogPluginManager: Mounting Engine plugin Gauntlet
LogPluginManager: Mounting Engine plugin GeometryCollectionPlugin
LogPluginManager: Mounting Engine plugin GeometryDataflow
LogPluginManager: Mounting Engine plugin Landmass
LogPluginManager: Mounting Engine plugin LevelSequenceNavigatorBridge
LogPluginManager: Mounting Engine plugin LocalizableMessage
LogPluginManager: Mounting Engine plugin MeshModelingToolsetExp
LogPluginManager: Mounting Engine plugin NFORDenoise
LogPluginManager: Mounting Engine plugin PlanarCut
LogPluginManager: Mounting Engine plugin PlatformCrypto
LogPluginManager: Mounting Engine plugin PythonScriptPlugin
LogPluginManager: Mounting Engine plugin RuntimeTelemetry
LogPluginManager: Mounting Engine plugin SlateIM
LogPluginManager: Mounting Engine plugin ToolPresets
LogPluginManager: Mounting Engine plugin CascadeToNiagaraConverter
LogPluginManager: Mounting Engine plugin Cascade
LogPluginManager: Mounting Engine plugin NiagaraSimCaching
LogPluginManager: Mounting Engine plugin Niagara
LogPluginManager: Mounting Engine plugin Fab
LogPluginManager: Mounting Engine plugin AlembicImporter
LogPluginManager: Mounting Engine plugin InterchangeAssets
LogPluginManager: Mounting Engine plugin InterchangeEditor
LogPluginManager: Mounting Engine plugin Interchange
LogPluginManager: Mounting Engine plugin AppleProResMedia
LogPluginManager: Mounting Engine plugin ImgMedia
LogPluginManager: Mounting Engine plugin MediaCompositing
LogPluginManager: Mounting Engine plugin MediaPlate
LogPluginManager: Mounting Engine plugin MfMedia
LogPluginManager: Mounting Engine plugin WebMMedia
LogPluginManager: Mounting Engine plugin WmfMedia
LogPluginManager: Mounting Engine plugin MeshPainting
LogPluginManager: Mounting Engine plugin TcpMessaging
LogPluginManager: Mounting Engine plugin UdpMessaging
LogPluginManager: Mounting Engine plugin ActorSequence
LogPluginManager: Mounting Engine plugin LevelSequenceEditor
LogPluginManager: Mounting Engine plugin MovieRenderPipeline
LogPluginManager: Mounting Engine plugin SequencerScripting
LogPluginManager: Mounting Engine plugin TemplateSequence
LogPluginManager: Mounting Engine plugin EOSShared
LogPluginManager: Mounting Engine plugin OnlineBase
LogPluginManager: Mounting Engine plugin OnlineServicesEOSGS
LogPluginManager: Mounting Engine plugin OnlineServicesEOS
LogPluginManager: Mounting Engine plugin OnlineServicesEpicCommon
LogPluginManager: Mounting Engine plugin OnlineServicesNull
LogPluginManager: Mounting Engine plugin OnlineServicesOSSAdapter
LogPluginManager: Mounting Engine plugin OnlineServices
LogPluginManager: Mounting Engine plugin OnlineSubsystemNull
LogPluginManager: Mounting Engine plugin OnlineSubsystemSteam
LogPluginManager: Mounting Engine plugin OnlineSubsystemUtils
LogPluginManager: Mounting Engine plugin OnlineSubsystem
LogPluginManager: Mounting Engine plugin SocketSubsystemEOS
LogPluginManager: Mounting Engine plugin LauncherChunkInstaller
LogPluginManager: Mounting Engine plugin ActorLayerUtilities
LogPluginManager: Mounting Engine plugin AndroidFileServer
LogPluginManager: Mounting Engine plugin ApexDestruction
LogPluginManager: Mounting Engine plugin AppleImageUtils
LogPluginManager: Mounting Engine plugin AssetTags
LogPluginManager: Mounting Engine plugin AudioCapture
LogPluginManager: Mounting Engine plugin AudioSynesthesia
LogPluginManager: Mounting Engine plugin AudioWidgets
LogPluginManager: Mounting Engine plugin CableComponent
LogPluginManager: Mounting Engine plugin ChunkDownloader
LogPluginManager: Mounting Engine plugin ComputeFramework
LogPluginManager: Mounting Engine plugin CustomMeshComponent
LogPluginManager: Mounting Engine plugin DataRegistry
LogPluginManager: Mounting Engine plugin SQLiteCore
LogPluginManager: Mounting Engine plugin ExampleDeviceProfileSelector
LogPluginManager: Mounting Engine plugin GameFeatures
LogPluginManager: Mounting Engine plugin GeometryCache
LogPluginManager: Mounting Engine plugin GeometryProcessing
LogPluginManager: Mounting Engine plugin GeometryScripting
LogPluginManager: Mounting Engine plugin GooglePAD
LogPluginManager: Mounting Engine plugin HairStrands
LogPluginManager: Mounting Engine plugin MeshModelingToolset
LogPluginManager: Mounting Engine plugin Metasound
LogPluginManager: Mounting Engine plugin ModelViewViewModel
LogPluginManager: Mounting Engine plugin ModularGameplay
LogPluginManager: Mounting Engine plugin MsQuic
LogPluginManager: Mounting Engine plugin DTLSHandlerComponent
LogPluginManager: Mounting Engine plugin ProceduralMeshComponent
LogPluginManager: Mounting Engine plugin PropertyAccessEditor
LogPluginManager: Mounting Engine plugin PropertyBindingUtils
LogPluginManager: Mounting Engine plugin ReplicationGraph
LogPluginManager: Mounting Engine plugin ResonanceAudio
LogPluginManager: Mounting Engine plugin RigVM
LogPluginManager: Mounting Engine plugin ScriptableToolsFramework
LogPluginManager: Mounting Engine plugin SignificanceManager
LogPluginManager: Mounting Engine plugin SoundFields
LogPluginManager: Mounting Engine plugin StateTree
LogPluginManager: Mounting Engine plugin SteamController
LogPluginManager: Mounting Engine plugin SteamShared
LogPluginManager: Mounting Engine plugin SteamSockets
LogPluginManager: Mounting Engine plugin Synthesis
LogPluginManager: Mounting Engine plugin WaveTable
LogPluginManager: Mounting Engine plugin WebMMoviePlayer
LogPluginManager: Mounting Engine plugin WindowsDeviceProfileSelector
LogPluginManager: Mounting Engine plugin WindowsMoviePlayer
LogPluginManager: Mounting Engine plugin WinDualShock
LogPluginManager: Mounting Engine plugin XInputDevice
LogPluginManager: Mounting Engine plugin EditorTests
LogPluginManager: Mounting Engine plugin FbxAutomationTestBuilder
LogPluginManager: Mounting Engine plugin FunctionalTestingEditor
LogPluginManager: Mounting Engine plugin InterchangeTests
LogPluginManager: Mounting Engine plugin RuntimeTests
LogPluginManager: Mounting Engine plugin TestFramework
LogPluginManager: Mounting Engine plugin TraceUtilities
LogPluginManager: Mounting Engine plugin CameraCalibrationCore
LogPluginManager: Mounting Engine plugin Takes
LogPluginManager: Mounting Engine plugin WorldMetrics
LogPluginManager: Mounting Engine plugin WwiseNiagara
LogPluginManager: Mounting Engine plugin Wwise
LogPluginManager: Mounting Project plugin AbstractInstance
LogPluginManager: Mounting Project plugin DLSS
LogPluginManager: Mounting Project plugin EditorTools
LogPluginManager: Mounting Project plugin FSR3
LogPluginManager: Mounting Project plugin GameplayEvents
LogPluginManager: Mounting Project plugin OnlineIntegration
LogPluginManager: Mounting Project plugin OnlineServicesSteamLimited
LogPluginManager: Mounting Project plugin RainRendering
LogPluginManager: Mounting Project plugin ReliableMessaging
LogPluginManager: Mounting Project plugin Sentry
LogPluginManager: Mounting Project plugin SignificanceISPC
LogPluginManager: Mounting Project plugin SteamDeckConfig
LogPluginManager: Mounting Project plugin StreamlineCore
LogPluginManager: Mounting Project plugin StreamlineDLSSG
LogPluginManager: Mounting Project plugin StreamlineDeepDVC
LogPluginManager: Mounting Project plugin StreamlineReflex
LogPluginManager: Mounting Project plugin Streamline
LogPluginManager: Mounting Project plugin XeSS
LogPluginManager: Mounting Mod plugin AdvancedLogistics
LogPluginManager: Mounting Mod plugin ContainerScreen
LogPluginManager: Mounting Mod plugin ContainerWithScreen
LogPluginManager: Mounting Mod plugin DaisyChainPowerCables
LogPluginManager: Mounting Mod plugin DeepMining
LogPluginManager: Mounting Mod plugin FloorHole
LogPluginManager: Mounting Mod plugin FasterManualCraftingRedux
LogPluginManager: Mounting Mod plugin InventorySpace2
LogPluginManager: Mounting Mod plugin MAMTips
LogPluginManager: Mounting Mod plugin moidu21_lib
LogPluginManager: Mounting Mod plugin MovePlayerInventory
LogPluginManager: Mounting Mod plugin OrganizedCrates
LogPluginManager: Mounting Mod plugin SmallAwesomeSink
LogPluginManager: Mounting Mod plugin TenTimesAwesomePoints
LogPluginManager: Mounting Mod plugin UndergroundBelts
LogPluginManager: Mounting Mod plugin UtilityMod
LogPluginManager: Mounting Mod plugin SML
LogPluginManager: Mounting Mod plugin CrashSiteBeacons
LogPluginManager: Mounting Mod plugin BlueprintHighlighted
LogPluginManager: Mounting Mod plugin InfiniteNudge
LogPluginManager: Mounting Mod plugin HighlightScannedObject
LogPluginManager: Mounting Mod plugin FlashlightSettings
LogPluginManager: Mounting Mod plugin InfiniteZoop
LogPluginManager: Mounting Mod plugin minerplus
LogPluginManager: Mounting Mod plugin SkyUI
LogPluginManager: Mounting Mod plugin NoSplash
LogIoDispatcher: Display: Reading toc: ../../../FactoryGame/Mods/AdvancedLogistics/Content/Paks/Windows/AdvancedLogisticsFactoryGame-Windows.utoc
LogIoDispatcher: Display: Toc loaded : ../../../FactoryGame/Mods/AdvancedLogistics/Content/Paks/Windows/AdvancedLogisticsFactoryGame-Windows.utoc, Id=3bd1f41eeccfcc51, Order=0, EntryCount=14, SignatureHash=0000000000000000000000000000000000000000
LogIoDispatcher: Display: Mounting container '../../../FactoryGame/Mods/AdvancedLogistics/Content/Paks/Windows/AdvancedLogisticsFactoryGame-Windows.utoc' in location slot 1
LogPakFile: Display: Mounted IoStore container "../../../FactoryGame/Mods/AdvancedLogistics/Content/Paks/Windows/AdvancedLogisticsFactoryGame-Windows.utoc"
LogFilePackageStore: Mounting container: Id=3bd1f41eeccfcc51, Order=0, NumPackages=13
LogPakFile: Display: Mounted Pak file '../../../FactoryGame/Mods/AdvancedLogistics/Content/Paks/Windows/AdvancedLogisticsFactoryGame-Windows.pak', mount point: '../../../FactoryGame/Mods/AdvancedLogistics/'
LogPakFile: Display: Mount point '../../../FactoryGame/Mods/AdvancedLogistics/' is not mounted to a valid Root Path yet, assets in this pak file may not be accessible until a corresponding UFS Mount Point is added through FPackageName::RegisterMountPoint.
LogIoDispatcher: Display: Reading toc: ../../../FactoryGame/Mods/ContainerScreen/Content/Paks/Windows/ContainerScreenFactoryGame-Windows.utoc
LogIoDispatcher: Display: Toc loaded : ../../../FactoryGame/Mods/ContainerScreen/Content/Paks/Windows/ContainerScreenFactoryGame-Windows.utoc, Id=665b07fcf804c906, Order=0, EntryCount=69, SignatureHash=0000000000000000000000000000000000000000
LogIoDispatcher: Display: Mounting container '../../../FactoryGame/Mods/ContainerScreen/Content/Paks/Windows/ContainerScreenFactoryGame-Windows.utoc' in location slot 1
LogPakFile: Display: Mounted IoStore container "../../../FactoryGame/Mods/ContainerScreen/Content/Paks/Windows/ContainerScreenFactoryGame-Windows.utoc"
LogFilePackageStore: Mounting container: Id=665b07fcf804c906, Order=0, NumPackages=43
LogPakFile: Display: Mounted Pak file '../../../FactoryGame/Mods/ContainerScreen/Content/Paks/Windows/ContainerScreenFactoryGame-Windows.pak', mount point: '../../../FactoryGame/Mods/ContainerScreen/'
LogPakFile: Display: Mount point '../../../FactoryGame/Mods/ContainerScreen/' is not mounted to a valid Root Path yet, assets in this pak file may not be accessible until a corresponding UFS Mount Point is added through FPackageName::RegisterMountPoint.
LogIoDispatcher: Display: Reading toc: ../../../FactoryGame/Mods/ContainerWithScreen/Content/Paks/Windows/ContainerWithScreenFactoryGame-Windows.utoc
LogIoDispatcher: Display: Toc loaded : ../../../FactoryGame/Mods/ContainerWithScreen/Content/Paks/Windows/ContainerWithScreenFactoryGame-Windows.utoc, Id=4b5eb288afebf5a7, Order=0, EntryCount=38, SignatureHash=0000000000000000000000000000000000000000
LogIoDispatcher: Display: Mounting container '../../../FactoryGame/Mods/ContainerWithScreen/Content/Paks/Windows/ContainerWithScreenFactoryGame-Windows.utoc' in location slot 1
LogPakFile: Display: Mounted IoStore container "../../../FactoryGame/Mods/ContainerWithScreen/Content/Paks/Windows/ContainerWithScreenFactoryGame-Windows.utoc"
LogFilePackageStore: Mounting container: Id=4b5eb288afebf5a7, Order=0, NumPackages=20
LogPakFile: Display: Mounted Pak file '../../../FactoryGame/Mods/ContainerWithScreen/Content/Paks/Windows/ContainerWithScreenFactoryGame-Windows.pak', mount point: '../../../FactoryGame/Mods/ContainerWithScreen/'
LogPakFile: Display: Mount point '../../../FactoryGame/Mods/ContainerWithScreen/' is not mounted to a valid Root Path yet, assets in this pak file may not be accessible until a corresponding UFS Mount Point is added through FPackageName::RegisterMountPoint.
LogIoDispatcher: Display: Reading toc: ../../../FactoryGame/Mods/DaisyChainPowerCables/Content/Paks/Windows/DaisyChainPowerCablesFactoryGame-Windows.utoc
LogIoDispatcher: Display: Toc loaded : ../../../FactoryGame/Mods/DaisyChainPowerCables/Content/Paks/Windows/DaisyChainPowerCablesFactoryGame-Windows.utoc, Id=96fc5f6d131f0e87, Order=0, EntryCount=72, SignatureHash=0000000000000000000000000000000000000000
LogIoDispatcher: Display: Mounting container '../../../FactoryGame/Mods/DaisyChainPowerCables/Content/Paks/Windows/DaisyChainPowerCablesFactoryGame-Windows.utoc' in location slot 1
LogPakFile: Display: Mounted IoStore container "../../../FactoryGame/Mods/DaisyChainPowerCables/Content/Paks/Windows/DaisyChainPowerCablesFactoryGame-Windows.utoc"
LogFilePackageStore: Mounting container: Id=96fc5f6d131f0e87, Order=0, NumPackages=71
LogPakFile: Display: Mounted Pak file '../../../FactoryGame/Mods/DaisyChainPowerCables/Content/Paks/Windows/DaisyChainPowerCablesFactoryGame-Windows.pak', mount point: '../../../FactoryGame/Mods/DaisyChainPowerCables/'
LogPakFile: Display: Mount point '../../../FactoryGame/Mods/DaisyChainPowerCables/' is not mounted to a valid Root Path yet, assets in this pak file may not be accessible until a corresponding UFS Mount Point is added through FPackageName::RegisterMountPoint.
LogIoDispatcher: Display: Reading toc: ../../../FactoryGame/Mods/DeepMining/Content/Paks/Windows/DeepMiningFactoryGame-Windows.utoc
LogIoDispatcher: Display: Toc loaded : ../../../FactoryGame/Mods/DeepMining/Content/Paks/Windows/DeepMiningFactoryGame-Windows.utoc, Id=358888508f532e48, Order=0, EntryCount=41, SignatureHash=0000000000000000000000000000000000000000
LogIoDispatcher: Display: Mounting container '../../../FactoryGame/Mods/DeepMining/Content/Paks/Windows/DeepMiningFactoryGame-Windows.utoc' in location slot 1
LogPakFile: Display: Mounted IoStore container "../../../FactoryGame/Mods/DeepMining/Content/Paks/Windows/DeepMiningFactoryGame-Windows.utoc"
LogFilePackageStore: Mounting container: Id=358888508f532e48, Order=0, NumPackages=30
LogPakFile: Display: Mounted Pak file '../../../FactoryGame/Mods/DeepMining/Content/Paks/Windows/DeepMiningFactoryGame-Windows.pak', mount point: '../../../FactoryGame/Mods/DeepMining/'
LogPakFile: Display: Mount point '../../../FactoryGame/Mods/DeepMining/' is not mounted to a valid Root Path yet, assets in this pak file may not be accessible until a corresponding UFS Mount Point is added through FPackageName::RegisterMountPoint.
LogIoDispatcher: Display: Reading toc: ../../../FactoryGame/Mods/FloorHole/Content/Paks/Windows/FloorHoleFactoryGame-Windows.utoc
LogIoDispatcher: Display: Toc loaded : ../../../FactoryGame/Mods/FloorHole/Content/Paks/Windows/FloorHoleFactoryGame-Windows.utoc, Id=101fa75bd20237ae, Order=0, EntryCount=157, SignatureHash=0000000000000000000000000000000000000000
LogIoDispatcher: Display: Mounting container '../../../FactoryGame/Mods/FloorHole/Content/Paks/Windows/FloorHoleFactoryGame-Windows.utoc' in location slot 1
LogPakFile: Display: Mounted IoStore container "../../../FactoryGame/Mods/FloorHole/Content/Paks/Windows/FloorHoleFactoryGame-Windows.utoc"
LogFilePackageStore: Mounting container: Id=101fa75bd20237ae, Order=0, NumPackages=149
LogPakFile: Display: Mounted Pak file '../../../FactoryGame/Mods/FloorHole/Content/Paks/Windows/FloorHoleFactoryGame-Windows.pak', mount point: '../../../FactoryGame/Mods/FloorHole/'
LogPakFile: Display: Mount point '../../../FactoryGame/Mods/FloorHole/' is not mounted to a valid Root Path yet, assets in this pak file may not be accessible until a corresponding UFS Mount Point is added through FPackageName::RegisterMountPoint.
LogIoDispatcher: Display: Reading toc: ../../../FactoryGame/Mods/FasterManualCraftingRedux/Content/Paks/Windows/FasterManualCraftingReduxFactoryGame-Windows.utoc
LogIoDispatcher: Display: Toc loaded : ../../../FactoryGame/Mods/FasterManualCraftingRedux/Content/Paks/Windows/FasterManualCraftingReduxFactoryGame-Windows.utoc, Id=e263af47724971d7, Order=0, EntryCount=5, SignatureHash=0000000000000000000000000000000000000000
LogIoDispatcher: Display: Mounting container '../../../FactoryGame/Mods/FasterManualCraftingRedux/Content/Paks/Windows/FasterManualCraftingReduxFactoryGame-Windows.utoc' in location slot 1
LogPakFile: Display: Mounted IoStore container "../../../FactoryGame/Mods/FasterManualCraftingRedux/Content/Paks/Windows/FasterManualCraftingReduxFactoryGame-Windows.utoc"
LogFilePackageStore: Mounting container: Id=e263af47724971d7, Order=0, NumPackages=4
LogPakFile: Display: Mounted Pak file '../../../FactoryGame/Mods/FasterManualCraftingRedux/Content/Paks/Windows/FasterManualCraftingReduxFactoryGame-Windows.pak', mount point: '../../../FactoryGame/Mods/FasterManualCraftingRedux/'
LogPakFile: Display: Mount point '../../../FactoryGame/Mods/FasterManualCraftingRedux/' is not mounted to a valid Root Path yet, assets in this pak file may not be accessible until a corresponding UFS Mount Point is added through FPackageName::RegisterMountPoint.
LogIoDispatcher: Display: Reading toc: ../../../FactoryGame/Mods/InventorySpace2/Content/Paks/Windows/InventorySpace2FactoryGame-Windows.utoc
LogIoDispatcher: Display: Toc loaded : ../../../FactoryGame/Mods/InventorySpace2/Content/Paks/Windows/InventorySpace2FactoryGame-Windows.utoc, Id=1de38c878d314dac, Order=0, EntryCount=4, SignatureHash=0000000000000000000000000000000000000000
LogIoDispatcher: Display: Mounting container '../../../FactoryGame/Mods/InventorySpace2/Content/Paks/Windows/InventorySpace2FactoryGame-Windows.utoc' in location slot 1
LogPakFile: Display: Mounted IoStore container "../../../FactoryGame/Mods/InventorySpace2/Content/Paks/Windows/InventorySpace2FactoryGame-Windows.utoc"
LogFilePackageStore: Mounting container: Id=1de38c878d314dac, Order=0, NumPackages=3
LogPakFile: Display: Mounted Pak file '../../../FactoryGame/Mods/InventorySpace2/Content/Paks/Windows/InventorySpace2FactoryGame-Windows.pak', mount point: '../../../FactoryGame/Mods/InventorySpace2/'
LogPakFile: Display: Mount point '../../../FactoryGame/Mods/InventorySpace2/' is not mounted to a valid Root Path yet, assets in this pak file may not be accessible until a corresponding UFS Mount Point is added through FPackageName::RegisterMountPoint.
LogIoDispatcher: Display: Reading toc: ../../../FactoryGame/Mods/MAMTips/Content/Paks/Windows/MAMTipsFactoryGame-Windows.utoc
LogIoDispatcher: Display: Toc loaded : ../../../FactoryGame/Mods/MAMTips/Content/Paks/Windows/MAMTipsFactoryGame-Windows.utoc, Id=f9e53b47b5d5e4db, Order=0, EntryCount=49, SignatureHash=0000000000000000000000000000000000000000
LogIoDispatcher: Display: Mounting container '../../../FactoryGame/Mods/MAMTips/Content/Paks/Windows/MAMTipsFactoryGame-Windows.utoc' in location slot 1
LogPakFile: Display: Mounted IoStore container "../../../FactoryGame/Mods/MAMTips/Content/Paks/Windows/MAMTipsFactoryGame-Windows.utoc"
LogFilePackageStore: Mounting container: Id=f9e53b47b5d5e4db, Order=0, NumPackages=39
LogPakFile: Display: Mounted Pak file '../../../FactoryGame/Mods/MAMTips/Content/Paks/Windows/MAMTipsFactoryGame-Windows.pak', mount point: '../../../FactoryGame/Mods/MAMTips/'
LogPakFile: Display: Mount point '../../../FactoryGame/Mods/MAMTips/' is not mounted to a valid Root Path yet, assets in this pak file may not be accessible until a corresponding UFS Mount Point is added through FPackageName::RegisterMountPoint.
LogIoDispatcher: Display: Reading toc: ../../../FactoryGame/Mods/moidu21_lib/Content/Paks/Windows/moidu21_libFactoryGame-Windows.utoc
LogIoDispatcher: Display: Toc loaded : ../../../FactoryGame/Mods/moidu21_lib/Content/Paks/Windows/moidu21_libFactoryGame-Windows.utoc, Id=b6bce8dd18fe3ca2, Order=0, EntryCount=1, SignatureHash=0000000000000000000000000000000000000000
LogIoDispatcher: Display: Mounting container '../../../FactoryGame/Mods/moidu21_lib/Content/Paks/Windows/moidu21_libFactoryGame-Windows.utoc' in location slot 1
LogPakFile: Display: Mounted IoStore container "../../../FactoryGame/Mods/moidu21_lib/Content/Paks/Windows/moidu21_libFactoryGame-Windows.utoc"
LogFilePackageStore: Mounting container: Id=b6bce8dd18fe3ca2, Order=0, NumPackages=0
LogPakFile: Display: Mounted Pak file '../../../FactoryGame/Mods/moidu21_lib/Content/Paks/Windows/moidu21_libFactoryGame-Windows.pak', mount point: '../../../FactoryGame/Mods/moidu21_lib/'
LogPakFile: Display: Mount point '../../../FactoryGame/Mods/moidu21_lib/' is not mounted to a valid Root Path yet, assets in this pak file may not be accessible until a corresponding UFS Mount Point is added through FPackageName::RegisterMountPoint.
LogIoDispatcher: Display: Reading toc: ../../../FactoryGame/Mods/MovePlayerInventory/Content/Paks/Windows/MovePlayerInventoryFactoryGame-Windows.utoc
LogIoDispatcher: Display: Toc loaded : ../../../FactoryGame/Mods/MovePlayerInventory/Content/Paks/Windows/MovePlayerInventoryFactoryGame-Windows.utoc, Id=9f4d7f882a5a0752, Order=0, EntryCount=19, SignatureHash=0000000000000000000000000000000000000000
LogIoDispatcher: Display: Mounting container '../../../FactoryGame/Mods/MovePlayerInventory/Content/Paks/Windows/MovePlayerInventoryFactoryGame-Windows.utoc' in location slot 1
LogPakFile: Display: Mounted IoStore container "../../../FactoryGame/Mods/MovePlayerInventory/Content/Paks/Windows/MovePlayerInventoryFactoryGame-Windows.utoc"
LogFilePackageStore: Mounting container: Id=9f4d7f882a5a0752, Order=0, NumPackages=10
LogPakFile: Display: Mounted Pak file '../../../FactoryGame/Mods/MovePlayerInventory/Content/Paks/Windows/MovePlayerInventoryFactoryGame-Windows.pak', mount point: '../../../FactoryGame/Mods/MovePlayerInventory/'
LogPakFile: Display: Mount point '../../../FactoryGame/Mods/MovePlayerInventory/' is not mounted to a valid Root Path yet, assets in this pak file may not be accessible until a corresponding UFS Mount Point is added through FPackageName::RegisterMountPoint.
LogIoDispatcher: Display: Reading toc: ../../../FactoryGame/Mods/OrganizedCrates/Content/Paks/Windows/OrganizedCratesFactoryGame-Windows.utoc
LogIoDispatcher: Display: Toc loaded : ../../../FactoryGame/Mods/OrganizedCrates/Content/Paks/Windows/OrganizedCratesFactoryGame-Windows.utoc, Id=6fc8403796a78274, Order=0, EntryCount=9, SignatureHash=0000000000000000000000000000000000000000
LogIoDispatcher: Display: Mounting container '../../../FactoryGame/Mods/OrganizedCrates/Content/Paks/Windows/OrganizedCratesFactoryGame-Windows.utoc' in location slot 1
LogPakFile: Display: Mounted IoStore container "../../../FactoryGame/Mods/OrganizedCrates/Content/Paks/Windows/OrganizedCratesFactoryGame-Windows.utoc"
LogFilePackageStore: Mounting container: Id=6fc8403796a78274, Order=0, NumPackages=7
LogPakFile: Display: Mounted Pak file '../../../FactoryGame/Mods/OrganizedCrates/Content/Paks/Windows/OrganizedCratesFactoryGame-Windows.pak', mount point: '../../../FactoryGame/Mods/OrganizedCrates/'
LogPakFile: Display: Mount point '../../../FactoryGame/Mods/OrganizedCrates/' is not mounted to a valid Root Path yet, assets in this pak file may not be accessible until a corresponding UFS Mount Point is added through FPackageName::RegisterMountPoint.
LogIoDispatcher: Display: Reading toc: ../../../FactoryGame/Mods/SmallAwesomeSink/Content/Paks/Windows/SmallAwesomeSinkFactoryGame-Windows.utoc
LogIoDispatcher: Display: Toc loaded : ../../../FactoryGame/Mods/SmallAwesomeSink/Content/Paks/Windows/SmallAwesomeSinkFactoryGame-Windows.utoc, Id=8692968a9c2afa60, Order=0, EntryCount=38, SignatureHash=0000000000000000000000000000000000000000
LogIoDispatcher: Display: Mounting container '../../../FactoryGame/Mods/SmallAwesomeSink/Content/Paks/Windows/SmallAwesomeSinkFactoryGame-Windows.utoc' in location slot 1
LogPakFile: Display: Mounted IoStore container "../../../FactoryGame/Mods/SmallAwesomeSink/Content/Paks/Windows/SmallAwesomeSinkFactoryGame-Windows.utoc"
LogFilePackageStore: Mounting container: Id=8692968a9c2afa60, Order=0, NumPackages=22
LogPakFile: Display: Mounted Pak file '../../../FactoryGame/Mods/SmallAwesomeSink/Content/Paks/Windows/SmallAwesomeSinkFactoryGame-Windows.pak', mount point: '../../../FactoryGame/Mods/SmallAwesomeSink/'
LogPakFile: Display: Mount point '../../../FactoryGame/Mods/SmallAwesomeSink/' is not mounted to a valid Root Path yet, assets in this pak file may not be accessible until a corresponding UFS Mount Point is added through FPackageName::RegisterMountPoint.
LogIoDispatcher: Display: Reading toc: ../../../FactoryGame/Mods/TenTimesAwesomePoints/Content/Paks/Windows/TenTimesAwesomePointsFactoryGame-Windows.utoc
LogIoDispatcher: Display: Toc loaded : ../../../FactoryGame/Mods/TenTimesAwesomePoints/Content/Paks/Windows/TenTimesAwesomePointsFactoryGame-Windows.utoc, Id=ddcf3336608a8ff1, Order=0, EntryCount=4, SignatureHash=0000000000000000000000000000000000000000
LogIoDispatcher: Display: Mounting container '../../../FactoryGame/Mods/TenTimesAwesomePoints/Content/Paks/Windows/TenTimesAwesomePointsFactoryGame-Windows.utoc' in location slot 1
LogPakFile: Display: Mounted IoStore container "../../../FactoryGame/Mods/TenTimesAwesomePoints/Content/Paks/Windows/TenTimesAwesomePointsFactoryGame-Windows.utoc"
LogFilePackageStore: Mounting container: Id=ddcf3336608a8ff1, Order=0, NumPackages=3
LogPakFile: Display: Mounted Pak file '../../../FactoryGame/Mods/TenTimesAwesomePoints/Content/Paks/Windows/TenTimesAwesomePointsFactoryGame-Windows.pak', mount point: '../../../FactoryGame/Mods/TenTimesAwesomePoints/'
LogPakFile: Display: Mount point '../../../FactoryGame/Mods/TenTimesAwesomePoints/' is not mounted to a valid Root Path yet, assets in this pak file may not be accessible until a corresponding UFS Mount Point is added through FPackageName::RegisterMountPoint.
LogIoDispatcher: Display: Reading toc: ../../../FactoryGame/Mods/UndergroundBelts/Content/Paks/Windows/UndergroundBeltsFactoryGame-Windows.utoc
LogIoDispatcher: Display: Toc loaded : ../../../FactoryGame/Mods/UndergroundBelts/Content/Paks/Windows/UndergroundBeltsFactoryGame-Windows.utoc, Id=e60d20d29db75c42, Order=0, EntryCount=75, SignatureHash=0000000000000000000000000000000000000000
LogIoDispatcher: Display: Mounting container '../../../FactoryGame/Mods/UndergroundBelts/Content/Paks/Windows/UndergroundBeltsFactoryGame-Windows.utoc' in location slot 1
LogPakFile: Display: Mounted IoStore container "../../../FactoryGame/Mods/UndergroundBelts/Content/Paks/Windows/UndergroundBeltsFactoryGame-Windows.utoc"
LogFilePackageStore: Mounting container: Id=e60d20d29db75c42, Order=0, NumPackages=49
LogPakFile: Display: Mounted Pak file '../../../FactoryGame/Mods/UndergroundBelts/Content/Paks/Windows/UndergroundBeltsFactoryGame-Windows.pak', mount point: '../../../FactoryGame/Mods/UndergroundBelts/'
LogPakFile: Display: Mount point '../../../FactoryGame/Mods/UndergroundBelts/' is not mounted to a valid Root Path yet, assets in this pak file may not be accessible until a corresponding UFS Mount Point is added through FPackageName::RegisterMountPoint.
LogIoDispatcher: Display: Reading toc: ../../../FactoryGame/Mods/UtilityMod/Content/Paks/Windows/UtilityModFactoryGame-Windows.utoc
LogIoDispatcher: Display: Toc loaded : ../../../FactoryGame/Mods/UtilityMod/Content/Paks/Windows/UtilityModFactoryGame-Windows.utoc, Id=356300e204f45ecf, Order=0, EntryCount=14, SignatureHash=0000000000000000000000000000000000000000
LogIoDispatcher: Display: Mounting container '../../../FactoryGame/Mods/UtilityMod/Content/Paks/Windows/UtilityModFactoryGame-Windows.utoc' in location slot 1
LogPakFile: Display: Mounted IoStore container "../../../FactoryGame/Mods/UtilityMod/Content/Paks/Windows/UtilityModFactoryGame-Windows.utoc"
LogFilePackageStore: Mounting container: Id=356300e204f45ecf, Order=0, NumPackages=13
LogPakFile: Display: Mounted Pak file '../../../FactoryGame/Mods/UtilityMod/Content/Paks/Windows/UtilityModFactoryGame-Windows.pak', mount point: '../../../FactoryGame/Mods/UtilityMod/'
LogPakFile: Display: Mount point '../../../FactoryGame/Mods/UtilityMod/' is not mounted to a valid Root Path yet, assets in this pak file may not be accessible until a corresponding UFS Mount Point is added through FPackageName::RegisterMountPoint.
LogIoDispatcher: Display: Reading toc: ../../../FactoryGame/Mods/SML/Content/Paks/Windows/SMLFactoryGame-Windows.utoc
LogIoDispatcher: Display: Toc loaded : ../../../FactoryGame/Mods/SML/Content/Paks/Windows/SMLFactoryGame-Windows.utoc, Id=fa86da71c71dfbad, Order=0, EntryCount=91, SignatureHash=0000000000000000000000000000000000000000
LogIoDispatcher: Display: Mounting container '../../../FactoryGame/Mods/SML/Content/Paks/Windows/SMLFactoryGame-Windows.utoc' in location slot 1
LogPakFile: Display: Mounted IoStore container "../../../FactoryGame/Mods/SML/Content/Paks/Windows/SMLFactoryGame-Windows.utoc"
LogFilePackageStore: Mounting container: Id=fa86da71c71dfbad, Order=0, NumPackages=77
LogPakFile: Display: Mounted Pak file '../../../FactoryGame/Mods/SML/Content/Paks/Windows/SMLFactoryGame-Windows.pak', mount point: '../../../FactoryGame/Mods/SML/'
LogPakFile: Display: Mount point '../../../FactoryGame/Mods/SML/' is not mounted to a valid Root Path yet, assets in this pak file may not be accessible until a corresponding UFS Mount Point is added through FPackageName::RegisterMountPoint.
LogIoDispatcher: Display: Reading toc: ../../../FactoryGame/Mods/GameFeatures/CrashSiteBeacons/Content/Paks/Windows/CrashSiteBeaconsFactoryGame-Windows.utoc
LogIoDispatcher: Display: Toc loaded : ../../../FactoryGame/Mods/GameFeatures/CrashSiteBeacons/Content/Paks/Windows/CrashSiteBeaconsFactoryGame-Windows.utoc, Id=f5868d5a5b98f29f, Order=0, EntryCount=9, SignatureHash=0000000000000000000000000000000000000000
LogIoDispatcher: Display: Mounting container '../../../FactoryGame/Mods/GameFeatures/CrashSiteBeacons/Content/Paks/Windows/CrashSiteBeaconsFactoryGame-Windows.utoc' in location slot 1
LogPakFile: Display: Mounted IoStore container "../../../FactoryGame/Mods/GameFeatures/CrashSiteBeacons/Content/Paks/Windows/CrashSiteBeaconsFactoryGame-Windows.utoc"
LogFilePackageStore: Mounting container: Id=f5868d5a5b98f29f, Order=0, NumPackages=8
LogPakFile: Display: Mounted Pak file '../../../FactoryGame/Mods/GameFeatures/CrashSiteBeacons/Content/Paks/Windows/CrashSiteBeaconsFactoryGame-Windows.pak', mount point: '../../../FactoryGame/Mods/GameFeatures/CrashSiteBeacons/'
LogPakFile: Display: Mount point '../../../FactoryGame/Mods/GameFeatures/CrashSiteBeacons/' is not mounted to a valid Root Path yet, assets in this pak file may not be accessible until a corresponding UFS Mount Point is added through FPackageName::RegisterMountPoint.
LogIoDispatcher: Display: Reading toc: ../../../FactoryGame/Mods/GameFeatures/BlueprintHighlighted/Content/Paks/Windows/BlueprintHighlightedFactoryGame-Windows.utoc
LogIoDispatcher: Display: Toc loaded : ../../../FactoryGame/Mods/GameFeatures/BlueprintHighlighted/Content/Paks/Windows/BlueprintHighlightedFactoryGame-Windows.utoc, Id=3789050eedd9b94f, Order=0, EntryCount=10, SignatureHash=0000000000000000000000000000000000000000
LogIoDispatcher: Display: Mounting container '../../../FactoryGame/Mods/GameFeatures/BlueprintHighlighted/Content/Paks/Windows/BlueprintHighlightedFactoryGame-Windows.utoc' in location slot 1
LogPakFile: Display: Mounted IoStore container "../../../FactoryGame/Mods/GameFeatures/BlueprintHighlighted/Content/Paks/Windows/BlueprintHighlightedFactoryGame-Windows.utoc"
LogFilePackageStore: Mounting container: Id=3789050eedd9b94f, Order=0, NumPackages=9
LogPakFile: Display: Mounted Pak file '../../../FactoryGame/Mods/GameFeatures/BlueprintHighlighted/Content/Paks/Windows/BlueprintHighlightedFactoryGame-Windows.pak', mount point: '../../../FactoryGame/Mods/GameFeatures/BlueprintHighlighted/'
LogPakFile: Display: Mount point '../../../FactoryGame/Mods/GameFeatures/BlueprintHighlighted/' is not mounted to a valid Root Path yet, assets in this pak file may not be accessible until a corresponding UFS Mount Point is added through FPackageName::RegisterMountPoint.
LogIoDispatcher: Display: Reading toc: ../../../FactoryGame/Mods/GameFeatures/InfiniteNudge/Content/Paks/Windows/InfiniteNudgeFactoryGame-Windows.utoc
LogIoDispatcher: Display: Toc loaded : ../../../FactoryGame/Mods/GameFeatures/InfiniteNudge/Content/Paks/Windows/InfiniteNudgeFactoryGame-Windows.utoc, Id=d0b2c2556f9f0d86, Order=0, EntryCount=62, SignatureHash=0000000000000000000000000000000000000000
LogIoDispatcher: Display: Mounting container '../../../FactoryGame/Mods/GameFeatures/InfiniteNudge/Content/Paks/Windows/InfiniteNudgeFactoryGame-Windows.utoc' in location slot 1
LogPakFile: Display: Mounted IoStore container "../../../FactoryGame/Mods/GameFeatures/InfiniteNudge/Content/Paks/Windows/InfiniteNudgeFactoryGame-Windows.utoc"
LogFilePackageStore: Mounting container: Id=d0b2c2556f9f0d86, Order=0, NumPackages=39
LogPakFile: Display: Mounted Pak file '../../../FactoryGame/Mods/GameFeatures/InfiniteNudge/Content/Paks/Windows/InfiniteNudgeFactoryGame-Windows.pak', mount point: '../../../FactoryGame/Mods/GameFeatures/InfiniteNudge/'
LogPakFile: Display: Mount point '../../../FactoryGame/Mods/GameFeatures/InfiniteNudge/' is not mounted to a valid Root Path yet, assets in this pak file may not be accessible until a corresponding UFS Mount Point is added through FPackageName::RegisterMountPoint.
LogIoDispatcher: Display: Reading toc: ../../../FactoryGame/Mods/GameFeatures/HighlightScannedObject/Content/Paks/Windows/HighlightScannedObjectFactoryGame-Windows.utoc
LogIoDispatcher: Display: Toc loaded : ../../../FactoryGame/Mods/GameFeatures/HighlightScannedObject/Content/Paks/Windows/HighlightScannedObjectFactoryGame-Windows.utoc, Id=ff0b8fa2ad42458c, Order=0, EntryCount=9, SignatureHash=0000000000000000000000000000000000000000
LogIoDispatcher: Display: Mounting container '../../../FactoryGame/Mods/GameFeatures/HighlightScannedObject/Content/Paks/Windows/HighlightScannedObjectFactoryGame-Windows.utoc' in location slot 1
LogPakFile: Display: Mounted IoStore container "../../../FactoryGame/Mods/GameFeatures/HighlightScannedObject/Content/Paks/Windows/HighlightScannedObjectFactoryGame-Windows.utoc"
LogFilePackageStore: Mounting container: Id=ff0b8fa2ad42458c, Order=0, NumPackages=8
LogPakFile: Display: Mounted Pak file '../../../FactoryGame/Mods/GameFeatures/HighlightScannedObject/Content/Paks/Windows/HighlightScannedObjectFactoryGame-Windows.pak', mount point: '../../../FactoryGame/Mods/GameFeatures/HighlightScannedObject/'
LogPakFile: Display: Mount point '../../../FactoryGame/Mods/GameFeatures/HighlightScannedObject/' is not mounted to a valid Root Path yet, assets in this pak file may not be accessible until a corresponding UFS Mount Point is added through FPackageName::RegisterMountPoint.
LogIoDispatcher: Display: Reading toc: ../../../FactoryGame/Mods/GameFeatures/FlashlightSettings/Content/Paks/Windows/FlashlightSettingsFactoryGame-Windows.utoc
LogIoDispatcher: Display: Toc loaded : ../../../FactoryGame/Mods/GameFeatures/FlashlightSettings/Content/Paks/Windows/FlashlightSettingsFactoryGame-Windows.utoc, Id=98958c5fbea7e799, Order=0, EntryCount=31, SignatureHash=0000000000000000000000000000000000000000
LogIoDispatcher: Display: Mounting container '../../../FactoryGame/Mods/GameFeatures/FlashlightSettings/Content/Paks/Windows/FlashlightSettingsFactoryGame-Windows.utoc' in location slot 1
LogPakFile: Display: Mounted IoStore container "../../../FactoryGame/Mods/GameFeatures/FlashlightSettings/Content/Paks/Windows/FlashlightSettingsFactoryGame-Windows.utoc"
LogFilePackageStore: Mounting container: Id=98958c5fbea7e799, Order=0, NumPackages=29
LogPakFile: Display: Mounted Pak file '../../../FactoryGame/Mods/GameFeatures/FlashlightSettings/Content/Paks/Windows/FlashlightSettingsFactoryGame-Windows.pak', mount point: '../../../FactoryGame/Mods/GameFeatures/FlashlightSettings/'
LogPakFile: Display: Mount point '../../../FactoryGame/Mods/GameFeatures/FlashlightSettings/' is not mounted to a valid Root Path yet, assets in this pak file may not be accessible until a corresponding UFS Mount Point is added through FPackageName::RegisterMountPoint.
LogIoDispatcher: Display: Reading toc: ../../../FactoryGame/Mods/GameFeatures/InfiniteZoop/Content/Paks/Windows/InfiniteZoopFactoryGame-Windows.utoc
LogIoDispatcher: Display: Toc loaded : ../../../FactoryGame/Mods/GameFeatures/InfiniteZoop/Content/Paks/Windows/InfiniteZoopFactoryGame-Windows.utoc, Id=e19adf24d9ecb605, Order=0, EntryCount=4169, SignatureHash=0000000000000000000000000000000000000000
LogIoDispatcher: Display: Mounting container '../../../FactoryGame/Mods/GameFeatures/InfiniteZoop/Content/Paks/Windows/InfiniteZoopFactoryGame-Windows.utoc' in location slot 1
LogPakFile: Display: Mounted IoStore container "../../../FactoryGame/Mods/GameFeatures/InfiniteZoop/Content/Paks/Windows/InfiniteZoopFactoryGame-Windows.utoc"
LogFilePackageStore: Mounting container: Id=e19adf24d9ecb605, Order=0, NumPackages=4151
LogPakFile: Display: Mounted Pak file '../../../FactoryGame/Mods/GameFeatures/InfiniteZoop/Content/Paks/Windows/InfiniteZoopFactoryGame-Windows.pak', mount point: '../../../FactoryGame/Mods/GameFeatures/InfiniteZoop/'
LogPakFile: Display: Mount point '../../../FactoryGame/Mods/GameFeatures/InfiniteZoop/' is not mounted to a valid Root Path yet, assets in this pak file may not be accessible until a corresponding UFS Mount Point is added through FPackageName::RegisterMountPoint.
LogIoDispatcher: Display: Reading toc: ../../../FactoryGame/Mods/GameFeatures/minerplus/Content/Paks/Windows/minerplusFactoryGame-Windows.utoc
LogIoDispatcher: Display: Toc loaded : ../../../FactoryGame/Mods/GameFeatures/minerplus/Content/Paks/Windows/minerplusFactoryGame-Windows.utoc, Id=e4503e83a65e26b1, Order=0, EntryCount=453, SignatureHash=0000000000000000000000000000000000000000
LogIoDispatcher: Display: Mounting container '../../../FactoryGame/Mods/GameFeatures/minerplus/Content/Paks/Windows/minerplusFactoryGame-Windows.utoc' in location slot 1
LogPakFile: Display: Mounted IoStore container "../../../FactoryGame/Mods/GameFeatures/minerplus/Content/Paks/Windows/minerplusFactoryGame-Windows.utoc"
LogFilePackageStore: Mounting container: Id=e4503e83a65e26b1, Order=0, NumPackages=394
LogPakFile: Display: Mounted Pak file '../../../FactoryGame/Mods/GameFeatures/minerplus/Content/Paks/Windows/minerplusFactoryGame-Windows.pak', mount point: '../../../FactoryGame/Mods/GameFeatures/minerplus/'
LogPakFile: Display: Mount point '../../../FactoryGame/Mods/GameFeatures/minerplus/' is not mounted to a valid Root Path yet, assets in this pak file may not be accessible until a corresponding UFS Mount Point is added through FPackageName::RegisterMountPoint.
LogIoDispatcher: Display: Reading toc: ../../../FactoryGame/Mods/GameFeatures/SkyUI/Content/Paks/Windows/SkyUIFactoryGame-Windows.utoc
LogIoDispatcher: Display: Toc loaded : ../../../FactoryGame/Mods/GameFeatures/SkyUI/Content/Paks/Windows/SkyUIFactoryGame-Windows.utoc, Id=fd8ea6842ba0410a, Order=0, EntryCount=108, SignatureHash=0000000000000000000000000000000000000000
LogIoDispatcher: Display: Mounting container '../../../FactoryGame/Mods/GameFeatures/SkyUI/Content/Paks/Windows/SkyUIFactoryGame-Windows.utoc' in location slot 1
LogPakFile: Display: Mounted IoStore container "../../../FactoryGame/Mods/GameFeatures/SkyUI/Content/Paks/Windows/SkyUIFactoryGame-Windows.utoc"
LogFilePackageStore: Mounting container: Id=fd8ea6842ba0410a, Order=0, NumPackages=85
LogPakFile: Display: Mounted Pak file '../../../FactoryGame/Mods/GameFeatures/SkyUI/Content/Paks/Windows/SkyUIFactoryGame-Windows.pak', mount point: '../../../FactoryGame/Mods/GameFeatures/SkyUI/'
LogPakFile: Display: Mount point '../../../FactoryGame/Mods/GameFeatures/SkyUI/' is not mounted to a valid Root Path yet, assets in this pak file may not be accessible until a corresponding UFS Mount Point is added through FPackageName::RegisterMountPoint.
LogIoDispatcher: Display: Reading toc: ../../../FactoryGame/Mods/GameFeatures/NoSplash/Content/Paks/Windows/NoSplashFactoryGame-Windows.utoc
LogIoDispatcher: Display: Toc loaded : ../../../FactoryGame/Mods/GameFeatures/NoSplash/Content/Paks/Windows/NoSplashFactoryGame-Windows.utoc, Id=e98882fa6fdc6ae6, Order=0, EntryCount=5, SignatureHash=0000000000000000000000000000000000000000
LogIoDispatcher: Display: Mounting container '../../../FactoryGame/Mods/GameFeatures/NoSplash/Content/Paks/Windows/NoSplashFactoryGame-Windows.utoc' in location slot 1
LogPakFile: Display: Mounted IoStore container "../../../FactoryGame/Mods/GameFeatures/NoSplash/Content/Paks/Windows/NoSplashFactoryGame-Windows.utoc"
LogFilePackageStore: Mounting container: Id=e98882fa6fdc6ae6, Order=0, NumPackages=4
LogPakFile: Display: Mounted Pak file '../../../FactoryGame/Mods/GameFeatures/NoSplash/Content/Paks/Windows/NoSplashFactoryGame-Windows.pak', mount point: '../../../FactoryGame/Mods/GameFeatures/NoSplash/'
LogPakFile: Display: Mount point '../../../FactoryGame/Mods/GameFeatures/NoSplash/' is not mounted to a valid Root Path yet, assets in this pak file may not be accessible until a corresponding UFS Mount Point is added through FPackageName::RegisterMountPoint.
LogConfig: Applying CVar settings from Section [/Script/FFXFSR3Settings.FFXFSR3Settings] File [Engine]
LogConfig: Set CVar [[r.FidelityFX.FSR3.HistoryFormat:0]]
LogConfig: Set CVar [[r.FidelityFX.FSR3.DeDither:0]]
LogConfig: Set CVar [[r.FidelityFX.FSR3.UseSSRExperimentalDenoiser:0]]
LogConfig: Set CVar [[r.FidelityFX.FSR3.CreateReactiveMask:0]]
LogHAL: Log category LogOnlineSession verbosity has been raised to Verbose.
LogNFORDenoise: NFORDenoise function starting up
LogEOSShared: Loaded "C:/Program Files (x86)/Steam/steamapps/common/Satisfactory/Engine/Binaries/Win64/EOSSDK-Win64-Shipping.dll"
LogEOSShared: FEOSSDKManager::Initialize Initializing EOSSDK Version:1.18.1.2-47370208
LogInit: Using libcurl 8.12.1
LogInit:  - built for Windows
LogInit:  - supports SSL with OpenSSL/1.1.1t
LogInit:  - supports HTTP deflate (compression) using libz 1.3
LogInit:  - other features:
LogInit:      CURL_VERSION_SSL
LogInit:      CURL_VERSION_LIBZ
LogInit:      CURL_VERSION_IPV6
LogInit:      CURL_VERSION_ASYNCHDNS
LogInit:      CURL_VERSION_LARGEFILE
LogInit:      CURL_VERSION_TLSAUTH_SRP
LogInit:      CURL_VERSION_HTTP2
LogInit:  CurlRequestOptions (configurable via config and command line):
LogInit:  - bVerifyPeer = true  - Libcurl will verify peer certificate
LogInit:  - bUseHttpProxy = false  - Libcurl will NOT use HTTP proxy
LogInit:  - bDontReuseConnections = false  - Libcurl will reuse connections
LogInit:  - MaxHostConnections = 16  - Libcurl will limit the number of connections to a host
LogInit:  - LocalHostAddr = Default
LogInit:  - BufferSize = 65536
LogInit: CreateHttpThread using FCurlMultiPollEventLoopHttpThread
LogInit: Creating http thread with maximum 256 concurrent requests
LogInit: WinSock: version 1.1 (2.2), MaxSocks=32767, MaxUdp=65467
LogOnline: OSS: Created online subsystem instance for: NULL
LogOnline: OSS: TryLoadSubsystemAndSetDefault: Loaded subsystem for type [NULL]
LogDLSSBlueprint: Loaded DLSS-SR plugin version 8.1.0-NGX310.2.1.0
LogDLSSNGXVulkanRHIPreInit: FNGXVulkanRHIPreInitModule::StartupModule Enter
LogRHI: Using Default RHI: D3D12
LogRHI: Using Highest Feature Level of D3D12: SM6
LogRHI: Loading RHI module D3D12RHI
LogRHI: Checking if RHI D3D12 with Feature Level SM6 is supported by your system.
LogD3D12RHI: Found D3D12 adapter 0: AMD Radeon(TM) Graphics (VendorId: 1002, DeviceId: 1681, SubSysId: 3da517aa, Revision: 000a
LogD3D12RHI:   Max supported Feature Level 12_2, shader model 6.7, binding tier 3, wave ops supported, atomic64 supported
LogD3D12RHI:   Adapter has 2019MB of dedicated video memory, 0MB of dedicated system memory, and 7010MB of shared system memory, 1 output[s], UMA:true
LogD3D12RHI:   Driver Version: AMD Software: Adrenalin Edition 26.5.2 (internal:32.0.21043.10005, unified:32.0.21043.10005)
LogD3D12RHI:      Driver Date: 5-12-2026
LogD3D12RHI: Found D3D12 adapter 1: Microsoft Basic Render Driver (VendorId: 1414, DeviceId: 008c, SubSysId: 0000, Revision: 0000
LogD3D12RHI:   Max supported Feature Level 12_1, shader model 6.7, binding tier 3, wave ops supported, atomic64 supported
LogD3D12RHI:   Adapter has 0MB of dedicated video memory, 0MB of dedicated system memory, and 7010MB of shared system memory, 0 output[s], UMA:true
LogD3D12RHI: DirectX Agility SDK runtime found.
LogD3D12RHI: Chosen D3D12 Adapter Id = 0
LogRHI: RHI D3D12 with Feature Level SM6 is supported and will be used.
LogDLSSNGXVulkanRHIPreInit: GetSelectedDynamicRHIModuleName = D3D12RHI
LogDLSSNGXVulkanRHIPreInit: VulkanRHI is not the active DynamicRHI; skipping of pregistering the required NGX DLSS Vulkan device and instance extensions via the VulkanRHIBridge
LogDLSSNGXVulkanRHIPreInit: FNGXVulkanRHIPreInitModule::StartupModule Leave
LogFSR3: FSR3 Temporal Upscaling Module Started
LogFFXFI: FFX Frame Interpolation Module Started
LogSteamShared: Display: Loading Steam SDK 1.57
LogSteamShared: Steam SDK Loaded!
LogStreamlineShaders: Loaded Streamline plugin version 8.1.0-SL2.7.30
LogRHI: Using Default RHI: D3D12
LogRHI: Using Highest Feature Level of D3D12: SM6
LogRHI: Loading RHI module D3D12RHI
LogRHI: Checking if RHI D3D12 with Feature Level SM6 is supported by your system.
LogRHI: RHI D3D12 with Feature Level SM6 is supported and will be used.
LogStringTable: Warning: Failed to find string table entry for 'Menus_UI' 'Players/Messages/YouGotKicked'. Did you forget to add a string table redirector?
LogStringTable: Warning: Failed to find string table entry for 'Menus_UI' 'Sessions/JoinSession/Header'. Did you forget to add a string table redirector?
LogStringTable: Warning: Failed to find string table entry for 'Menus_UI' 'Sessions/JoinSession/Body'. Did you forget to add a string table redirector?
LogStringTable: Warning: Failed to find string table entry for 'Messages_UI' 'Warnings/JoinSession/FailedToDestroyOldSession'. Did you forget to add a string table redirector?
LogStringTable: Warning: Failed to find string table entry for 'Messages_UI' 'Warnings/JoinSession/FailedToLookupFriendsId'. Did you forget to add a string table redirector?
LogStringTable: Warning: Failed to find string table entry for 'Messages_UI' 'Warnings/JoinSession/FailedToLookupHostId'. Did you forget to add a string table redirector?
LogStringTable: Warning: Failed to find string table entry for 'Messages_UI' 'Warnings/JoinSession/FailedToJoinSession'. Did you forget to add a string table redirector?
LogStringTable: Warning: Failed to find string table entry for 'Menus_UI' 'Sessions/SessionExpired/Header'. Did you forget to add a string table redirector?
LogStringTable: Warning: Failed to find string table entry for 'Menus_UI' 'Session/SessionExpired/Body'. Did you forget to add a string table redirector?
LogStringTable: Warning: Failed to find string table entry for 'Menus_UI' 'Session/ClientSessionTimeout/Header'. Did you forget to add a string table redirector?
LogStringTable: Warning: Failed to find string table entry for 'Menus_UI' 'Session/ClientSessionTimeout/Body'. Did you forget to add a string table redirector?
LogStringTable: Warning: Failed to find string table entry for 'Menus_UI' 'Sessions/Errors/OfflineFallback/aTitle'. Did you forget to add a string table redirector?
LogStringTable: Warning: Failed to find string table entry for 'Menus_UI' 'Sessions/Errors/OfflineFallback/Body'. Did you forget to add a string table redirector?
LogInit: ExecutableName: FactoryGameSteam-Win64-Shipping.exe
LogInit: Build: ++FactoryGame+rel-main-1.2.0-CL-493833
LogInit: Platform=Windows
LogInit: MachineId=3291ca854b01b3d45f838cbc4bd7329d
LogInit: DeviceId=
LogInit: Engine Version: 5.6.1-493833+++FactoryGame+rel-main-1.2.0
LogInit: Compatible Engine Version: 5.6.1-493833+++FactoryGame+rel-main-1.2.0
LogInit: Net CL: 493833
LogInit: OS: Windows 11 (25H2) [10.0.26200.8117] (), CPU: AMD Ryzen 7 7735HS with Radeon Graphics        , GPU: AMD Radeon(TM) Graphics
LogInit: Compiled (64-bit): Jun 10 2026 00:55:59
LogInit: Architecture: x64
LogInit: Compiled with Visual C++: 19.38.33141.00
LogInit: Build Configuration: Shipping
LogInit: Branch Name: ++FactoryGame+rel-main-1.2.0
LogInit: Command Line: -NO_EOS_OVERLAY
LogInit: Base Directory: C:/Program Files (x86)/Steam/steamapps/common/Satisfactory/Engine/Binaries/Win64/
LogInit: Allocator: Binned2
LogInit: Installed Engine Build: 1
LogInit: This binary is optimized with LTO: no, PGO: no, instrumented for PGO data collection: no
LogInit: Launcher File: C:/Program Files (x86)/Steam/steamapps/common/Satisfactory/launcher_id
LogInit: Launcher ID: steam
LogInit: Launcher Artifact: 
LogInit: Presizing for max 2097152 objects, including 1 objects not considered by GC.
LogInit: Object subsystem initialized
[2026.06.12-12.51.12:340][  0]LogRHI: Using Default RHI: D3D12
[2026.06.12-12.51.12:340][  0]LogRHI: Using Highest Feature Level of D3D12: SM6
[2026.06.12-12.51.12:340][  0]LogRHI: Loading RHI module D3D12RHI
[2026.06.12-12.51.12:340][  0]LogRHI: Checking if RHI D3D12 with Feature Level SM6 is supported by your system.
[2026.06.12-12.51.12:340][  0]LogRHI: RHI D3D12 with Feature Level SM6 is supported and will be used.
[2026.06.12-12.51.12:340][  0]LogInit: Selected Device Profile: [Windows]
[2026.06.12-12.51.12:340][  0]LogHAL: Display: Platform has ~ 14 GB [14701584384 / 17179869184 / 14], which maps to Larger [LargestMinGB=32, LargerMinGB=12, DefaultMinGB=8, SmallerMinGB=6, SmallestMinGB=0)
[2026.06.12-12.51.12:340][  0]LogDeviceProfileManager: Going up to parent DeviceProfile []
[2026.06.12-12.51.12:340][  0]LogDeviceProfileManager: Pushing Device Profile CVar: [[UI.SlateSDFText.RasterizationMode:Bitmap -> Msdf]]
[2026.06.12-12.51.12:340][  0]LogDeviceProfileManager: Pushing Device Profile CVar: [[UI.SlateSDFText.ResolutionLevel:2 -> 2]]
[2026.06.12-12.51.12:341][  0]LogInit: Computer: SLIM
[2026.06.12-12.51.12:341][  0]LogInit: User: cheva
[2026.06.12-12.51.12:341][  0]LogInit: CPU Page size=4096, Cores=8
[2026.06.12-12.51.12:341][  0]LogInit: High frequency timer resolution =10.000000 MHz
[2026.06.12-12.51.12:341][  0]LogMemory: Process is running as part of a Windows Job with separate resource limits
[2026.06.12-12.51.12:341][  0]LogMemory: Memory total: Physical=13.7GB (14GB approx) Virtual=25.2GB
[2026.06.12-12.51.12:341][  0]LogMemory: Platform Memory Stats for Windows
[2026.06.12-12.51.12:341][  0]LogMemory: Process Physical Memory: 241.89 MB used, 332.22 MB peak
[2026.06.12-12.51.12:341][  0]LogMemory: Process Virtual Memory: 182.19 MB used, 208.61 MB peak
[2026.06.12-12.51.12:341][  0]LogMemory: Physical Memory: 7463.40 MB used,  6557.12 MB free, 14020.52 MB total
[2026.06.12-12.51.12:341][  0]LogMemory: Virtual Memory: 10300.48 MB used,  15496.04 MB free, 25796.52 MB total
[2026.06.12-12.51.12:346][  0]LogWindows: WindowsPlatformFeatures enabled
[2026.06.12-12.51.12:352][  0]LogInit: Physics initialised using underlying interface: Chaos
[2026.06.12-12.51.12:353][  0]LogInit: Overriding language with engine language configuration option (ru).
[2026.06.12-12.51.12:353][  0]LogInit: Overriding language with engine locale configuration option (ru).
[2026.06.12-12.51.12:401][  0]LogTextLocalizationResource: LocRes '../../../FactoryGame/Plugins/XeSS/Content/Localization/XeSS/ru/XeSS.locres' could not be opened for reading!
[2026.06.12-12.51.12:401][  0]LogTextLocalizationResource: LocRes '../../../FactoryGame/Mods/GameFeatures/InfiniteNudge/Content/Localization/InfiniteNudge/ru/InfiniteNudge.locres' could not be opened for reading!
[2026.06.12-12.51.12:424][  0]LogWindowsTextInputMethodSystem: Available input methods:
[2026.06.12-12.51.12:424][  0]LogWindowsTextInputMethodSystem:   - English (United States) - (Keyboard).
[2026.06.12-12.51.12:424][  0]LogWindowsTextInputMethodSystem:   - Russian (Russia) - (Keyboard).
[2026.06.12-12.51.12:424][  0]LogWindowsTextInputMethodSystem: Activated input method: English (United States) - (Keyboard).
[2026.06.12-12.51.12:431][  0]LogWindowsTouchpad: Display: CacheForceMaxTouchpadSensitivityMode SetMaxTouchpadSensitivity
[2026.06.12-12.51.12:434][  0]LogObj: Display: Attempting to load config data for Default__SlateThemeManager before the Class has been constructed/registered/linked (likely during module loading or early startup). This will result in the load silently failing and should be fixed.
[2026.06.12-12.51.12:437][  0]LogSlate: New Slate User Created. Platform User Id 0, User Index 0, Is Virtual User: 0
[2026.06.12-12.51.12:437][  0]LogSlate: Slate User Registered.  User Index 0, Is Virtual User: 0
[2026.06.12-12.51.12:458][  0]LogRHI: Using Default RHI: D3D12
[2026.06.12-12.51.12:458][  0]LogRHI: Using Highest Feature Level of D3D12: SM6
[2026.06.12-12.51.12:458][  0]LogRHI: Loading RHI module D3D12RHI
[2026.06.12-12.51.12:458][  0]LogRHI: Checking if RHI D3D12 with Feature Level SM6 is supported by your system.
[2026.06.12-12.51.12:458][  0]LogRHI: RHI D3D12 with Feature Level SM6 is supported and will be used.
[2026.06.12-12.51.12:458][  0]LogD3D12RHI: Integrated GPU (iGPU): true
[2026.06.12-12.51.12:458][  0]LogD3D12RHI: Display: Creating D3D12 RHI with Max Feature Level SM6
[2026.06.12-12.51.12:459][  0]LogWindows: Attached monitors:
[2026.06.12-12.51.12:459][  0]LogWindows:     resolution: 1600x1000, work area: (0, 0) -> (1600, 952), device: '\\.\DISPLAY1' [PRIMARY]
[2026.06.12-12.51.12:459][  0]LogWindows: Found 1 attached monitors.
[2026.06.12-12.51.12:459][  0]LogWindows: Gathering driver information using Windows Setup API
[2026.06.12-12.51.12:459][  0]LogRHI: RHI Adapter Info:
[2026.06.12-12.51.12:459][  0]LogRHI:             Name: AMD Radeon(TM) Graphics
[2026.06.12-12.51.12:459][  0]LogRHI:   Driver Version: AMD Software: Adrenalin Edition 26.5.2 (internal:32.0.21043.10005, unified:32.0.21043.10005)
[2026.06.12-12.51.12:459][  0]LogRHI:      Driver Date: 5-12-2026
[2026.06.12-12.51.12:459][  0]LogD3D12RHI:     GPU DeviceId: 0x1681 (for the marketing name, search the web for "GPU Device Id")
[2026.06.12-12.51.12:735][  0]LogD3D12RHI: InitD3DDevice: -D3DDebug = off -D3D12GPUValidation = off
[2026.06.12-12.51.12:919][  0]LogD3D12RHI: ID3D12Device1 is supported.
[2026.06.12-12.51.12:919][  0]LogD3D12RHI: ID3D12Device2 is supported.
[2026.06.12-12.51.12:919][  0]LogD3D12RHI: ID3D12Device3 is supported.
[2026.06.12-12.51.12:919][  0]LogD3D12RHI: ID3D12Device4 is supported.
[2026.06.12-12.51.12:919][  0]LogD3D12RHI: ID3D12Device5 is supported.
[2026.06.12-12.51.12:919][  0]LogD3D12RHI: ID3D12Device6 is supported.
[2026.06.12-12.51.12:919][  0]LogD3D12RHI: ID3D12Device7 is supported.
[2026.06.12-12.51.12:919][  0]LogD3D12RHI: ID3D12Device8 is supported.
[2026.06.12-12.51.12:919][  0]LogD3D12RHI: ID3D12Device9 is supported.
[2026.06.12-12.51.12:919][  0]LogD3D12RHI: ID3D12Device10 is supported.
[2026.06.12-12.51.12:919][  0]LogD3D12RHI: ID3D12Device11 is supported.
[2026.06.12-12.51.12:919][  0]LogD3D12RHI: ID3D12Device12 is supported.
[2026.06.12-12.51.12:919][  0]LogD3D12RHI: Bindless resources are supported
[2026.06.12-12.51.12:919][  0]LogD3D12RHI: Stencil ref from pixel shader is supported
[2026.06.12-12.51.12:919][  0]LogD3D12RHI: Raster order views are supported
[2026.06.12-12.51.12:919][  0]LogD3D12RHI: Wave Operations are supported (wave size: min=32 max=64).
[2026.06.12-12.51.12:919][  0]LogD3D12RHI: Mesh shader tier 1.0 is supported
[2026.06.12-12.51.12:919][  0]LogD3D12RHI: AtomicInt64OnTypedResource is supported
[2026.06.12-12.51.12:919][  0]LogD3D12RHI: AtomicInt64OnGroupShared is supported
[2026.06.12-12.51.12:919][  0]LogD3D12RHI: AtomicInt64OnDescriptorHeapResource is supported
[2026.06.12-12.51.12:919][  0]LogD3D12RHI: Shader Model 6.6 atomic64 is supported
[2026.06.12-12.51.12:948][  0]LogD3D12RHI: [GPUBreadCrumb] Successfully setup breadcrumb resource for DiagnosticBuffer (Queue: 0x000002BB052B50C0)
[2026.06.12-12.51.12:948][  0]LogD3D12RHI: [GPUBreadCrumb] Successfully setup breadcrumb resource for DiagnosticBuffer (Queue: 0x000002BB052B5340)
[2026.06.12-12.51.12:948][  0]LogD3D12RHI: [GPUBreadCrumb] Successfully setup breadcrumb resource for DiagnosticBuffer (Queue: 0x000002BB052B55C0)
[2026.06.12-12.51.12:948][  0]LogD3D12RHI: Display: Not using pipeline state disk cache per r.D3D12.PSO.DiskCache=0
[2026.06.12-12.51.12:948][  0]LogD3D12RHI: Display: Not using driver-optimized pipeline state disk cache per r.D3D12.PSO.DriverOptimizedDiskCache=0
[2026.06.12-12.51.12:948][  0]LogRHI: Texture pool is 5242 MB (70% of 7489 MB)
[2026.06.12-12.51.12:948][  0]LogD3D12RHI: Async texture creation enabled
[2026.06.12-12.51.12:948][  0]LogD3D12RHI: RHI has support for 64 bit atomics
[2026.06.12-12.51.12:966][  0]LogVRS: Current RHI supports per-draw and screenspace Variable Rate Shading
[2026.06.12-12.51.12:969][  0]LogInit: Initializing FReadOnlyCVARCache
[2026.06.12-12.51.12:978][  0]LogRendererCore: Ray tracing is disabled. Reason: disabled through project setting (r.RayTracing=0).
[2026.06.12-12.51.12:980][  0]LogShaderLibrary: Display: Using IoDispatcher for shader code library Global. Total 7508 unique shaders.
[2026.06.12-12.51.12:980][  0]LogShaderLibrary: Display: Cooked Context: Using Shared Shader Library Global
[2026.06.12-12.51.12:980][  0]LogShaderLibrary: Display: Logical shader library 'Global' has been created as a monolithic library
[2026.06.12-12.51.12:980][  0]LogShaderLibrary: Display: Using IoDispatcher for shader code library MAMTips. Total 14 unique shaders.
[2026.06.12-12.51.12:980][  0]LogShaderLibrary: Display: Cooked Context: Using Shared Shader Library MAMTips
[2026.06.12-12.51.12:980][  0]LogShaderLibrary: Display: Logical shader library 'MAMTips' has been created as a monolithic library
[2026.06.12-12.51.12:980][  0]LogShaderLibrary: Display: Using IoDispatcher for shader code library ContainerWithScreen. Total 32 unique shaders.
[2026.06.12-12.51.12:980][  0]LogShaderLibrary: Display: Cooked Context: Using Shared Shader Library ContainerWithScreen
[2026.06.12-12.51.12:980][  0]LogShaderLibrary: Display: Logical shader library 'ContainerWithScreen' has been created as a monolithic library
[2026.06.12-12.51.12:980][  0]LogShaderLibrary: Display: Using IoDispatcher for shader code library ContainerScreen. Total 30 unique shaders.
[2026.06.12-12.51.12:980][  0]LogShaderLibrary: Display: Cooked Context: Using Shared Shader Library ContainerScreen
[2026.06.12-12.51.12:980][  0]LogShaderLibrary: Display: Logical shader library 'ContainerScreen' has been created as a monolithic library
[2026.06.12-12.51.12:980][  0]LogShaderLibrary: Display: Using IoDispatcher for shader code library MovePlayerInventory. Total 14 unique shaders.
[2026.06.12-12.51.12:980][  0]LogShaderLibrary: Display: Using IoDispatcher for shader code library UndergroundBelts. Total 69 unique shaders.
[2026.06.12-12.51.12:980][  0]LogShaderLibrary: Display: Cooked Context: Using Shared Shader Library MovePlayerInventory
[2026.06.12-12.51.12:980][  0]LogShaderLibrary: Display: Logical shader library 'MovePlayerInventory' has been created as a monolithic library
[2026.06.12-12.51.12:980][  0]LogShaderLibrary: Display: Cooked Context: Using Shared Shader Library UndergroundBelts
[2026.06.12-12.51.12:980][  0]LogShaderLibrary: Display: Using IoDispatcher for shader code library SML. Total 12 unique shaders.
[2026.06.12-12.51.12:980][  0]LogShaderLibrary: Display: Logical shader library 'UndergroundBelts' has been created as a monolithic library
[2026.06.12-12.51.12:980][  0]LogShaderLibrary: Display: Cooked Context: Using Shared Shader Library SML
[2026.06.12-12.51.12:980][  0]LogShaderLibrary: Display: Logical shader library 'SML' has been created as a monolithic library
[2026.06.12-12.51.12:980][  0]LogShaderLibrary: Display: Using IoDispatcher for shader code library InfiniteNudge. Total 42 unique shaders.
[2026.06.12-12.51.12:980][  0]LogShaderLibrary: Display: Cooked Context: Using Shared Shader Library InfiniteNudge
[2026.06.12-12.51.12:980][  0]LogShaderLibrary: Display: Using IoDispatcher for shader code library InfiniteZoop. Total 26 unique shaders.
[2026.06.12-12.51.12:980][  0]LogShaderLibrary: Display: Logical shader library 'InfiniteNudge' has been created as a monolithic library
[2026.06.12-12.51.12:980][  0]LogShaderLibrary: Display: Using IoDispatcher for shader code library SkyUI. Total 14 unique shaders.
[2026.06.12-12.51.12:980][  0]LogShaderLibrary: Display: Cooked Context: Using Shared Shader Library SkyUI
[2026.06.12-12.51.12:980][  0]LogShaderLibrary: Display: Logical shader library 'SkyUI' has been created as a monolithic library
[2026.06.12-12.51.12:980][  0]LogShaderLibrary: Display: Cooked Context: Using Shared Shader Library InfiniteZoop
[2026.06.12-12.51.12:980][  0]LogShaderLibrary: Display: Logical shader library 'InfiniteZoop' has been created as a monolithic library
[2026.06.12-12.51.12:981][  0]LogShaderLibrary: Display: Using IoDispatcher for shader code library minerplus. Total 259 unique shaders.
[2026.06.12-12.51.12:981][  0]LogShaderLibrary: Display: Cooked Context: Using Shared Shader Library minerplus
[2026.06.12-12.51.12:981][  0]LogShaderLibrary: Display: Logical shader library 'minerplus' has been created as a monolithic library
[2026.06.12-12.51.12:981][  0]LogShaderLibrary: Display: Using IoDispatcher for shader code library SmallAwesomeSink. Total 12 unique shaders.
[2026.06.12-12.51.12:981][  0]LogShaderLibrary: Display: Cooked Context: Using Shared Shader Library SmallAwesomeSink
[2026.06.12-12.51.12:981][  0]LogShaderLibrary: Display: Logical shader library 'SmallAwesomeSink' has been created as a monolithic library
[2026.06.12-12.51.12:992][  0]LogInit: XR: Instanced Stereo Rendering is Disabled
[2026.06.12-12.51.12:992][  0]LogInit: XR: MultiViewport is Disabled
[2026.06.12-12.51.12:992][  0]LogInit: XR: Mobile Multiview is Disabled
[2026.06.12-12.51.13:012][  0]LogSlate: Using FreeType 2.10.0
[2026.06.12-12.51.13:015][  0]LogSlate: SlateFontServices - WITH_FREETYPE: 1, WITH_HARFBUZZ: 1
[2026.06.12-12.51.13:034][  0]LogEOSSDK: LogEOS: [Boot] EOSSDK Version 1.18.1.2-47370208 booting at 2026-06-12T12:51:13.034Z using C
[2026.06.12-12.51.13:036][  0]LogEOSSDK: LogEOS: [Boot] EOSSDK Platform Configuration win64-dynamic-x86_64
[2026.06.12-12.51.13:036][  0]LogEOSSDK: LogEOS: [Boot] EOSSDK Platform Properties [OS=Windows/10.0.26100.8115.64bit, ClientId=02612880aa774fb28e3741d3e01501fd, ProductId=prod-crab, SandboxId=crab, DeploymentId=5aebeb30a7614270b4f40c0bc2fe7549, ProductName=FactoryGame, ProductVersion=++FactoryGame+rel-main-1.2.0-CL-493833, IsServer=false, Flags=None]
[2026.06.12-12.51.13:036][  0]LogEOSSDK: LogEOSAnalytics: Start Session (User: ...)
[2026.06.12-12.51.13:036][  0]LogEOSSDK: Warning: LogEOSOverlay: OverlayPath registry key not found
[2026.06.12-12.51.13:036][  0]LogEOSSDK: LogEOSOverlay: Overlay will not load, because the binary's path is not configured
[2026.06.12-12.51.13:036][  0]LogEOSSDK: Warning: LogEOSOverlay: Failed to initialize overlay module: PATH_NOT_CONFIGURED
[2026.06.12-12.51.13:036][  0]LogEOSSDK: Warning: LogEOSAuth: FAccountPortalBrowserManager::Init: Failed to register overlay: EOS_NotConfigured
[2026.06.12-12.51.13:036][  0]LogEOSSDK: Warning: LogEOSUI: Hot key event ignored because there are no known users.
[2026.06.12-12.51.13:041][  0]LogEOSSDK: LogEOSAntiCheat: [AntiCheatClient] Anti-cheat client not available. Verify that the game was started using the anti-cheat bootstrapper if you intend to use it.
[2026.06.12-12.51.13:041][  0]LogEOSSDK: LogEOSRTC: [Core] Initializing LibRTC...
[2026.06.12-12.51.13:042][  0]LogEOSSDK: LogEOS: SetApplicationStatus - OldStatus: EOS_AS_Foreground, NewStatus: EOS_AS_Foreground, Current Time: 0001.01.01-00.00.00
[2026.06.12-12.51.13:042][  0]LogEOSSDK: LogEOS: SetNetworkStatus - OldStatus: EOS_NS_Online, NewStatus: EOS_NS_Online
[2026.06.12-12.51.13:042][  0]LogEOSSDK: LogEOS: Updating Platform SDK Config, Time: 0.000051
[2026.06.12-12.51.13:046][  0]LogOnlineSchema: Parsed Schema definition: SchemaId: [LobbyBase], SchemaCompatabilityId: [0x5F1D9C43215C9EC6]
[2026.06.12-12.51.13:046][  0]LogOnlineServices: Warning: Missing bUseBuildIdOverride= in [OnlineServices] of DefaultEngine.ini
[2026.06.12-12.51.13:046][  0]LogOnlineServices: Warning: Missing BuildIdOverride= in [OnlineServices] of DefaultEngine.ini
[2026.06.12-12.51.13:046][  0]LogOnlineServices: 000002BB117D0DD0 Epic online services instance initialize
[2026.06.12-12.51.13:118][  0]LogStreamlineD3D12RHI: FStreamlineD3D12RHIModule::StartupModule Enter
[2026.06.12-12.51.13:121][  0]LogStreamlineAPI: [Info]: [15-51-13][streamline][info][tid:6460][0s:002ms:419us]pluginManager.cpp:489[setHostSDKVersion] Streamline v2.7.30.afa89bde - built on Mon Mar 31 10:49:36 2025 - host SDK v2.7.30
[2026.06.12-12.51.13:121][  0]LogStreamlineAPI: Warning: [Warn]: [15-51-13][streamline][warn][tid:6460][0s:002ms:468us]file.h:96[open] File 'C:\ProgramData/NVIDIA/NGX/models/nvngx_config.txt' does not exist
[2026.06.12-12.51.13:121][  0]LogStreamlineAPI: Warning: [Warn]: [15-51-13][streamline][warn][tid:6460][0s:002ms:494us]ota.cpp:255[readServerManifest] Failed to open manifest file at: C:\ProgramData/NVIDIA/NGX/models/nvngx_config.txt
[2026.06.12-12.51.13:127][  0]LogStreamlineAPI: [Info]: [15-51-13][streamline][info][tid:6460][0s:008ms:058us]pluginManager.cpp:618[findPlugins] Looking for plugins in C:/Program Files (x86)/Steam/steamapps/common/Satisfactory/FactoryGame/Plugins/StreamlineCore/Binaries/ThirdParty/Win64 ...
[2026.06.12-12.51.13:127][  0]LogStreamlineAPI: [Info]: [15-51-13][streamline][info][tid:6460][0s:008ms:151us]pluginManager.cpp:1087[loadPlugins] Searching for OTA'd plugins...
[2026.06.12-12.51.13:139][  0]LogStreamlineAPI: [Info]: [15-51-13][streamline][info][tid:6460][0s:021ms:324us]commonInterface.cpp:150[getSystemCaps] Enumerating up to 8 adapters but only one of them can be used to create a device - no mGPU support in this SDK
[2026.06.12-12.51.13:143][  0]LogStreamlineAPI: [Info]: [15-51-13][streamline][info][tid:6460][0s:024ms:737us]commonEntry.cpp:2055[getOSVersionAndUpdateTimerResolution] Changed high resolution timer resolution to 5013 [100 ns units].
[2026.06.12-12.51.13:143][  0]LogStreamlineAPI: [Info]: [15-51-13][streamline][info][tid:6460][0s:024ms:763us]commonEntry.cpp:2130[updateEmbeddedJSON] Detected Windows OS version 10.0.26200
[2026.06.12-12.51.13:143][  0]LogStreamlineAPI: [Info]: [15-51-13][streamline][info][tid:6460][0s:024ms:905us]pluginManager.cpp:1002[mapPlugins] Loaded plugin 'sl.common' - version 2.7.30.afa89bde - id 4294967295 - priority 0 - adapter mask 0x1 - interposer 'no'
[2026.06.12-12.51.13:152][  0]LogStreamlineAPI: [Info]: [15-51-13][streamline][info][tid:6460][0s:033ms:124us]pluginManager.cpp:1002[mapPlugins] Loaded plugin 'sl.deepdvc' - version 2.7.30.afa89bde - id 5 - priority 100 - adapter mask 0x0 - interposer 'no'
[2026.06.12-12.51.13:160][  0]LogStreamlineAPI: Warning: [Warn]: [15-51-13][streamline][warn][tid:6460][0s:041ms:540us]dlss_gEntry.cpp:144[updateEmbeddedJSON] Failed to obtain DLSS-G min spec requirements from NGX, using SL defaults
[2026.06.12-12.51.13:160][  0]LogStreamlineAPI: Warning: [Warn]: [15-51-13][streamline][warn][tid:6460][0s:041ms:595us]dlss_gEntry.cpp:327[updateEmbeddedJSON] Disabling DLSS-G since it is not supported on current hardware
[2026.06.12-12.51.13:160][  0]LogStreamlineAPI: [Info]: [15-51-13][streamline][info][tid:6460][0s:041ms:691us]pluginManager.cpp:1002[mapPlugins] Loaded plugin 'sl.dlss_g' - version 2.7.30.afa89bde - id 1000 - priority 1000 - adapter mask 0x0 - interposer 'no'
[2026.06.12-12.51.13:167][  0]LogStreamlineAPI: [Info]: [15-51-13][streamline][info][tid:6460][0s:048ms:868us]pluginManager.cpp:1002[mapPlugins] Loaded plugin 'sl.pcl' - version 2.7.30.afa89bde - id 4 - priority 2 - adapter mask 0x1 - interposer 'no'
[2026.06.12-12.51.13:175][  0]LogStreamlineAPI: [Info]: [15-51-13][streamline][info][tid:6460][0s:056ms:995us]pluginManager.cpp:1002[mapPlugins] Loaded plugin 'sl.reflex' - version 2.7.30.afa89bde - id 3 - priority 100 - adapter mask 0x1 - interposer 'no'
[2026.06.12-12.51.13:175][  0]LogStreamlineAPI: Warning: [Warn]: [15-51-13][streamline][warn][tid:6460][0s:057ms:017us]pluginManager.cpp:1141[loadPlugins] Ignoring plugin 'sl.deepdvc' since it is not supported on this platform
[2026.06.12-12.51.13:175][  0]LogStreamlineAPI: Warning: [Warn]: [15-51-13][streamline][warn][tid:6460][0s:057ms:035us]pluginManager.cpp:1141[loadPlugins] Ignoring plugin 'sl.dlss_g' since it is not supported on this platform
[2026.06.12-12.51.13:176][  0]LogStreamlineAPI: [Info]: [15-51-13][streamline][info][tid:6460][0s:057ms:232us]pluginManager.cpp:1241[loadPlugins] Plugin execution order based on priority:
[2026.06.12-12.51.13:176][  0]LogStreamlineAPI: [Info]: [15-51-13][streamline][info][tid:6460][0s:057ms:243us]pluginManager.cpp:1244[loadPlugins] P0 - sl.common
[2026.06.12-12.51.13:176][  0]LogStreamlineAPI: [Info]: [15-51-13][streamline][info][tid:6460][0s:057ms:251us]pluginManager.cpp:1244[loadPlugins] P2 - sl.pcl
[2026.06.12-12.51.13:176][  0]LogStreamlineAPI: [Info]: [15-51-13][streamline][info][tid:6460][0s:057ms:258us]pluginManager.cpp:1244[loadPlugins] P100 - sl.reflex
[2026.06.12-12.51.13:176][  0]LogStreamlineAPI: [Info]: [15-51-13][streamline][info][tid:6460][0s:057ms:287us]pluginManager.cpp:1436[initializePlugins] Initializing plugins - api 0.0.1 - application ID 100721531
[2026.06.12-12.51.13:180][  0]LogStreamlineAPI: [Info]: [15-51-13][streamline][info][tid:6460][0s:061ms:138us]pluginManager.cpp:1544[mapPluginCallbacks] Callback sl.common:slSetData:0x0
[2026.06.12-12.51.13:180][  0]LogStreamlineAPI: [Info]: [15-51-13][streamline][info][tid:6460][0s:061ms:159us]pluginManager.cpp:1545[mapPluginCallbacks] Callback sl.common:slGetData:0x0
[2026.06.12-12.51.13:180][  0]LogStreamlineAPI: [Info]: [15-51-13][streamline][info][tid:6460][0s:061ms:168us]pluginManager.cpp:1546[mapPluginCallbacks] Callback sl.common:slAllocateResources:0x0
[2026.06.12-12.51.13:180][  0]LogStreamlineAPI: [Info]: [15-51-13][streamline][info][tid:6460][0s:061ms:175us]pluginManager.cpp:1547[mapPluginCallbacks] Callback sl.common:slFreeResources:0x0
[2026.06.12-12.51.13:180][  0]LogStreamlineAPI: [Info]: [15-51-13][streamline][info][tid:6460][0s:061ms:182us]pluginManager.cpp:1548[mapPluginCallbacks] Callback sl.common:slEvaluateFeature:0x7fffa5481b30
[2026.06.12-12.51.13:180][  0]LogStreamlineAPI: [Info]: [15-51-13][streamline][info][tid:6460][0s:061ms:189us]pluginManager.cpp:1549[mapPluginCallbacks] Callback sl.common:slSetTag:0x7fffa5480a50
[2026.06.12-12.51.13:180][  0]LogStreamlineAPI: [Info]: [15-51-13][streamline][info][tid:6460][0s:061ms:198us]pluginManager.cpp:1550[mapPluginCallbacks] Callback sl.common:slSetTagForFrame:0x7fffa5480bb0
[2026.06.12-12.51.13:180][  0]LogStreamlineAPI: [Info]: [15-51-13][streamline][info][tid:6460][0s:061ms:206us]pluginManager.cpp:1551[mapPluginCallbacks] Callback sl.common:slSetConsts:0x7fffa54818e0
[2026.06.12-12.51.13:180][  0]LogStreamlineAPI: [Info]: [15-51-13][streamline][info][tid:6460][0s:061ms:216us]pluginManager.cpp:1320[processPluginHooks] Hook sl.common:slHookVkPresent:before - skipped
[2026.06.12-12.51.13:180][  0]LogStreamlineAPI: [Info]: [15-51-13][streamline][info][tid:6460][0s:061ms:224us]pluginManager.cpp:1320[processPluginHooks] Hook sl.common:slHookVkAfterPresent:after - skipped
[2026.06.12-12.51.13:180][  0]LogStreamlineAPI: [Info]: [15-51-13][streamline][info][tid:6460][0s:061ms:231us]pluginManager.cpp:1320[processPluginHooks] Hook sl.common:slHookVkCmdBindPipeline:after - skipped
[2026.06.12-12.51.13:180][  0]LogStreamlineAPI: [Info]: [15-51-13][streamline][info][tid:6460][0s:061ms:238us]pluginManager.cpp:1320[processPluginHooks] Hook sl.common:slHookVkCmdBindDescriptorSets:after - skipped
[2026.06.12-12.51.13:180][  0]LogStreamlineAPI: [Info]: [15-51-13][streamline][info][tid:6460][0s:061ms:244us]pluginManager.cpp:1320[processPluginHooks] Hook sl.common:slHookVkBeginCommandBuffer:after - skipped
[2026.06.12-12.51.13:180][  0]LogStreamlineAPI: [Info]: [15-51-13][streamline][info][tid:6460][0s:061ms:252us]pluginManager.cpp:1344[processPluginHooks] Hook sl.common:slHookResizeSwapChainPre:before - OK
[2026.06.12-12.51.13:180][  0]LogStreamlineAPI: [Info]: [15-51-13][streamline][info][tid:6460][0s:061ms:259us]pluginManager.cpp:1344[processPluginHooks] Hook sl.common:slHookPresent:before - OK
[2026.06.12-12.51.13:180][  0]LogStreamlineAPI: [Info]: [15-51-13][streamline][info][tid:6460][0s:061ms:265us]pluginManager.cpp:1344[processPluginHooks] Hook sl.common:slHookAfterPresent:after - OK
[2026.06.12-12.51.13:180][  0]LogStreamlineAPI: [Info]: [15-51-13][streamline][info][tid:6460][0s:061ms:273us]pluginManager.cpp:1344[processPluginHooks] Hook sl.common:slHookPresent1:before - OK
[2026.06.12-12.51.13:180][  0]LogStreamlineAPI: [Info]: [15-51-13][streamline][info][tid:6460][0s:061ms:514us]pluginManager.cpp:1544[mapPluginCallbacks] Callback sl.pcl:slSetData:0x7fffa53a89e0
[2026.06.12-12.51.13:180][  0]LogStreamlineAPI: [Info]: [15-51-13][streamline][info][tid:6460][0s:061ms:539us]pluginManager.cpp:1545[mapPluginCallbacks] Callback sl.pcl:slGetData:0x7fffa53a89f0
[2026.06.12-12.51.13:180][  0]LogStreamlineAPI: [Info]: [15-51-13][streamline][info][tid:6460][0s:061ms:553us]pluginManager.cpp:1546[mapPluginCallbacks] Callback sl.pcl:slAllocateResources:0x0
[2026.06.12-12.51.13:180][  0]LogStreamlineAPI: [Info]: [15-51-13][streamline][info][tid:6460][0s:061ms:568us]pluginManager.cpp:1547[mapPluginCallbacks] Callback sl.pcl:slFreeResources:0x0
[2026.06.12-12.51.13:180][  0]LogStreamlineAPI: [Info]: [15-51-13][streamline][info][tid:6460][0s:061ms:580us]pluginManager.cpp:1548[mapPluginCallbacks] Callback sl.pcl:slEvaluateFeature:0x0
[2026.06.12-12.51.13:180][  0]LogStreamlineAPI: [Info]: [15-51-13][streamline][info][tid:6460][0s:061ms:591us]pluginManager.cpp:1549[mapPluginCallbacks] Callback sl.pcl:slSetTag:0x0
[2026.06.12-12.51.13:180][  0]LogStreamlineAPI: [Info]: [15-51-13][streamline][info][tid:6460][0s:061ms:604us]pluginManager.cpp:1550[mapPluginCallbacks] Callback sl.pcl:slSetTagForFrame:0x0
[2026.06.12-12.51.13:180][  0]LogStreamlineAPI: [Info]: [15-51-13][streamline][info][tid:6460][0s:061ms:616us]pluginManager.cpp:1551[mapPluginCallbacks] Callback sl.pcl:slSetConsts:0x0
[2026.06.12-12.51.13:180][  0]LogStreamlineD3D12RHI: FStreamlineD3D12RHIModule::StartupModule Leave
[2026.06.12-12.51.13:180][  0]LogStreamlineAPI: [Info]: [15-51-13][streamline][info][tid:6460][0s:061ms:627us]pluginManager.cpp:1305[processPluginHooks] Plugin 'sl.pcl' has no registered hooks
[2026.06.12-12.51.13:180][  0]LogStreamlineAPI: [Info]: [15-51-13][streamline][info][tid:6460][0s:061ms:637us]pluginManager.cpp:1544[mapPluginCallbacks] Callback sl.reflex:slSetData:0x7fffa5368d10
[2026.06.12-12.51.13:180][  0]LogStreamlineD3D12RHI: FStreamlineD3D12RHI::FStreamlineD3D12RHI Enter
[2026.06.12-12.51.13:180][  0]LogStreamlineAPI: [Info]: [15-51-13][streamline][info][tid:6460][0s:061ms:648us]pluginManager.cpp:1545[mapPluginCallbacks] Callback sl.reflex:slGetData:0x7fffa5369600
[2026.06.12-12.51.13:180][  0]LogStreamlineAPI: [Info]: [15-51-13][streamline][info][tid:6460][0s:061ms:660us]pluginManager.cpp:1546[mapPluginCallbacks] Callback sl.reflex:slAllocateResources:0x0
[2026.06.12-12.51.13:180][  0]LogStreamlineD3D12RHI: Skip registering IDXGISwapchainProvider, due to no supported feature needing a swap chain provider: (kFeatureDLSS_G, Result::eErrorFeatureMissing),(kFeatureLatewarp, Result::eErrorFeatureMissing),(kFeatureImGUI, Result::eErrorFeatureMissing). This can be overriden with -sl{no}swapchainprovider
[2026.06.12-12.51.13:180][  0]LogStreamlineD3D12RHI: FStreamlineD3D12RHI::FStreamlineD3D12RHI Leave
[2026.06.12-12.51.13:180][  0]LogStreamlineAPI: [Info]: [15-51-13][streamline][info][tid:6460][0s:061ms:673us]pluginManager.cpp:1547[mapPluginCallbacks] Callback sl.reflex:slFreeResources:0x0
[2026.06.12-12.51.13:180][  0]LogStreamlineAPI: [Info]: [15-51-13][streamline][info][tid:6460][0s:061ms:684us]pluginManager.cpp:1548[mapPluginCallbacks] Callback sl.reflex:slEvaluateFeature:0x0
[2026.06.12-12.51.13:180][  0]LogStreamlineAPI: [Info]: [15-51-13][streamline][info][tid:6460][0s:061ms:696us]pluginManager.cpp:1549[mapPluginCallbacks] Callback sl.reflex:slSetTag:0x0
[2026.06.12-12.51.13:180][  0]LogStreamlineAPI: [Info]: [15-51-13][streamline][info][tid:6460][0s:061ms:707us]pluginManager.cpp:1550[mapPluginCallbacks] Callback sl.reflex:slSetTagForFrame:0x0
[2026.06.12-12.51.13:180][  0]LogStreamlineAPI: [Info]: [15-51-13][streamline][info][tid:6460][0s:061ms:718us]pluginManager.cpp:1551[mapPluginCallbacks] Callback sl.reflex:slSetConsts:0x0
[2026.06.12-12.51.13:180][  0]LogStreamlineAPI: [Info]: [15-51-13][streamline][info][tid:6460][0s:061ms:732us]pluginManager.cpp:1305[processPluginHooks] Plugin 'sl.reflex' has no registered hooks
[2026.06.12-12.51.13:180][  0]LogStreamlineAPI: Error: [Error]: [15-51-13][streamline][error][tid:6460][0s:061ms:744us]sl.cpp:190[slValidateFeatureContext] 'kFeatureDLSS_G' is missing.
[2026.06.12-12.51.13:180][  0]LogStreamlineAPI: Error: [Error]: [15-51-13][streamline][error][tid:6460][0s:061ms:768us]sl.cpp:190[slValidateFeatureContext] 'kFeatureDeepDVC' is missing.
[2026.06.12-12.51.13:180][  0]LogXeSSModule: XeSS plugin version: 1, version name: 2.0.10
[2026.06.12-12.51.13:188][  0]LogXeSSRHI: Loading XeSS library 2.0.1 on AMD RHI D3D12
[2026.06.12-12.51.13:196][  0]LogXeSSRHI: Intel XeSS effect supported
[2026.06.12-12.51.13:202][  0]LogXeSSModule: XeSS successfully initialized
[2026.06.12-12.51.13:204][  0]LogXeLLModule: Loaded XeLL SDK 1.1.0 on AMD RHI D3D12
[2026.06.12-12.51.13:211][  0]LogXeLLModule: Warning: failed to create XeLL, ret = -1!
[2026.06.12-12.51.13:262][  0]LogXeFGRHIModule: Loaded XeFG SDK 1.1.0 on AMD RHI D3D12
[2026.06.12-12.51.13:273][  0]LogXeFGRHI: Create XeFG swap chain context, result: -1
[2026.06.12-12.51.13:288][  0]LogD3D12RHI: Found a custom swapchain provider: 'FSR3SwapchainProvider'.
[2026.06.12-12.51.13:383][  0]LogShaderLibrary: Display: Using IoDispatcher for shader code library FactoryGame. Total 63322 unique shaders.
[2026.06.12-12.51.13:383][  0]LogShaderLibrary: Display: Cooked Context: Using Shared Shader Library FactoryGame
[2026.06.12-12.51.13:383][  0]LogShaderLibrary: Display: Logical shader library 'FactoryGame' has been created as a monolithic library
[2026.06.12-12.51.13:383][  0]LogRHI: FPipelineCacheFile Header Game Version: 493833
[2026.06.12-12.51.13:383][  0]LogRHI: FPipelineCacheFile Header Engine Data Version: 29
[2026.06.12-12.51.13:383][  0]LogRHI: FPipelineCacheFile Header TOC Offset: 2017
[2026.06.12-12.51.13:383][  0]LogRHI: FPipelineCacheFile File Size: 11406 Bytes
[2026.06.12-12.51.13:384][  0]LogRHI: Opened FPipelineCacheFile: ../../../FactoryGame/Content/PipelineCaches/Windows/FactoryGame_PCD3D_SM6.stable.upipelinecache (GUID: C026463A466976B57AF834B75233609B) with 82 entries.
[2026.06.12-12.51.13:384][  0]LogRHI: Display: FPipelineCacheFile[FactoryGame] opened FactoryGame, filename FactoryGame, guid C026463A466976B57AF834B75233609B. 
[2026.06.12-12.51.13:384][  0]LogRHI: FShaderPipelineCache::BeginNextPrecompileCacheTask() - FactoryGame begining compile.
[2026.06.12-12.51.13:384][  0]LogRHI: Display: FShaderPipelineCache starting pipeline cache 'FactoryGame' and enqueued 82 tasks for precompile. (cache contains 82, 82 eligible, 0 had missing shaders. 0 already compiled). BatchSize 50 and BatchTime 16.000000.
[2026.06.12-12.51.13:384][  0]LogRHI: Base name for record PSOs is C:/Users/cheva/AppData/Local/FactoryGame/Saved/CollectedPSOs/++FactoryGame+rel-main-1.2.0-CL-493833-FactoryGame_PCD3D_SM6_F8A26071401EA9ED6C1CE6A084B98B65.rec.upipelinecache
[2026.06.12-12.51.13:384][  0]LogRHI: FPipelineCacheFile: GarbageCollectUserCache() Begin
[2026.06.12-12.51.13:384][  0]LogRHI: User cache GC is disabled
[2026.06.12-12.51.13:384][  0]LogRHI: FPipelineCacheFile: GarbageCollectUserCache() End
[2026.06.12-12.51.13:384][  0]LogRHI: Could not open FPipelineCacheFile: C:/Users/cheva/AppData/Local/FactoryGame/Saved/FactoryGame_PCD3D_SM6.upipelinecache
[2026.06.12-12.51.13:384][  0]LogRHI: Display: FPipelineCacheFile User cache [key:FactoryGame_usr] opened 'FactoryGame'=0, filename FactoryGame, guid 43F733584760E665D28C48B0EC8CCB84. 
[2026.06.12-12.51.13:384][  0]LogShaderLibrary: Display: Tried to open again shader library 'FactoryGame', but could not find new components for it (existing components: 1).
[2026.06.12-12.51.13:384][  0]LogInit: Overriding language with engine language configuration option (ru).
[2026.06.12-12.51.13:384][  0]LogInit: Overriding language with engine locale configuration option (ru).
[2026.06.12-12.51.13:387][  0]LogTextLocalizationResource: LocRes '../../../FactoryGame/Content/Localization/Game/ru/Game.locres' could not be opened for reading!
[2026.06.12-12.51.13:388][  0]LogAssetRegistry: FAssetRegistry took 0.0001 seconds to start up
[2026.06.12-12.51.13:394][  0]LogPakFile: New pak file ../../../FactoryGame/Content/Paks/FactoryGame-Windows.pak added to pak precacher.
[2026.06.12-12.51.13:501][  0]LogRHI: Warning: FShaderPipelineCache FactoryGame completed 82 tasks in 0.00s (0.08s wall time since intial open).
[2026.06.12-12.51.13:595][  0]LogStreaming: Display: FlushAsyncLoading(1): 1 QueuedPackages, 0 AsyncPackages
[2026.06.12-12.51.13:599][  0]LogFilePackageStore: Updated: NewPackages=33505, OldPackages=0, TotalPackages=33506
[2026.06.12-12.51.13:610][  0]LogDeviceProfileManager: Active device profile: [00007FF3F0E4F250][000002BB39C86DC0 66] Windows
[2026.06.12-12.51.13:610][  0]LogRHI: FShaderPipelineCache::BeginNextPrecompileCacheTask() - Finished, no jobs remaining.
[2026.06.12-12.51.13:681][  0]LogStringTable: Warning: Failed to find string table entry for 'Messages_UI' 'ConstructDisqualifiers/Generic/ThisShouldNeverBeSeen'. Did you forget to add a string table redirector?
[2026.06.12-12.51.13:700][  0]LogAudioCaptureCore: Display: No Audio Capture implementations found. Audio input will be silent.
[2026.06.12-12.51.13:700][  0]LogMetaSound: Display: MetaSound Page Target Initialized to 'Default'
[2026.06.12-12.51.13:716][  0]LogStringTable: Warning: Failed to find string table entry for 'Buildables_UI' 'Splitters/Smart/AddItem/AnyUndefined'. Did you forget to add a string table redirector?
[2026.06.12-12.51.13:716][  0]LogStringTable: Warning: Failed to find string table entry for 'Buildables_UI' 'Splitters/Smart/AddItem/AnyUndefined/Description'. Did you forget to add a string table redirector?
[2026.06.12-12.51.13:717][  0]LogStringTable: Warning: Failed to find string table entry for 'Units_UI' 'Meter/m/Pattern'. Did you forget to add a string table redirector?
[2026.06.12-12.51.13:717][  0]LogStringTable: Warning: Failed to find string table entry for 'Messages_UI' 'ConstructDisqualifiers/Generic/Initializing'. Did you forget to add a string table redirector?
[2026.06.12-12.51.13:717][  0]LogStringTable: Warning: Failed to find string table entry for 'Messages_UI' 'ConstructDisqualifiers/BuildMode/InvalidAimLocation'. Did you forget to add a string table redirector?
[2026.06.12-12.51.13:717][  0]LogStringTable: Warning: Failed to find string table entry for 'Messages_UI' 'ConstructDisqualifiers/BuildMode/CannotAfford'. Did you forget to add a string table redirector?
[2026.06.12-12.51.13:717][  0]LogStringTable: Warning: Failed to find string table entry for 'Messages_UI' 'ConstructDisqualifiers/BuildMode/InvalidPlacement'. Did you forget to add a string table redirector?
[2026.06.12-12.51.13:717][  0]LogStringTable: Warning: Failed to find string table entry for 'Messages_UI' 'ConstructDisqualifiers/BuildMode/Clearance'. Did you forget to add a string table redirector?
[2026.06.12-12.51.13:717][  0]LogStringTable: Warning: Failed to find string table entry for 'Messages_UI' 'ConstructDisqualifiers/BuildMode/OverlappingPossibleClipping'. Did you forget to add a string table redirector?
[2026.06.12-12.51.13:717][  0]LogStringTable: Warning: Failed to find string table entry for 'Messages_UI' 'ConstructDisqualifiers/BuildMode/PlayerInTheWay'. Did you forget to add a string table redirector?
[2026.06.12-12.51.13:717][  0]LogStringTable: Warning: Failed to find string table entry for 'Messages_UI' 'ConstructDisqualifiers/BuildMode/CreatureInTheWay'. Did you forget to add a string table redirector?
[2026.06.12-12.51.13:717][  0]LogStringTable: Warning: Failed to find string table entry for 'Messages_UI' 'ConstructDisqualifiers/BuildMode/VehicleInTheWay'. Did you forget to add a string table redirector?
[2026.06.12-12.51.13:717][  0]LogStringTable: Warning: Failed to find string table entry for 'Messages_UI' 'ConstructDisqualifiers/BuildMode/FloorTooSteep'. Did you forget to add a string table redirector?
[2026.06.12-12.51.13:717][  0]LogStringTable: Warning: Failed to find string table entry for 'Messages_UI' 'ConstructDisqualifiers/BuildMode/ThereCanBeOnlyOne'. Did you forget to add a string table redirector?
[2026.06.12-12.51.13:717][  0]LogStringTable: Warning: Failed to find string table entry for 'Messages_UI' 'ConstructDisqualifiers/BuildMode/RequiresSnapToFoundation'. Did you forget to add a string table redirector?
[2026.06.12-12.51.13:717][  0]LogStringTable: Warning: Failed to find string table entry for 'Messages_UI' 'ConstructDisqualifiers/BuildMode/RequiresSnapToWall'. Did you forget to add a string table redirector?
[2026.06.12-12.51.13:717][  0]LogStringTable: Warning: Failed to find string table entry for 'Messages_UI' 'ConstructDisqualifiers/BuildMode/RequiresSnapToRailroadTrack'. Did you forget to add a string table redirector?
[2026.06.12-12.51.13:717][  0]LogStringTable: Warning: Failed to find string table entry for 'Messages_UI' 'ConstructDisqualifiers/BuildMode/CeilingRequired'. Did you forget to add a string table redirector?
[2026.06.12-12.51.13:717][  0]LogStringTable: Warning: Failed to find string table entry for 'Messages_UI' 'ConstructDisqualifiers/BuildMode/CannotSnapToFoundation'. Did you forget to add a string table redirector?
[2026.06.12-12.51.13:717][  0]LogStringTable: Warning: Failed to find string table entry for 'Messages_UI' 'ConstructDisqualifiers/BuildMode/RequiresResourceNode'. Did you forget to add a string table redirector?
[2026.06.12-12.51.13:717][  0]LogStringTable: Warning: Failed to find string table entry for 'Messages_UI' 'ConstructDisqualifiers/Drones/RequiresSnapToPort'. Did you forget to add a string table redirector?
[2026.06.12-12.51.13:717][  0]LogStringTable: Warning: Failed to find string table entry for 'Messages_UI' 'ConstructDisqualifiers/Drones/PortOccupied'. Did you forget to add a string table redirector?
[2026.06.12-12.51.13:717][  0]LogStringTable: Warning: Failed to find string table entry for 'Messages_UI' 'ConstructDisqualifiers/Drones/AssignedToDronePort'. Did you forget to add a string table redirector?
[2026.06.12-12.51.13:717][  0]LogStringTable: Warning: Failed to find string table entry for 'Messages_UI' 'ConstructDisqualifiers/BuildMode/RequiresFrackingCoreNode'. Did you forget to add a string table redirector?
[2026.06.12-12.51.13:717][  0]LogStringTable: Warning: Failed to find string table entry for 'Messages_UI' 'ConstructDisqualifiers/BuildMode/RequiresFrackingSatelliteNode'. Did you forget to add a string table redirector?
[2026.06.12-12.51.13:717][  0]LogStringTable: Warning: Failed to find string table entry for 'Messages_UI' 'ConstructDisqualifiers/Resources/NodeOccupied'. Did you forget to add a string table redirector?
[2026.06.12-12.51.13:717][  0]LogStringTable: Warning: Failed to find string table entry for 'Messages_UI' 'ConstructDisqualifiers/Resources/NotDeepEnough'. Did you forget to add a string table redirector?
[2026.06.12-12.51.13:717][  0]LogStringTable: Warning: Failed to find string table entry for 'Messages_UI' 'ConstructDisqualifiers/BuildMode/RequiresDeepWater'. Did you forget to add a string table redirector?
[2026.06.12-12.51.13:717][  0]LogStringTable: Warning: Failed to find string table entry for 'Messages_UI' 'ConstructDisqualifiers/Resources/PlaceExtractorOnNode'. Did you forget to add a string table redirector?
[2026.06.12-12.51.13:717][  0]LogStringTable: Warning: Failed to find string table entry for 'Messages_UI' 'ConstructDisqualifiers/PowerLines/RequiresHookUpToConnection'. Did you forget to add a string table redirector?
[2026.06.12-12.51.13:717][  0]LogStringTable: Warning: Failed to find string table entry for 'Messages_UI' 'ConstructDisqualifiers/PowerLines/WireTooLong'. Did you forget to add a string table redirector?
[2026.06.12-12.51.13:717][  0]LogStringTable: Warning: Failed to find string table entry for 'Messages_UI' 'ConstructDisqualifiers/PowerLines/AlreadyConnected'. Did you forget to add a string table redirector?
[2026.06.12-12.51.13:717][  0]LogStringTable: Warning: Failed to find string table entry for 'Messages_UI' 'ConstructDisqualifiers/Signs/CannotSnap'. Did you forget to add a string table redirector?
[2026.06.12-12.51.13:717][  0]LogStringTable: Warning: Failed to find string table entry for 'Messages_UI' 'ConstructDisqualifiers/PowerLines/CantConnectMore'. Did you forget to add a string table redirector?
[2026.06.12-12.51.13:717][  0]LogStringTable: Warning: Failed to find string table entry for 'Messages_UI' 'ConstructDisqualifiers/Belts/SnapToConveyorPole'. Did you forget to add a string table redirector?
[2026.06.12-12.51.13:717][  0]LogStringTable: Warning: Failed to find string table entry for 'Messages_UI' 'ConstructDisqualifiers/Belts/TooLong'. Did you forget to add a string table redirector?
[2026.06.12-12.51.13:717][  0]LogStringTable: Warning: Failed to find string table entry for 'Messages_UI' 'ConstructDisqualifiers/Belts/TooShort'. Did you forget to add a string table redirector?
[2026.06.12-12.51.13:717][  0]LogStringTable: Warning: Failed to find string table entry for 'Messages_UI' 'ConstructDisqualifiers/Belts/TooSteep'. Did you forget to add a string table redirector?
[2026.06.12-12.51.13:717][  0]LogStringTable: Warning: Failed to find string table entry for 'Messages_UI' 'ConstructDisqualifiers/Belts/InvalidShape'. Did you forget to add a string table redirector?
[2026.06.12-12.51.13:717][  0]LogStringTable: Warning: Failed to find string table entry for 'Messages_UI' 'ConstructDisqualifiers/Belts/TooSharp'. Did you forget to add a string table redirector?
[2026.06.12-12.51.13:717][  0]LogStringTable: Warning: Failed to find string table entry for 'Messages_UI' 'ConstructDisqualifiers/BuildMode/RequiresRailroad'. Did you forget to add a string table redirector?
[2026.06.12-12.51.13:717][  0]LogStringTable: Warning: Failed to find string table entry for 'Messages_UI' 'ConstructDisqualifiers/RailroadTracks/NoSpace'. Did you forget to add a string table redirector?
[2026.06.12-12.51.13:717][  0]LogStringTable: Warning: Failed to find string table entry for 'Messages_UI' 'ConstructDisqualifiers/RailroadTracks/OtherSignal'. Did you forget to add a string table redirector?
[2026.06.12-12.51.13:717][  0]LogStringTable: Warning: Failed to find string table entry for 'Messages_UI' 'ConstructDisqualifiers/RailroadTracks/EndOfTrack'. Did you forget to add a string table redirector?
[2026.06.12-12.51.13:717][  0]LogStringTable: Warning: Failed to find string table entry for 'Messages_UI' 'ConstructDisqualifiers/BuildMode/SwitchTooClose'. Did you forget to add a string table redirector?
[2026.06.12-12.51.13:717][  0]LogStringTable: Warning: Failed to find string table entry for 'Messages_UI' 'ConstructDisqualifiers/BuildMode/SwitchPositionsTooMany'. Did you forget to add a string table redirector?
[2026.06.12-12.51.13:719][  0]LogStringTable: Warning: Failed to find string table entry for 'Messages_UI' 'ConstructDisqualifiers/RailroadTracks/RequiresPlacedInlineWithPlatform'. Did you forget to add a string table redirector?
[2026.06.12-12.51.13:719][  0]LogStringTable: Warning: Failed to find string table entry for 'Messages_UI' 'ConstructDisqualifiers/RailroadTracks/TooLong'. Did you forget to add a string table redirector?
[2026.06.12-12.51.13:719][  0]LogStringTable: Warning: Failed to find string table entry for 'Messages_UI' 'ConstructDisqualifiers/RailroadTracks/TooShort'. Did you forget to add a string table redirector?
[2026.06.12-12.51.13:719][  0]LogStringTable: Warning: Failed to find string table entry for 'Messages_UI' 'ConstructDisqualifiers/RailroadTracks/TooSteep'. Did you forget to add a string table redirector?
[2026.06.12-12.51.13:719][  0]LogStringTable: Warning: Failed to find string table entry for 'Messages_UI' 'ConstructDisqualifiers/RailroadTracks/TurnTooSharp'. Did you forget to add a string table redirector?
[2026.06.12-12.51.13:719][  0]LogStringTable: Warning: Failed to find string table entry for 'Messages_UI' 'ConstructDisqualifiers/Pipes/TooShort'. Did you forget to add a string table redirector?
[2026.06.12-12.51.13:719][  0]LogStringTable: Warning: Failed to find string table entry for 'Messages_UI' 'ConstructDisqualifiers/Pipes/TooLong'. Did you forget to add a string table redirector?
[2026.06.12-12.51.13:719][  0]LogStringTable: Warning: Failed to find string table entry for 'Messages_UI' 'ConstructDisqualifiers/Pipes/TooSharp'. Did you forget to add a string table redirector?
[2026.06.12-12.51.13:719][  0]LogStringTable: Warning: Failed to find string table entry for 'Messages_UI' 'ConstructDisqualifiers/Pipes/RequiresSnapToPipeSupport'. Did you forget to add a string table redirector?
[2026.06.12-12.51.13:719][  0]LogStringTable: Warning: Failed to find string table entry for 'Messages_UI' 'ConstructDisqualifiers/Pipes/DifferentFluids'. Did you forget to add a string table redirector?
[2026.06.12-12.51.13:719][  0]LogStringTable: Warning: Failed to find string table entry for 'Messages_UI' 'ConstructDisqualifiers/Pipes/InvalidShape'. Did you forget to add a string table redirector?
[2026.06.12-12.51.13:719][  0]LogStringTable: Warning: Failed to find string table entry for 'Messages_UI' 'ConstructDisqualifiers/Pipes/NoPath'. Did you forget to add a string table redirector?
[2026.06.12-12.51.13:719][  0]LogStringTable: Warning: Failed to find string table entry for 'Messages_UI' 'ConstructDisqualifiers/BuildMode/IdenticalBuildable'. Did you forget to add a string table redirector?
[2026.06.12-12.51.13:719][  0]LogStringTable: Warning: Failed to find string table entry for 'Messages_UI' 'ConstructDisqualifiers/BlueprintDesigner/CannotBePlaced'. Did you forget to add a string table redirector?
[2026.06.12-12.51.13:719][  0]LogStringTable: Warning: Failed to find string table entry for 'Messages_UI' 'ConstructDisqualifiers/BlueprintDesigner/Overlapping'. Did you forget to add a string table redirector?
[2026.06.12-12.51.13:719][  0]LogStringTable: Warning: Failed to find string table entry for 'Messages_UI' 'ConstructDisqualifiers/BlueprintDesigner/CannotConnect'. Did you forget to add a string table redirector?
[2026.06.12-12.51.13:719][  0]LogStringTable: Warning: Failed to find string table entry for 'Messages_UI' 'ConstructDisqualifiers/Upgrades/Invalid'. Did you forget to add a string table redirector?
[2026.06.12-12.51.13:719][  0]LogStringTable: Warning: Failed to find string table entry for 'Messages_UI' 'ConstructDisqualifiers/Customization/InvalidTarget'. Did you forget to add a string table redirector?
[2026.06.12-12.51.13:719][  0]LogStringTable: Warning: Failed to find string table entry for 'Messages_UI' 'ConstructDisqualifiers/Customization/AlreadyApplied'. Did you forget to add a string table redirector?
[2026.06.12-12.51.13:719][  0]LogStringTable: Warning: Failed to find string table entry for 'Messages_UI' 'ConstructDisqualifiers/DismantleMode/OccupiedBlueprintDesigner'. Did you forget to add a string table redirector?
[2026.06.12-12.51.13:719][  0]LogStringTable: Warning: Failed to find string table entry for 'Messages_UI' 'ConstructDisqualifiers/DismantleMode/OccupiedElevator'. Did you forget to add a string table redirector?
[2026.06.12-12.51.13:719][  0]LogStringTable: Warning: Failed to find string table entry for 'Messages_UI' 'ConstructDisqualifiers/DismantleMode/OccupiedTrainPlatform/TrainDocking'. Did you forget to add a string table redirector?
[2026.06.12-12.51.13:719][  0]LogStringTable: Warning: Failed to find string table entry for 'Messages_UI' 'ConstructDisqualifiers/DismantleMode/OccupiedTrainPlatform/VehiclesOnIt'. Did you forget to add a string table redirector?
[2026.06.12-12.51.13:719][  0]LogStringTable: Warning: Failed to find string table entry for 'Messages_UI' 'ConstructDisqualifiers/DismantleMode/OccupiedRailwaySegment'. Did you forget to add a string table redirector?
[2026.06.12-12.51.13:719][  0]LogStringTable: Warning: Failed to find string table entry for 'Messages_UI' 'ConstructDisqualifiers/DismantleMode/MovingVehicle'. Did you forget to add a string table redirector?
[2026.06.12-12.51.13:719][  0]LogStringTable: Warning: Failed to find string table entry for 'Messages_UI' 'ConstructDisqualifiers/DismantleMode/DockingVehicle'. Did you forget to add a string table redirector?
[2026.06.12-12.51.13:719][  0]LogStringTable: Warning: Failed to find string table entry for 'Messages_UI' 'ConstructDisqualifiers/DismantleMode/DerailedVehicle'. Did you forget to add a string table redirector?
[2026.06.12-12.51.13:719][  0]LogStringTable: Warning: Failed to find string table entry for 'Messages_UI' 'ConstructDisqualifiers/DismantleMode/OccupiedVehicle'. Did you forget to add a string table redirector?
[2026.06.12-12.51.13:719][  0]LogStringTable: Warning: Failed to find string table entry for 'Messages_UI' 'ConstructDisqualifiers/DismantleMode/UnopenedCrashSite'. Did you forget to add a string table redirector?
[2026.06.12-12.51.13:719][  0]LogStringTable: Warning: Failed to find string table entry for 'Messages_UI' 'ConstructDisqualifiers/DismantleMode/UnlootedCrashSite'. Did you forget to add a string table redirector?
[2026.06.12-12.51.13:719][  0]LogStringTable: Warning: Failed to find string table entry for 'Messages_UI' 'ConstructDisqualifiers/Elevator/RequiresSnapToElevator'. Did you forget to add a string table redirector?
[2026.06.12-12.51.13:719][  0]LogStringTable: Warning: Failed to find string table entry for 'Messages_UI' 'ConstructDisqualifiers/Elevator/MaxFloorStopCountReached'. Did you forget to add a string table redirector?
[2026.06.12-12.51.13:719][  0]LogStringTable: Warning: Failed to find string table entry for 'Messages_UI' 'ConstructDisqualifiers/Elevator/MaxElevatorHeight'. Did you forget to add a string table redirector?
[2026.06.12-12.51.13:719][  0]LogStringTable: Warning: Failed to find string table entry for 'Messages_UI' 'ConstructDisqualifiers/Elevator/ElevatorStopUpgradeMustChange'. Did you forget to add a string table redirector?
[2026.06.12-12.51.13:719][  0]LogStringTable: Warning: Failed to find string table entry for 'Messages_UI' 'ConstructDisqualifiers/Vehicles/InvalidDockingNodeElevation'. Did you forget to add a string table redirector?
[2026.06.12-12.51.13:719][  0]LogStringTable: Warning: Failed to find string table entry for 'Messages_UI' 'ConstructDisqualifiers/Vehicles/IncompatiblePath'. Did you forget to add a string table redirector?
[2026.06.12-12.51.13:720][  0]LogStats: UGameplayTagsManager::InitializeManager -  0.000 s
[2026.06.12-12.51.13:749][  0]LogStringTable: Warning: Failed to find string table entry for 'Player_UI' 'HUD/Compass/North'. Did you forget to add a string table redirector?
[2026.06.12-12.51.13:749][  0]LogStringTable: Warning: Failed to find string table entry for 'Player_UI' 'HUD/Compass/South'. Did you forget to add a string table redirector?
[2026.06.12-12.51.13:749][  0]LogStringTable: Warning: Failed to find string table entry for 'Player_UI' 'HUD/Compass/East'. Did you forget to add a string table redirector?
[2026.06.12-12.51.13:749][  0]LogStringTable: Warning: Failed to find string table entry for 'Player_UI' 'HUD/Compass/West'. Did you forget to add a string table redirector?
[2026.06.12-12.51.13:749][  0]LogStringTable: Warning: Failed to find string table entry for 'Buildables_UI' 'Splitters/Smart/AddItem/None'. Did you forget to add a string table redirector?
[2026.06.12-12.51.13:749][  0]LogStringTable: Warning: Failed to find string table entry for 'Buildables_UI' 'Splitters/Smart/AddItem/None/Description'. Did you forget to add a string table redirector?
[2026.06.12-12.51.13:749][  0]LogStringTable: Warning: Failed to find string table entry for 'Buildables_UI' 'Splitters/Smart/AddItem/Overflow'. Did you forget to add a string table redirector?
[2026.06.12-12.51.13:749][  0]LogStringTable: Warning: Failed to find string table entry for 'Buildables_UI' 'Splitters/Smart/AddItem/Overflow/Description'. Did you forget to add a string table redirector?
[2026.06.12-12.51.13:749][  0]LogStringTable: Warning: Failed to find string table entry for 'Messages_UI' 'Options/OfflinePlayer'. Did you forget to add a string table redirector?
[2026.06.12-12.51.13:751][  0]LogStringTable: Warning: Failed to find string table entry for 'Customization_Data' 'Categories/Standard'. Did you forget to add a string table redirector?
[2026.06.12-12.51.13:751][  0]LogStringTable: Warning: Failed to find string table entry for 'Customization_Data' 'Materials/Foundations/FICSIT'. Did you forget to add a string table redirector?
[2026.06.12-12.51.13:751][  0]LogStringTable: Warning: Failed to find string table entry for 'Customization_Data' 'Materials/Foundations/Concrete'. Did you forget to add a string table redirector?
[2026.06.12-12.51.13:751][  0]LogStringTable: Warning: Failed to find string table entry for 'Customization_Data' 'Materials/Foundations/CoatedConcrete'. Did you forget to add a string table redirector?
[2026.06.12-12.51.13:751][  0]LogStringTable: Warning: Failed to find string table entry for 'Customization_Data' 'Materials/Walls/Concrete'. Did you forget to add a string table redirector?
[2026.06.12-12.51.13:751][  0]LogStringTable: Warning: Failed to find string table entry for 'Customization_Data' 'Categories/Pipes'. Did you forget to add a string table redirector?
[2026.06.12-12.51.13:751][  0]LogStringTable: Warning: Failed to find string table entry for 'Customization_Data' 'Categories/Vehicles'. Did you forget to add a string table redirector?
[2026.06.12-12.51.13:751][  0]LogStringTable: Warning: Failed to find string table entry for 'ST_Options' 'QualityLow'. Did you forget to add a string table redirector?
[2026.06.12-12.51.13:751][  0]LogStringTable: Warning: Failed to find string table entry for 'ST_Options' 'QualityMedium'. Did you forget to add a string table redirector?
[2026.06.12-12.51.13:751][  0]LogStringTable: Warning: Failed to find string table entry for 'ST_Options' 'QualityHigh'. Did you forget to add a string table redirector?
[2026.06.12-12.51.13:751][  0]LogStringTable: Warning: Failed to find string table entry for 'ST_Options' 'QualityUltra'. Did you forget to add a string table redirector?
[2026.06.12-12.51.13:751][  0]LogStringTable: Warning: Failed to find string table entry for 'Buildables_UI' 'Splitters/Smart/AddItem/Any/Description'. Did you forget to add a string table redirector?
[2026.06.12-12.51.13:752][  0]LogPackageLocalizationCache: Processed 116 localized package path(s) for 1 prioritized culture(s) in 0.000200 seconds
[2026.06.12-12.51.13:765][  0]LogAudioCaptureCore: Display: No Audio Capture implementations found. Audio input will be silent.
[2026.06.12-12.51.13:775][  0]LogIris: FNetObjectFactoryRegistry::UnregisterFactory is unregistering factory: NetActorFactory name: NetActorFactory id: 0
[2026.06.12-12.51.13:775][  0]LogIris: FNetObjectFactoryRegistry::UnregisterFactory is unregistering factory: NetSubObjectFactory name: NetSubObjectFactory id: 1
[2026.06.12-12.51.13:788][  0]LogWwise: WwiseModule: Loading AkAudio
[2026.06.12-12.51.13:788][  0]LogLoad: Loading WwiseSoundEngine module: WwiseSoundEngine
[2026.06.12-12.51.13:788][  0]LogWwiseSoundEngine: Display: Loading Wwise SoundEngine 2023.1.14 (Integration 2023.1)
[2026.06.12-12.51.13:788][  0]LogAkAudio: FAkAudioModule::UpdateWwiseResourceLoaderSettings : Updating Resource Loader settings.
[2026.06.12-12.51.13:788][  0]LogLoad: Loading WwiseResourceLoader module: WwiseResourceLoader
[2026.06.12-12.51.13:789][  0]LogAkAudio: Wwise(R) SDK Version 2023.1.14 Build 8770 [Release(StaticCRT)]. (C) 2006-2025. Audiokinetic Inc. All rights reserved.
[2026.06.12-12.51.13:789][  0]LogLoad: Loading WwiseFileHandler module: WwiseFileHandler
[2026.06.12-12.51.13:789][  0]LogLoad: Loading WwiseProcessing module: WwiseProcessing
[2026.06.12-12.51.13:789][  0]LogWwiseProcessing: Display: Initializing default Processing.
[2026.06.12-12.51.13:789][  0]LogLoad: Loading WwiseSoundEngine module: WwiseSoundEngine
[2026.06.12-12.51.13:789][  0]LogLoad: Loading WwiseSoundEngine module: WwiseSoundEngine
[2026.06.12-12.51.13:789][  0]LogAkAudio: Wwise plug-in DLL path: C:/Program Files (x86)/Steam/steamapps/common/Satisfactory/Engine/Plugins/Wwise/ThirdParty/x64_vc170/Release/bin/
[2026.06.12-12.51.13:790][  0]LogAkAudio: Wwise SoundEngine successfully initialized.
[2026.06.12-12.51.13:791][  0]LogAkAudio: Initialization complete.
[2026.06.12-12.51.13:791][  0]LogAkAudio: Audiokinetic Audio Device initialized.
[2026.06.12-12.51.13:791][  0]LogLoad: Loading WwiseConcurrency module: WwiseConcurrency
[2026.06.12-12.51.13:791][  0]LogWwiseConcurrency: Display: Initializing default Concurrency.
[2026.06.12-12.51.13:933][  0]LogAkAudio: FAkAudioDevice::LoadDelayedObjects: Loading 4 delayed Wwise Objects after initialization.
[2026.06.12-12.51.13:981][  0]LogGauntlet: Display: Gauntlet Initialized
[2026.06.12-12.51.13:995][  0]LogSlate: Took 0.001567 seconds to synchronously load lazily loaded font '../../../Engine/Content/Slate/Fonts/Roboto-Bold.ttf' (160K)
[2026.06.12-12.51.13:997][  0]LogRHI: Display: Encountered a new graphics PSO: 1455907565
[2026.06.12-12.51.14:000][  0]LogAudio: Display: Registering Engine Module Parameter Interfaces...
[2026.06.12-12.51.14:001][  0]LogMetaSound: MetaSound Engine Initialized
[2026.06.12-12.51.14:003][  0]LogWwiseNiagara: Display: Initializing default Niagara.
[2026.06.12-12.51.14:010][  0]LogCSLocTools: Deriving CSV String Table Root by combining Poject Content Dir [../../../FactoryGame/Content/] and Folder Path [Localization/StringTables]
[2026.06.12-12.51.14:010][  0]LogCSLocTools: Processing CSV String Table root [C:/Program Files (x86)/Steam/steamapps/common/Satisfactory/FactoryGame/Content/Localization/StringTables]
[2026.06.12-12.51.14:010][  0]LogCSLocTools: IterateDirectoryRecursively reached [../../../FactoryGame/Content/Localization/StringTables/Architecture_Data.csv]
[2026.06.12-12.51.14:010][  0]LogCSLocTools: IterateDirectoryRecursively reached (FullPath) [C:/Program Files (x86)/Steam/steamapps/common/Satisfactory/FactoryGame/Content/Localization/StringTables/Architecture_Data.csv]
[2026.06.12-12.51.14:010][  0]LogCSLocTools: Attempting to register CSV String Table with path [C:/Program Files (x86)/Steam/steamapps/common/Satisfactory/FactoryGame/Content/Localization/StringTables/Architecture_Data.csv] and root folder [C:/Program Files (x86)/Steam/steamapps/common/Satisfactory/FactoryGame/Content/Localization/StringTables]
[2026.06.12-12.51.14:010][  0]LogCSLocTools: Deriving CSV String Table ID: After removing root [Architecture_Data.csv]
[2026.06.12-12.51.14:010][  0]LogCSLocTools: Deriving CSV String Table ID: Final [Architecture_Data]
[2026.06.12-12.51.14:010][  0]LogCSLocTools: Registering CSV String Table Architecture_Data at Content/Localization/StringTables/Architecture_Data.csv
[2026.06.12-12.51.14:012][  0]LogCSLocTools: IterateDirectoryRecursively reached [../../../FactoryGame/Content/Localization/StringTables/AWESOME_Data.csv]
[2026.06.12-12.51.14:012][  0]LogCSLocTools: IterateDirectoryRecursively reached (FullPath) [C:/Program Files (x86)/Steam/steamapps/common/Satisfactory/FactoryGame/Content/Localization/StringTables/AWESOME_Data.csv]
[2026.06.12-12.51.14:012][  0]LogCSLocTools: Attempting to register CSV String Table with path [C:/Program Files (x86)/Steam/steamapps/common/Satisfactory/FactoryGame/Content/Localization/StringTables/AWESOME_Data.csv] and root folder [C:/Program Files (x86)/Steam/steamapps/common/Satisfactory/FactoryGame/Content/Localization/StringTables]
[2026.06.12-12.51.14:012][  0]LogCSLocTools: Deriving CSV String Table ID: After removing root [AWESOME_Data.csv]
[2026.06.12-12.51.14:012][  0]LogCSLocTools: Deriving CSV String Table ID: Final [AWESOME_Data]
[2026.06.12-12.51.14:012][  0]LogCSLocTools: Registering CSV String Table AWESOME_Data at Content/Localization/StringTables/AWESOME_Data.csv
[2026.06.12-12.51.14:012][  0]LogCSLocTools: IterateDirectoryRecursively reached [../../../FactoryGame/Content/Localization/StringTables/AWESOME_UI.csv]
[2026.06.12-12.51.14:012][  0]LogCSLocTools: IterateDirectoryRecursively reached (FullPath) [C:/Program Files (x86)/Steam/steamapps/common/Satisfactory/FactoryGame/Content/Localization/StringTables/AWESOME_UI.csv]
[2026.06.12-12.51.14:012][  0]LogCSLocTools: Attempting to register CSV String Table with path [C:/Program Files (x86)/Steam/steamapps/common/Satisfactory/FactoryGame/Content/Localization/StringTables/AWESOME_UI.csv] and root folder [C:/Program Files (x86)/Steam/steamapps/common/Satisfactory/FactoryGame/Content/Localization/StringTables]
[2026.06.12-12.51.14:012][  0]LogCSLocTools: Deriving CSV String Table ID: After removing root [AWESOME_UI.csv]
[2026.06.12-12.51.14:012][  0]LogCSLocTools: Deriving CSV String Table ID: Final [AWESOME_UI]
[2026.06.12-12.51.14:012][  0]LogCSLocTools: Registering CSV String Table AWESOME_UI at Content/Localization/StringTables/AWESOME_UI.csv
[2026.06.12-12.51.14:012][  0]LogCSLocTools: IterateDirectoryRecursively reached [../../../FactoryGame/Content/Localization/StringTables/Buildables_Data.csv]
[2026.06.12-12.51.14:012][  0]LogCSLocTools: IterateDirectoryRecursively reached (FullPath) [C:/Program Files (x86)/Steam/steamapps/common/Satisfactory/FactoryGame/Content/Localization/StringTables/Buildables_Data.csv]
[2026.06.12-12.51.14:012][  0]LogCSLocTools: Attempting to register CSV String Table with path [C:/Program Files (x86)/Steam/steamapps/common/Satisfactory/FactoryGame/Content/Localization/StringTables/Buildables_Data.csv] and root folder [C:/Program Files (x86)/Steam/steamapps/common/Satisfactory/FactoryGame/Content/Localization/StringTables]
[2026.06.12-12.51.14:012][  0]LogCSLocTools: Deriving CSV String Table ID: After removing root [Buildables_Data.csv]
[2026.06.12-12.51.14:012][  0]LogCSLocTools: Deriving CSV String Table ID: Final [Buildables_Data]
[2026.06.12-12.51.14:012][  0]LogCSLocTools: Registering CSV String Table Buildables_Data at Content/Localization/StringTables/Buildables_Data.csv
[2026.06.12-12.51.14:014][  0]LogCSLocTools: IterateDirectoryRecursively reached [../../../FactoryGame/Content/Localization/StringTables/Buildables_UI.csv]
[2026.06.12-12.51.14:014][  0]LogCSLocTools: IterateDirectoryRecursively reached (FullPath) [C:/Program Files (x86)/Steam/steamapps/common/Satisfactory/FactoryGame/Content/Localization/StringTables/Buildables_UI.csv]
[2026.06.12-12.51.14:014][  0]LogCSLocTools: Attempting to register CSV String Table with path [C:/Program Files (x86)/Steam/steamapps/common/Satisfactory/FactoryGame/Content/Localization/StringTables/Buildables_UI.csv] and root folder [C:/Program Files (x86)/Steam/steamapps/common/Satisfactory/FactoryGame/Content/Localization/StringTables]
[2026.06.12-12.51.14:014][  0]LogCSLocTools: Deriving CSV String Table ID: After removing root [Buildables_UI.csv]
[2026.06.12-12.51.14:014][  0]LogCSLocTools: Deriving CSV String Table ID: Final [Buildables_UI]
[2026.06.12-12.51.14:014][  0]LogCSLocTools: Registering CSV String Table Buildables_UI at Content/Localization/StringTables/Buildables_UI.csv
[2026.06.12-12.51.14:016][  0]LogCSLocTools: IterateDirectoryRecursively reached [../../../FactoryGame/Content/Localization/StringTables/Codex_UI.csv]
[2026.06.12-12.51.14:016][  0]LogCSLocTools: IterateDirectoryRecursively reached (FullPath) [C:/Program Files (x86)/Steam/steamapps/common/Satisfactory/FactoryGame/Content/Localization/StringTables/Codex_UI.csv]
[2026.06.12-12.51.14:016][  0]LogCSLocTools: Attempting to register CSV String Table with path [C:/Program Files (x86)/Steam/steamapps/common/Satisfactory/FactoryGame/Content/Localization/StringTables/Codex_UI.csv] and root folder [C:/Program Files (x86)/Steam/steamapps/common/Satisfactory/FactoryGame/Content/Localization/StringTables]
[2026.06.12-12.51.14:016][  0]LogCSLocTools: Deriving CSV String Table ID: After removing root [Codex_UI.csv]
[2026.06.12-12.51.14:016][  0]LogCSLocTools: Deriving CSV String Table ID: Final [Codex_UI]
[2026.06.12-12.51.14:016][  0]LogCSLocTools: Registering CSV String Table Codex_UI at Content/Localization/StringTables/Codex_UI.csv
[2026.06.12-12.51.14:016][  0]LogCSLocTools: IterateDirectoryRecursively reached [../../../FactoryGame/Content/Localization/StringTables/Credits_UI.csv]
[2026.06.12-12.51.14:016][  0]LogCSLocTools: IterateDirectoryRecursively reached (FullPath) [C:/Program Files (x86)/Steam/steamapps/common/Satisfactory/FactoryGame/Content/Localization/StringTables/Credits_UI.csv]
[2026.06.12-12.51.14:016][  0]LogCSLocTools: Attempting to register CSV String Table with path [C:/Program Files (x86)/Steam/steamapps/common/Satisfactory/FactoryGame/Content/Localization/StringTables/Credits_UI.csv] and root folder [C:/Program Files (x86)/Steam/steamapps/common/Satisfactory/FactoryGame/Content/Localization/StringTables]
[2026.06.12-12.51.14:016][  0]LogCSLocTools: Deriving CSV String Table ID: After removing root [Credits_UI.csv]
[2026.06.12-12.51.14:016][  0]LogCSLocTools: Deriving CSV String Table ID: Final [Credits_UI]
[2026.06.12-12.51.14:016][  0]LogCSLocTools: Registering CSV String Table Credits_UI at Content/Localization/StringTables/Credits_UI.csv
[2026.06.12-12.51.14:016][  0]LogCSLocTools: IterateDirectoryRecursively reached [../../../FactoryGame/Content/Localization/StringTables/Customization_Data.csv]
[2026.06.12-12.51.14:016][  0]LogCSLocTools: IterateDirectoryRecursively reached (FullPath) [C:/Program Files (x86)/Steam/steamapps/common/Satisfactory/FactoryGame/Content/Localization/StringTables/Customization_Data.csv]
[2026.06.12-12.51.14:016][  0]LogCSLocTools: Attempting to register CSV String Table with path [C:/Program Files (x86)/Steam/steamapps/common/Satisfactory/FactoryGame/Content/Localization/StringTables/Customization_Data.csv] and root folder [C:/Program Files (x86)/Steam/steamapps/common/Satisfactory/FactoryGame/Content/Localization/StringTables]
[2026.06.12-12.51.14:016][  0]LogCSLocTools: Deriving CSV String Table ID: After removing root [Customization_Data.csv]
[2026.06.12-12.51.14:016][  0]LogCSLocTools: Deriving CSV String Table ID: Final [Customization_Data]
[2026.06.12-12.51.14:016][  0]LogCSLocTools: Registering CSV String Table Customization_Data at Content/Localization/StringTables/Customization_Data.csv
[2026.06.12-12.51.14:017][  0]LogCSLocTools: IterateDirectoryRecursively reached [../../../FactoryGame/Content/Localization/StringTables/Customization_UI.csv]
[2026.06.12-12.51.14:017][  0]LogCSLocTools: IterateDirectoryRecursively reached (FullPath) [C:/Program Files (x86)/Steam/steamapps/common/Satisfactory/FactoryGame/Content/Localization/StringTables/Customization_UI.csv]
[2026.06.12-12.51.14:017][  0]LogCSLocTools: Attempting to register CSV String Table with path [C:/Program Files (x86)/Steam/steamapps/common/Satisfactory/FactoryGame/Content/Localization/StringTables/Customization_UI.csv] and root folder [C:/Program Files (x86)/Steam/steamapps/common/Satisfactory/FactoryGame/Content/Localization/StringTables]
[2026.06.12-12.51.14:017][  0]LogCSLocTools: Deriving CSV String Table ID: After removing root [Customization_UI.csv]
[2026.06.12-12.51.14:017][  0]LogCSLocTools: Deriving CSV String Table ID: Final [Customization_UI]
[2026.06.12-12.51.14:017][  0]LogCSLocTools: Registering CSV String Table Customization_UI at Content/Localization/StringTables/Customization_UI.csv
[2026.06.12-12.51.14:017][  0]LogCSLocTools: IterateDirectoryRecursively reached [../../../FactoryGame/Content/Localization/StringTables/Emotes_Data.csv]
[2026.06.12-12.51.14:017][  0]LogCSLocTools: IterateDirectoryRecursively reached (FullPath) [C:/Program Files (x86)/Steam/steamapps/common/Satisfactory/FactoryGame/Content/Localization/StringTables/Emotes_Data.csv]
[2026.06.12-12.51.14:017][  0]LogCSLocTools: Attempting to register CSV String Table with path [C:/Program Files (x86)/Steam/steamapps/common/Satisfactory/FactoryGame/Content/Localization/StringTables/Emotes_Data.csv] and root folder [C:/Program Files (x86)/Steam/steamapps/common/Satisfactory/FactoryGame/Content/Localization/StringTables]
[2026.06.12-12.51.14:017][  0]LogCSLocTools: Deriving CSV String Table ID: After removing root [Emotes_Data.csv]
[2026.06.12-12.51.14:017][  0]LogCSLocTools: Deriving CSV String Table ID: Final [Emotes_Data]
[2026.06.12-12.51.14:017][  0]LogCSLocTools: Registering CSV String Table Emotes_Data at Content/Localization/StringTables/Emotes_Data.csv
[2026.06.12-12.51.14:017][  0]LogCSLocTools: IterateDirectoryRecursively reached [../../../FactoryGame/Content/Localization/StringTables/Equipment_Data.csv]
[2026.06.12-12.51.14:017][  0]LogCSLocTools: IterateDirectoryRecursively reached (FullPath) [C:/Program Files (x86)/Steam/steamapps/common/Satisfactory/FactoryGame/Content/Localization/StringTables/Equipment_Data.csv]
[2026.06.12-12.51.14:017][  0]LogCSLocTools: Attempting to register CSV String Table with path [C:/Program Files (x86)/Steam/steamapps/common/Satisfactory/FactoryGame/Content/Localization/StringTables/Equipment_Data.csv] and root folder [C:/Program Files (x86)/Steam/steamapps/common/Satisfactory/FactoryGame/Content/Localization/StringTables]
[2026.06.12-12.51.14:017][  0]LogCSLocTools: Deriving CSV String Table ID: After removing root [Equipment_Data.csv]
[2026.06.12-12.51.14:017][  0]LogCSLocTools: Deriving CSV String Table ID: Final [Equipment_Data]
[2026.06.12-12.51.14:017][  0]LogCSLocTools: Registering CSV String Table Equipment_Data at Content/Localization/StringTables/Equipment_Data.csv
[2026.06.12-12.51.14:018][  0]LogCSLocTools: IterateDirectoryRecursively reached [../../../FactoryGame/Content/Localization/StringTables/FICSMAS_Data.csv]
[2026.06.12-12.51.14:018][  0]LogCSLocTools: IterateDirectoryRecursively reached (FullPath) [C:/Program Files (x86)/Steam/steamapps/common/Satisfactory/FactoryGame/Content/Localization/StringTables/FICSMAS_Data.csv]
[2026.06.12-12.51.14:018][  0]LogCSLocTools: Attempting to register CSV String Table with path [C:/Program Files (x86)/Steam/steamapps/common/Satisfactory/FactoryGame/Content/Localization/StringTables/FICSMAS_Data.csv] and root folder [C:/Program Files (x86)/Steam/steamapps/common/Satisfactory/FactoryGame/Content/Localization/StringTables]
[2026.06.12-12.51.14:018][  0]LogCSLocTools: Deriving CSV String Table ID: After removing root [FICSMAS_Data.csv]
[2026.06.12-12.51.14:018][  0]LogCSLocTools: Deriving CSV String Table ID: Final [FICSMAS_Data]
[2026.06.12-12.51.14:018][  0]LogCSLocTools: Registering CSV String Table FICSMAS_Data at Content/Localization/StringTables/FICSMAS_Data.csv
[2026.06.12-12.51.14:018][  0]LogCSLocTools: IterateDirectoryRecursively reached [../../../FactoryGame/Content/Localization/StringTables/FICSMAS_UI.csv]
[2026.06.12-12.51.14:018][  0]LogCSLocTools: IterateDirectoryRecursively reached (FullPath) [C:/Program Files (x86)/Steam/steamapps/common/Satisfactory/FactoryGame/Content/Localization/StringTables/FICSMAS_UI.csv]
[2026.06.12-12.51.14:018][  0]LogCSLocTools: Attempting to register CSV String Table with path [C:/Program Files (x86)/Steam/steamapps/common/Satisfactory/FactoryGame/Content/Localization/StringTables/FICSMAS_UI.csv] and root folder [C:/Program Files (x86)/Steam/steamapps/common/Satisfactory/FactoryGame/Content/Localization/StringTables]
[2026.06.12-12.51.14:018][  0]LogCSLocTools: Deriving CSV String Table ID: After removing root [FICSMAS_UI.csv]
[2026.06.12-12.51.14:018][  0]LogCSLocTools: Deriving CSV String Table ID: Final [FICSMAS_UI]
[2026.06.12-12.51.14:018][  0]LogCSLocTools: Registering CSV String Table FICSMAS_UI at Content/Localization/StringTables/FICSMAS_UI.csv
[2026.06.12-12.51.14:018][  0]LogCSLocTools: IterateDirectoryRecursively reached [../../../FactoryGame/Content/Localization/StringTables/Gamepads_UI.csv]
[2026.06.12-12.51.14:018][  0]LogCSLocTools: IterateDirectoryRecursively reached (FullPath) [C:/Program Files (x86)/Steam/steamapps/common/Satisfactory/FactoryGame/Content/Localization/StringTables/Gamepads_UI.csv]
[2026.06.12-12.51.14:018][  0]LogCSLocTools: Attempting to register CSV String Table with path [C:/Program Files (x86)/Steam/steamapps/common/Satisfactory/FactoryGame/Content/Localization/StringTables/Gamepads_UI.csv] and root folder [C:/Program Files (x86)/Steam/steamapps/common/Satisfactory/FactoryGame/Content/Localization/StringTables]
[2026.06.12-12.51.14:018][  0]LogCSLocTools: Deriving CSV String Table ID: After removing root [Gamepads_UI.csv]
[2026.06.12-12.51.14:018][  0]LogCSLocTools: Deriving CSV String Table ID: Final [Gamepads_UI]
[2026.06.12-12.51.14:018][  0]LogCSLocTools: Registering CSV String Table Gamepads_UI at Content/Localization/StringTables/Gamepads_UI.csv
[2026.06.12-12.51.14:019][  0]LogCSLocTools: IterateDirectoryRecursively reached [../../../FactoryGame/Content/Localization/StringTables/GamepadsMappings_UI.csv]
[2026.06.12-12.51.14:019][  0]LogCSLocTools: IterateDirectoryRecursively reached (FullPath) [C:/Program Files (x86)/Steam/steamapps/common/Satisfactory/FactoryGame/Content/Localization/StringTables/GamepadsMappings_UI.csv]
[2026.06.12-12.51.14:019][  0]LogCSLocTools: Attempting to register CSV String Table with path [C:/Program Files (x86)/Steam/steamapps/common/Satisfactory/FactoryGame/Content/Localization/StringTables/GamepadsMappings_UI.csv] and root folder [C:/Program Files (x86)/Steam/steamapps/common/Satisfactory/FactoryGame/Content/Localization/StringTables]
[2026.06.12-12.51.14:019][  0]LogCSLocTools: Deriving CSV String Table ID: After removing root [GamepadsMappings_UI.csv]
[2026.06.12-12.51.14:019][  0]LogCSLocTools: Deriving CSV String Table ID: Final [GamepadsMappings_UI]
[2026.06.12-12.51.14:019][  0]LogCSLocTools: Registering CSV String Table GamepadsMappings_UI at Content/Localization/StringTables/GamepadsMappings_UI.csv
[2026.06.12-12.51.14:019][  0]LogCSLocTools: IterateDirectoryRecursively reached [../../../FactoryGame/Content/Localization/StringTables/General_UI.csv]
[2026.06.12-12.51.14:019][  0]LogCSLocTools: IterateDirectoryRecursively reached (FullPath) [C:/Program Files (x86)/Steam/steamapps/common/Satisfactory/FactoryGame/Content/Localization/StringTables/General_UI.csv]
[2026.06.12-12.51.14:019][  0]LogCSLocTools: Attempting to register CSV String Table with path [C:/Program Files (x86)/Steam/steamapps/common/Satisfactory/FactoryGame/Content/Localization/StringTables/General_UI.csv] and root folder [C:/Program Files (x86)/Steam/steamapps/common/Satisfactory/FactoryGame/Content/Localization/StringTables]
[2026.06.12-12.51.14:019][  0]LogCSLocTools: Deriving CSV String Table ID: After removing root [General_UI.csv]
[2026.06.12-12.51.14:019][  0]LogCSLocTools: Deriving CSV String Table ID: Final [General_UI]
[2026.06.12-12.51.14:019][  0]LogCSLocTools: Registering CSV String Table General_UI at Content/Localization/StringTables/General_UI.csv
[2026.06.12-12.51.14:019][  0]LogCSLocTools: IterateDirectoryRecursively reached [../../../FactoryGame/Content/Localization/StringTables/HUB_UI.csv]
[2026.06.12-12.51.14:019][  0]LogCSLocTools: IterateDirectoryRecursively reached (FullPath) [C:/Program Files (x86)/Steam/steamapps/common/Satisfactory/FactoryGame/Content/Localization/StringTables/HUB_UI.csv]
[2026.06.12-12.51.14:019][  0]LogCSLocTools: Attempting to register CSV String Table with path [C:/Program Files (x86)/Steam/steamapps/common/Satisfactory/FactoryGame/Content/Localization/StringTables/HUB_UI.csv] and root folder [C:/Program Files (x86)/Steam/steamapps/common/Satisfactory/FactoryGame/Content/Localization/StringTables]
[2026.06.12-12.51.14:019][  0]LogCSLocTools: Deriving CSV String Table ID: After removing root [HUB_UI.csv]
[2026.06.12-12.51.14:019][  0]LogCSLocTools: Deriving CSV String Table ID: Final [HUB_UI]
[2026.06.12-12.51.14:019][  0]LogCSLocTools: Registering CSV String Table HUB_UI at Content/Localization/StringTables/HUB_UI.csv
[2026.06.12-12.51.14:020][  0]LogCSLocTools: IterateDirectoryRecursively reached [../../../FactoryGame/Content/Localization/StringTables/IconLibrary_Data.csv]
[2026.06.12-12.51.14:020][  0]LogCSLocTools: IterateDirectoryRecursively reached (FullPath) [C:/Program Files (x86)/Steam/steamapps/common/Satisfactory/FactoryGame/Content/Localization/StringTables/IconLibrary_Data.csv]
[2026.06.12-12.51.14:020][  0]LogCSLocTools: Attempting to register CSV String Table with path [C:/Program Files (x86)/Steam/steamapps/common/Satisfactory/FactoryGame/Content/Localization/StringTables/IconLibrary_Data.csv] and root folder [C:/Program Files (x86)/Steam/steamapps/common/Satisfactory/FactoryGame/Content/Localization/StringTables]
[2026.06.12-12.51.14:020][  0]LogCSLocTools: Deriving CSV String Table ID: After removing root [IconLibrary_Data.csv]
[2026.06.12-12.51.14:020][  0]LogCSLocTools: Deriving CSV String Table ID: Final [IconLibrary_Data]
[2026.06.12-12.51.14:020][  0]LogCSLocTools: Registering CSV String Table IconLibrary_Data at Content/Localization/StringTables/IconLibrary_Data.csv
[2026.06.12-12.51.14:020][  0]LogCSLocTools: IterateDirectoryRecursively reached [../../../FactoryGame/Content/Localization/StringTables/Items_Data.csv]
[2026.06.12-12.51.14:020][  0]LogCSLocTools: IterateDirectoryRecursively reached (FullPath) [C:/Program Files (x86)/Steam/steamapps/common/Satisfactory/FactoryGame/Content/Localization/StringTables/Items_Data.csv]
[2026.06.12-12.51.14:020][  0]LogCSLocTools: Attempting to register CSV String Table with path [C:/Program Files (x86)/Steam/steamapps/common/Satisfactory/FactoryGame/Content/Localization/StringTables/Items_Data.csv] and root folder [C:/Program Files (x86)/Steam/steamapps/common/Satisfactory/FactoryGame/Content/Localization/StringTables]
[2026.06.12-12.51.14:020][  0]LogCSLocTools: Deriving CSV String Table ID: After removing root [Items_Data.csv]
[2026.06.12-12.51.14:020][  0]LogCSLocTools: Deriving CSV String Table ID: Final [Items_Data]
[2026.06.12-12.51.14:020][  0]LogCSLocTools: Registering CSV String Table Items_Data at Content/Localization/StringTables/Items_Data.csv
[2026.06.12-12.51.14:021][  0]LogCSLocTools: IterateDirectoryRecursively reached [../../../FactoryGame/Content/Localization/StringTables/MAM_Data.csv]
[2026.06.12-12.51.14:021][  0]LogCSLocTools: IterateDirectoryRecursively reached (FullPath) [C:/Program Files (x86)/Steam/steamapps/common/Satisfactory/FactoryGame/Content/Localization/StringTables/MAM_Data.csv]
[2026.06.12-12.51.14:022][  0]LogCSLocTools: Attempting to register CSV String Table with path [C:/Program Files (x86)/Steam/steamapps/common/Satisfactory/FactoryGame/Content/Localization/StringTables/MAM_Data.csv] and root folder [C:/Program Files (x86)/Steam/steamapps/common/Satisfactory/FactoryGame/Content/Localization/StringTables]
[2026.06.12-12.51.14:022][  0]LogCSLocTools: Deriving CSV String Table ID: After removing root [MAM_Data.csv]
[2026.06.12-12.51.14:022][  0]LogCSLocTools: Deriving CSV String Table ID: Final [MAM_Data]
[2026.06.12-12.51.14:022][  0]LogCSLocTools: Registering CSV String Table MAM_Data at Content/Localization/StringTables/MAM_Data.csv
[2026.06.12-12.51.14:022][  0]LogCSLocTools: IterateDirectoryRecursively reached [../../../FactoryGame/Content/Localization/StringTables/MAM_UI.csv]
[2026.06.12-12.51.14:022][  0]LogCSLocTools: IterateDirectoryRecursively reached (FullPath) [C:/Program Files (x86)/Steam/steamapps/common/Satisfactory/FactoryGame/Content/Localization/StringTables/MAM_UI.csv]
[2026.06.12-12.51.14:022][  0]LogCSLocTools: Attempting to register CSV String Table with path [C:/Program Files (x86)/Steam/steamapps/common/Satisfactory/FactoryGame/Content/Localization/StringTables/MAM_UI.csv] and root folder [C:/Program Files (x86)/Steam/steamapps/common/Satisfactory/FactoryGame/Content/Localization/StringTables]
[2026.06.12-12.51.14:022][  0]LogCSLocTools: Deriving CSV String Table ID: After removing root [MAM_UI.csv]
[2026.06.12-12.51.14:022][  0]LogCSLocTools: Deriving CSV String Table ID: Final [MAM_UI]
[2026.06.12-12.51.14:022][  0]LogCSLocTools: Registering CSV String Table MAM_UI at Content/Localization/StringTables/MAM_UI.csv
[2026.06.12-12.51.14:022][  0]LogCSLocTools: IterateDirectoryRecursively reached [../../../FactoryGame/Content/Localization/StringTables/Map_UI.csv]
[2026.06.12-12.51.14:022][  0]LogCSLocTools: IterateDirectoryRecursively reached (FullPath) [C:/Program Files (x86)/Steam/steamapps/common/Satisfactory/FactoryGame/Content/Localization/StringTables/Map_UI.csv]
[2026.06.12-12.51.14:022][  0]LogCSLocTools: Attempting to register CSV String Table with path [C:/Program Files (x86)/Steam/steamapps/common/Satisfactory/FactoryGame/Content/Localization/StringTables/Map_UI.csv] and root folder [C:/Program Files (x86)/Steam/steamapps/common/Satisfactory/FactoryGame/Content/Localization/StringTables]
[2026.06.12-12.51.14:022][  0]LogCSLocTools: Deriving CSV String Table ID: After removing root [Map_UI.csv]
[2026.06.12-12.51.14:022][  0]LogCSLocTools: Deriving CSV String Table ID: Final [Map_UI]
[2026.06.12-12.51.14:022][  0]LogCSLocTools: Registering CSV String Table Map_UI at Content/Localization/StringTables/Map_UI.csv
[2026.06.12-12.51.14:023][  0]LogCSLocTools: IterateDirectoryRecursively reached [../../../FactoryGame/Content/Localization/StringTables/Menus_UI.csv]
[2026.06.12-12.51.14:023][  0]LogCSLocTools: IterateDirectoryRecursively reached (FullPath) [C:/Program Files (x86)/Steam/steamapps/common/Satisfactory/FactoryGame/Content/Localization/StringTables/Menus_UI.csv]
[2026.06.12-12.51.14:023][  0]LogCSLocTools: Attempting to register CSV String Table with path [C:/Program Files (x86)/Steam/steamapps/common/Satisfactory/FactoryGame/Content/Localization/StringTables/Menus_UI.csv] and root folder [C:/Program Files (x86)/Steam/steamapps/common/Satisfactory/FactoryGame/Content/Localization/StringTables]
[2026.06.12-12.51.14:023][  0]LogCSLocTools: Deriving CSV String Table ID: After removing root [Menus_UI.csv]
[2026.06.12-12.51.14:023][  0]LogCSLocTools: Deriving CSV String Table ID: Final [Menus_UI]
[2026.06.12-12.51.14:023][  0]LogCSLocTools: Registering CSV String Table Menus_UI at Content/Localization/StringTables/Menus_UI.csv
[2026.06.12-12.51.14:025][  0]LogCSLocTools: IterateDirectoryRecursively reached [../../../FactoryGame/Content/Localization/StringTables/Messages_UI.csv]
[2026.06.12-12.51.14:025][  0]LogCSLocTools: IterateDirectoryRecursively reached (FullPath) [C:/Program Files (x86)/Steam/steamapps/common/Satisfactory/FactoryGame/Content/Localization/StringTables/Messages_UI.csv]
[2026.06.12-12.51.14:025][  0]LogCSLocTools: Attempting to register CSV String Table with path [C:/Program Files (x86)/Steam/steamapps/common/Satisfactory/FactoryGame/Content/Localization/StringTables/Messages_UI.csv] and root folder [C:/Program Files (x86)/Steam/steamapps/common/Satisfactory/FactoryGame/Content/Localization/StringTables]
[2026.06.12-12.51.14:025][  0]LogCSLocTools: Deriving CSV String Table ID: After removing root [Messages_UI.csv]
[2026.06.12-12.51.14:025][  0]LogCSLocTools: Deriving CSV String Table ID: Final [Messages_UI]
[2026.06.12-12.51.14:025][  0]LogCSLocTools: Registering CSV String Table Messages_UI at Content/Localization/StringTables/Messages_UI.csv
[2026.06.12-12.51.14:026][  0]LogCSLocTools: IterateDirectoryRecursively reached [../../../FactoryGame/Content/Localization/StringTables/Minigame_UI.csv]
[2026.06.12-12.51.14:026][  0]LogCSLocTools: IterateDirectoryRecursively reached (FullPath) [C:/Program Files (x86)/Steam/steamapps/common/Satisfactory/FactoryGame/Content/Localization/StringTables/Minigame_UI.csv]
[2026.06.12-12.51.14:026][  0]LogCSLocTools: Attempting to register CSV String Table with path [C:/Program Files (x86)/Steam/steamapps/common/Satisfactory/FactoryGame/Content/Localization/StringTables/Minigame_UI.csv] and root folder [C:/Program Files (x86)/Steam/steamapps/common/Satisfactory/FactoryGame/Content/Localization/StringTables]
[2026.06.12-12.51.14:026][  0]LogCSLocTools: Deriving CSV String Table ID: After removing root [Minigame_UI.csv]
[2026.06.12-12.51.14:026][  0]LogCSLocTools: Deriving CSV String Table ID: Final [Minigame_UI]
[2026.06.12-12.51.14:026][  0]LogCSLocTools: Registering CSV String Table Minigame_UI at Content/Localization/StringTables/Minigame_UI.csv
[2026.06.12-12.51.14:026][  0]LogCSLocTools: IterateDirectoryRecursively reached [../../../FactoryGame/Content/Localization/StringTables/Onboarding.csv]
[2026.06.12-12.51.14:026][  0]LogCSLocTools: IterateDirectoryRecursively reached (FullPath) [C:/Program Files (x86)/Steam/steamapps/common/Satisfactory/FactoryGame/Content/Localization/StringTables/Onboarding.csv]
[2026.06.12-12.51.14:026][  0]LogCSLocTools: Attempting to register CSV String Table with path [C:/Program Files (x86)/Steam/steamapps/common/Satisfactory/FactoryGame/Content/Localization/StringTables/Onboarding.csv] and root folder [C:/Program Files (x86)/Steam/steamapps/common/Satisfactory/FactoryGame/Content/Localization/StringTables]
[2026.06.12-12.51.14:026][  0]LogCSLocTools: Deriving CSV String Table ID: After removing root [Onboarding.csv]
[2026.06.12-12.51.14:026][  0]LogCSLocTools: Deriving CSV String Table ID: Final [Onboarding]
[2026.06.12-12.51.14:026][  0]LogCSLocTools: Registering CSV String Table Onboarding at Content/Localization/StringTables/Onboarding.csv
[2026.06.12-12.51.14:026][  0]LogCSLocTools: IterateDirectoryRecursively reached [../../../FactoryGame/Content/Localization/StringTables/Options_Data.csv]
[2026.06.12-12.51.14:026][  0]LogCSLocTools: IterateDirectoryRecursively reached (FullPath) [C:/Program Files (x86)/Steam/steamapps/common/Satisfactory/FactoryGame/Content/Localization/StringTables/Options_Data.csv]
[2026.06.12-12.51.14:026][  0]LogCSLocTools: Attempting to register CSV String Table with path [C:/Program Files (x86)/Steam/steamapps/common/Satisfactory/FactoryGame/Content/Localization/StringTables/Options_Data.csv] and root folder [C:/Program Files (x86)/Steam/steamapps/common/Satisfactory/FactoryGame/Content/Localization/StringTables]
[2026.06.12-12.51.14:026][  0]LogCSLocTools: Deriving CSV String Table ID: After removing root [Options_Data.csv]
[2026.06.12-12.51.14:026][  0]LogCSLocTools: Deriving CSV String Table ID: Final [Options_Data]
[2026.06.12-12.51.14:026][  0]LogCSLocTools: Registering CSV String Table Options_Data at Content/Localization/StringTables/Options_Data.csv
[2026.06.12-12.51.14:029][  0]LogCSLocTools: IterateDirectoryRecursively reached [../../../FactoryGame/Content/Localization/StringTables/OptionsInputs_Data.csv]
[2026.06.12-12.51.14:029][  0]LogCSLocTools: IterateDirectoryRecursively reached (FullPath) [C:/Program Files (x86)/Steam/steamapps/common/Satisfactory/FactoryGame/Content/Localization/StringTables/OptionsInputs_Data.csv]
[2026.06.12-12.51.14:029][  0]LogCSLocTools: Attempting to register CSV String Table with path [C:/Program Files (x86)/Steam/steamapps/common/Satisfactory/FactoryGame/Content/Localization/StringTables/OptionsInputs_Data.csv] and root folder [C:/Program Files (x86)/Steam/steamapps/common/Satisfactory/FactoryGame/Content/Localization/StringTables]
[2026.06.12-12.51.14:029][  0]LogCSLocTools: Deriving CSV String Table ID: After removing root [OptionsInputs_Data.csv]
[2026.06.12-12.51.14:029][  0]LogCSLocTools: Deriving CSV String Table ID: Final [OptionsInputs_Data]
[2026.06.12-12.51.14:029][  0]LogCSLocTools: Registering CSV String Table OptionsInputs_Data at Content/Localization/StringTables/OptionsInputs_Data.csv
[2026.06.12-12.51.14:030][  0]LogCSLocTools: IterateDirectoryRecursively reached [../../../FactoryGame/Content/Localization/StringTables/Player_UI.csv]
[2026.06.12-12.51.14:030][  0]LogCSLocTools: IterateDirectoryRecursively reached (FullPath) [C:/Program Files (x86)/Steam/steamapps/common/Satisfactory/FactoryGame/Content/Localization/StringTables/Player_UI.csv]
[2026.06.12-12.51.14:030][  0]LogCSLocTools: Attempting to register CSV String Table with path [C:/Program Files (x86)/Steam/steamapps/common/Satisfactory/FactoryGame/Content/Localization/StringTables/Player_UI.csv] and root folder [C:/Program Files (x86)/Steam/steamapps/common/Satisfactory/FactoryGame/Content/Localization/StringTables]
[2026.06.12-12.51.14:030][  0]LogCSLocTools: Deriving CSV String Table ID: After removing root [Player_UI.csv]
[2026.06.12-12.51.14:030][  0]LogCSLocTools: Deriving CSV String Table ID: Final [Player_UI]
[2026.06.12-12.51.14:030][  0]LogCSLocTools: Registering CSV String Table Player_UI at Content/Localization/StringTables/Player_UI.csv
[2026.06.12-12.51.14:031][  0]LogCSLocTools: IterateDirectoryRecursively reached [../../../FactoryGame/Content/Localization/StringTables/Schematics_Data.csv]
[2026.06.12-12.51.14:031][  0]LogCSLocTools: IterateDirectoryRecursively reached (FullPath) [C:/Program Files (x86)/Steam/steamapps/common/Satisfactory/FactoryGame/Content/Localization/StringTables/Schematics_Data.csv]
[2026.06.12-12.51.14:031][  0]LogCSLocTools: Attempting to register CSV String Table with path [C:/Program Files (x86)/Steam/steamapps/common/Satisfactory/FactoryGame/Content/Localization/StringTables/Schematics_Data.csv] and root folder [C:/Program Files (x86)/Steam/steamapps/common/Satisfactory/FactoryGame/Content/Localization/StringTables]
[2026.06.12-12.51.14:031][  0]LogCSLocTools: Deriving CSV String Table ID: After removing root [Schematics_Data.csv]
[2026.06.12-12.51.14:031][  0]LogCSLocTools: Deriving CSV String Table ID: Final [Schematics_Data]
[2026.06.12-12.51.14:031][  0]LogCSLocTools: Registering CSV String Table Schematics_Data at Content/Localization/StringTables/Schematics_Data.csv
[2026.06.12-12.51.14:031][  0]LogCSLocTools: IterateDirectoryRecursively reached [../../../FactoryGame/Content/Localization/StringTables/Transportation_UI.csv]
[2026.06.12-12.51.14:031][  0]LogCSLocTools: IterateDirectoryRecursively reached (FullPath) [C:/Program Files (x86)/Steam/steamapps/common/Satisfactory/FactoryGame/Content/Localization/StringTables/Transportation_UI.csv]
[2026.06.12-12.51.14:031][  0]LogCSLocTools: Attempting to register CSV String Table with path [C:/Program Files (x86)/Steam/steamapps/common/Satisfactory/FactoryGame/Content/Localization/StringTables/Transportation_UI.csv] and root folder [C:/Program Files (x86)/Steam/steamapps/common/Satisfactory/FactoryGame/Content/Localization/StringTables]
[2026.06.12-12.51.14:031][  0]LogCSLocTools: Deriving CSV String Table ID: After removing root [Transportation_UI.csv]
[2026.06.12-12.51.14:031][  0]LogCSLocTools: Deriving CSV String Table ID: Final [Transportation_UI]
[2026.06.12-12.51.14:031][  0]LogCSLocTools: Registering CSV String Table Transportation_UI at Content/Localization/StringTables/Transportation_UI.csv
[2026.06.12-12.51.14:033][  0]LogCSLocTools: IterateDirectoryRecursively reached [../../../FactoryGame/Content/Localization/StringTables/Units_UI.csv]
[2026.06.12-12.51.14:033][  0]LogCSLocTools: IterateDirectoryRecursively reached (FullPath) [C:/Program Files (x86)/Steam/steamapps/common/Satisfactory/FactoryGame/Content/Localization/StringTables/Units_UI.csv]
[2026.06.12-12.51.14:033][  0]LogCSLocTools: Attempting to register CSV String Table with path [C:/Program Files (x86)/Steam/steamapps/common/Satisfactory/FactoryGame/Content/Localization/StringTables/Units_UI.csv] and root folder [C:/Program Files (x86)/Steam/steamapps/common/Satisfactory/FactoryGame/Content/Localization/StringTables]
[2026.06.12-12.51.14:033][  0]LogCSLocTools: Deriving CSV String Table ID: After removing root [Units_UI.csv]
[2026.06.12-12.51.14:033][  0]LogCSLocTools: Deriving CSV String Table ID: Final [Units_UI]
[2026.06.12-12.51.14:033][  0]LogCSLocTools: Registering CSV String Table Units_UI at Content/Localization/StringTables/Units_UI.csv
[2026.06.12-12.51.14:033][  0]LogCSLocTools: IterateDirectoryRecursively reached [../../../FactoryGame/Content/Localization/StringTables/World_Data.csv]
[2026.06.12-12.51.14:033][  0]LogCSLocTools: IterateDirectoryRecursively reached (FullPath) [C:/Program Files (x86)/Steam/steamapps/common/Satisfactory/FactoryGame/Content/Localization/StringTables/World_Data.csv]
[2026.06.12-12.51.14:033][  0]LogCSLocTools: Attempting to register CSV String Table with path [C:/Program Files (x86)/Steam/steamapps/common/Satisfactory/FactoryGame/Content/Localization/StringTables/World_Data.csv] and root folder [C:/Program Files (x86)/Steam/steamapps/common/Satisfactory/FactoryGame/Content/Localization/StringTables]
[2026.06.12-12.51.14:033][  0]LogCSLocTools: Deriving CSV String Table ID: After removing root [World_Data.csv]
[2026.06.12-12.51.14:033][  0]LogCSLocTools: Deriving CSV String Table ID: Final [World_Data]
[2026.06.12-12.51.14:033][  0]LogCSLocTools: Registering CSV String Table World_Data at Content/Localization/StringTables/World_Data.csv
[2026.06.12-12.51.14:159][  0]LogSockets: SteamSockets: Initializing Network Relay
[2026.06.12-12.51.14:164][  0]LogNativeHookManager: Display: Size of member pointer is 16
[2026.06.12-12.51.14:164][  0]LogNativeHookManager: Display: Attempting to discover UFGWorkBench::SetRecipe at 00007FFFA6AA88B0
[2026.06.12-12.51.14:164][  0]LogNativeHookManager: Display: Hooking function UFGWorkBench::SetRecipe: Provided address: 00007FFFA6AA88B0, resolved address: 00007FFFA6AA88B0
[2026.06.12-12.51.14:164][  0]LogNativeHookManager: Display: Overriding UFGWorkBench::SetRecipe at 00007FFFA6AA88B0 to 00007FFFA5E044E0
[2026.06.12-12.51.14:167][  0]LogNativeHookManager: Display: Successfully hooked function UFGWorkBench::SetRecipe at 00007FFFA6AA88B0
[2026.06.12-12.51.14:167][  0]LogNativeHookManager: Display: Size of member pointer is 16
[2026.06.12-12.51.14:167][  0]LogNativeHookManager: Display: Attempting to discover UFGWorkBench::SetWorkBenchUser at 00007FFFA6AA8F00
[2026.06.12-12.51.14:167][  0]LogNativeHookManager: Display: Hooking function UFGWorkBench::SetWorkBenchUser: Provided address: 00007FFFA6AA8F00, resolved address: 00007FFFA6AA8F00
[2026.06.12-12.51.14:167][  0]LogNativeHookManager: Display: Overriding UFGWorkBench::SetWorkBenchUser at 00007FFFA6AA8F00 to 00007FFFA5E04300
[2026.06.12-12.51.14:167][  0]LogNativeHookManager: Display: Successfully hooked function UFGWorkBench::SetWorkBenchUser at 00007FFFA6AA8F00
[2026.06.12-12.51.14:167][  0]LogNativeHookManager: Display: Size of member pointer is 16
[2026.06.12-12.51.14:167][  0]LogNativeHookManager: Display: Attempting to discover UFGWorkBench::TickProducing at 00007FFFA6AAD530
[2026.06.12-12.51.14:167][  0]LogNativeHookManager: Display: Hooking function UFGWorkBench::TickProducing: Provided address: 00007FFFA6AAD530, resolved address: 00007FFFA6AAD530
[2026.06.12-12.51.14:167][  0]LogNativeHookManager: Display: Overriding UFGWorkBench::TickProducing at 00007FFFA6AAD530 to 00007FFFA5E04110
[2026.06.12-12.51.14:167][  0]LogNativeHookManager: Display: Successfully hooked function UFGWorkBench::TickProducing at 00007FFFA6AAD530
[2026.06.12-12.51.14:168][  0]LogNativeHookManager: Display: Size of member pointer is 16
[2026.06.12-12.51.14:168][  0]LogNativeHookManager: Display: Attempting to discover AFGScannableSubsystem::OnDropPodLooted at 00007FFFA6A16690
[2026.06.12-12.51.14:168][  0]LogNativeHookManager: Display: Hooking function AFGScannableSubsystem::OnDropPodLooted: Provided address: 00007FFFA6A16690, resolved address: 00007FFFA6A16690
[2026.06.12-12.51.14:168][  0]LogNativeHookManager: Display: Overriding AFGScannableSubsystem::OnDropPodLooted at 00007FFFA6A16690 to 00007FFFA5D73FD0
[2026.06.12-12.51.14:168][  0]LogNativeHookManager: Display: Successfully hooked function AFGScannableSubsystem::OnDropPodLooted at 00007FFFA6A16690
[2026.06.12-12.51.14:168][  0]LogNativeHookManager: Display: Attempting to discover UFGBuildDescriptor::GetHologramClass at 00007FFFA6BAC3E0
[2026.06.12-12.51.14:168][  0]LogNativeHookManager: Display: Hooking function UFGBuildDescriptor::GetHologramClass: Provided address: 00007FFFA6BAC3E0, resolved address: 00007FFFA6BAC3E0
[2026.06.12-12.51.14:169][  0]LogNativeHookManager: Display: Overriding UFGBuildDescriptor::GetHologramClass at 00007FFFA6BAC3E0 to 00007FFFA5D2BFC0
[2026.06.12-12.51.14:169][  0]LogNativeHookManager: Display: Successfully hooked function UFGBuildDescriptor::GetHologramClass at 00007FFFA6BAC3E0
[2026.06.12-12.51.14:169][  0]LogNativeHookManager: Display: Size of member pointer is 16
[2026.06.12-12.51.14:169][  0]LogNativeHookManager: Display: Attempting to discover AFGHologram::LockHologramPosition at 00007FFFA6B26310
[2026.06.12-12.51.14:169][  0]LogNativeHookManager: Display: Hooking function AFGHologram::LockHologramPosition: Provided address: 00007FFFA6B26310, resolved address: 00007FFFA6B26310
[2026.06.12-12.51.14:169][  0]LogNativeHookManager: Display: Overriding AFGHologram::LockHologramPosition at 00007FFFA6B26310 to 00007FFFA5D2D150
[2026.06.12-12.51.14:169][  0]LogNativeHookManager: Display: Successfully hooked function AFGHologram::LockHologramPosition at 00007FFFA6B26310
[2026.06.12-12.51.14:169][  0]LogNativeHookManager: Display: Size of member pointer is 16
[2026.06.12-12.51.14:169][  0]LogNativeHookManager: Display: Attempting to discover AFGHologram::GetNudgeDistance at 00007FFFA5D2A4C8
[2026.06.12-12.51.14:169][  0]LogNativeHookManager: Display: Attempting to resolve virtual function AFGHologram::GetNudgeDistance. This adjustment: 0x0, virtual function table offset: 0x8f0
[2026.06.12-12.51.14:169][  0]LogNativeHookManager: Display: Successfully resolved virtual function thunk AFGHologram::GetNudgeDistance at 00007FFFA5D2A4C8 to function implementation at 00007FFFA6B21430
[2026.06.12-12.51.14:169][  0]LogNativeHookManager: Display: Hooking function AFGHologram::GetNudgeDistance: Provided address: 00007FFFA5D2A4C8, resolved address: 00007FFFA6B21430
[2026.06.12-12.51.14:169][  0]LogNativeHookManager: Display: Overriding AFGHologram::GetNudgeDistance at 00007FFFA6B21430 to 00007FFFA5D2C970
[2026.06.12-12.51.14:169][  0]LogNativeHookManager: Display: Successfully hooked function AFGHologram::GetNudgeDistance at 00007FFFA6B21430
[2026.06.12-12.51.14:169][  0]LogNativeHookManager: Display: Size of member pointer is 16
[2026.06.12-12.51.14:169][  0]LogNativeHookManager: Display: Attempting to discover AFGConveyorLiftHologram::CanNudgeHologram at 00007FFFA5D2A4B0
[2026.06.12-12.51.14:169][  0]LogNativeHookManager: Display: Attempting to resolve virtual function AFGConveyorLiftHologram::CanNudgeHologram. This adjustment: 0x0, virtual function table offset: 0x8e0
[2026.06.12-12.51.14:169][  0]LogNativeHookManager: Display: Successfully resolved virtual function thunk AFGConveyorLiftHologram::CanNudgeHologram at 00007FFFA5D2A4B0 to function implementation at 00007FFFA6AC5830
[2026.06.12-12.51.14:169][  0]LogNativeHookManager: Display: Hooking function AFGConveyorLiftHologram::CanNudgeHologram: Provided address: 00007FFFA5D2A4B0, resolved address: 00007FFFA6AC5830
[2026.06.12-12.51.14:169][  0]LogNativeHookManager: Display: Overriding AFGConveyorLiftHologram::CanNudgeHologram at 00007FFFA6AC5830 to 00007FFFA5D2C680
[2026.06.12-12.51.14:169][  0]LogNativeHookManager: Display: Successfully hooked function AFGConveyorLiftHologram::CanNudgeHologram at 00007FFFA6AC5830
[2026.06.12-12.51.14:169][  0]LogNativeHookManager: Display: Size of member pointer is 16
[2026.06.12-12.51.14:169][  0]LogNativeHookManager: Display: Attempting to discover AFGConveyorAttachmentHologram::CanNudgeHologram at 00007FFFA5D2A4B0
[2026.06.12-12.51.14:169][  0]LogNativeHookManager: Display: Attempting to resolve virtual function AFGConveyorAttachmentHologram::CanNudgeHologram. This adjustment: 0x0, virtual function table offset: 0x8e0
[2026.06.12-12.51.14:169][  0]LogNativeHookManager: Display: Successfully resolved virtual function thunk AFGConveyorAttachmentHologram::CanNudgeHologram at 00007FFFA5D2A4B0 to function implementation at 00007FFFA6AC57F0
[2026.06.12-12.51.14:169][  0]LogNativeHookManager: Display: Hooking function AFGConveyorAttachmentHologram::CanNudgeHologram: Provided address: 00007FFFA5D2A4B0, resolved address: 00007FFFA6AC57F0
[2026.06.12-12.51.14:169][  0]LogNativeHookManager: Display: Overriding AFGConveyorAttachmentHologram::CanNudgeHologram at 00007FFFA6AC57F0 to 00007FFFA5D2C390
[2026.06.12-12.51.14:169][  0]LogNativeHookManager: Display: Successfully hooked function AFGConveyorAttachmentHologram::CanNudgeHologram at 00007FFFA6AC57F0
[2026.06.12-12.51.14:169][  0]LogNativeHookManager: Display: Size of member pointer is 16
[2026.06.12-12.51.14:169][  0]LogNativeHookManager: Display: Attempting to discover AFGPipeAttachmentHologram::CanNudgeHologram at 00007FFFA5D2A4B0
[2026.06.12-12.51.14:169][  0]LogNativeHookManager: Display: Attempting to resolve virtual function AFGPipeAttachmentHologram::CanNudgeHologram. This adjustment: 0x0, virtual function table offset: 0x8e0
[2026.06.12-12.51.14:170][  0]LogNativeHookManager: Display: Successfully resolved virtual function thunk AFGPipeAttachmentHologram::CanNudgeHologram at 00007FFFA5D2A4B0 to function implementation at 00007FFFA6B158D0
[2026.06.12-12.51.14:170][  0]LogNativeHookManager: Display: Hooking function AFGPipeAttachmentHologram::CanNudgeHologram: Provided address: 00007FFFA5D2A4B0, resolved address: 00007FFFA6B158D0
[2026.06.12-12.51.14:170][  0]LogNativeHookManager: Display: Overriding AFGPipeAttachmentHologram::CanNudgeHologram at 00007FFFA6B158D0 to 00007FFFA5D2CC80
[2026.06.12-12.51.14:170][  0]LogNativeHookManager: Display: Successfully hooked function AFGPipeAttachmentHologram::CanNudgeHologram at 00007FFFA6B158D0
[2026.06.12-12.51.14:170][  0]LogNativeHookManager: Display: Size of member pointer is 16
[2026.06.12-12.51.14:170][  0]LogNativeHookManager: Display: Attempting to discover AFGHologram::Scroll at 00007FFFA5D2A4BC
[2026.06.12-12.51.14:170][  0]LogNativeHookManager: Display: Attempting to resolve virtual function AFGHologram::Scroll. This adjustment: 0x0, virtual function table offset: 0x7f0
[2026.06.12-12.51.14:170][  0]LogNativeHookManager: Display: Successfully resolved virtual function thunk AFGHologram::Scroll at 00007FFFA5D2A4BC to function implementation at 00007FFFA6B2A990
[2026.06.12-12.51.14:170][  0]LogNativeHookManager: Display: Hooking function AFGHologram::Scroll: Provided address: 00007FFFA5D2A4BC, resolved address: 00007FFFA6B2A990
[2026.06.12-12.51.14:170][  0]LogNativeHookManager: Display: Overriding AFGHologram::Scroll at 00007FFFA6B2A990 to 00007FFFA5D2CF70
[2026.06.12-12.51.14:170][  0]LogNativeHookManager: Display: Successfully hooked function AFGHologram::Scroll at 00007FFFA6B2A990
[2026.06.12-12.51.14:170][  0]LogNativeHookManager: Display: Size of member pointer is 16
[2026.06.12-12.51.14:170][  0]LogNativeHookManager: Display: Attempting to discover AFGRailroadSignalHologram::ConfigureActor at 00007FFFA5D2A4D4
[2026.06.12-12.51.14:170][  0]LogNativeHookManager: Display: Attempting to resolve virtual function AFGRailroadSignalHologram::ConfigureActor. This adjustment: 0x0, virtual function table offset: 0xa30
[2026.06.12-12.51.14:170][  0]LogNativeHookManager: Display: Successfully resolved virtual function thunk AFGRailroadSignalHologram::ConfigureActor at 00007FFFA5D2A4D4 to function implementation at 00007FFFA6B18950
[2026.06.12-12.51.14:170][  0]LogNativeHookManager: Display: Hooking function AFGRailroadSignalHologram::ConfigureActor: Provided address: 00007FFFA5D2A4D4, resolved address: 00007FFFA6B18950
[2026.06.12-12.51.14:170][  0]LogNativeHookManager: Display: Overriding AFGRailroadSignalHologram::ConfigureActor at 00007FFFA6B18950 to 00007FFFA5D2D330
[2026.06.12-12.51.14:170][  0]LogNativeHookManager: Display: Successfully hooked function AFGRailroadSignalHologram::ConfigureActor at 00007FFFA6B18950
[2026.06.12-12.51.14:170][  0]LogNativeHookManager: Display: Size of member pointer is 16
[2026.06.12-12.51.14:170][  0]LogNativeHookManager: Display: Attempting to discover AFGBuildableHologram::ConfigureActor at 00007FFFA5CC8970
[2026.06.12-12.51.14:170][  0]LogNativeHookManager: Display: Attempting to resolve virtual function AFGBuildableHologram::ConfigureActor. This adjustment: 0x0, virtual function table offset: 0xa30
[2026.06.12-12.51.14:170][  0]LogNativeHookManager: Display: Successfully resolved virtual function thunk AFGBuildableHologram::ConfigureActor at 00007FFFA5CC8970 to function implementation at 00007FFFA6AC6D80
[2026.06.12-12.51.14:170][  0]LogNativeHookManager: Display: Hooking function AFGBuildableHologram::ConfigureActor: Provided address: 00007FFFA5CC8970, resolved address: 00007FFFA6AC6D80
[2026.06.12-12.51.14:170][  0]LogNativeHookManager: Display: Overriding AFGBuildableHologram::ConfigureActor at 00007FFFA6AC6D80 to 00007FFFA5CCABA0
[2026.06.12-12.51.14:170][  0]LogNativeHookManager: Display: Successfully hooked function AFGBuildableHologram::ConfigureActor at 00007FFFA6AC6D80
[2026.06.12-12.51.14:170][  0]LogNativeHookManager: Display: Size of member pointer is 16
[2026.06.12-12.51.14:170][  0]LogNativeHookManager: Display: Attempting to discover AFGBuildableHologram::OnRep_DesiredZoop at 00007FFFA6ADFB50
[2026.06.12-12.51.14:170][  0]LogNativeHookManager: Display: Hooking function AFGBuildableHologram::OnRep_DesiredZoop: Provided address: 00007FFFA6ADFB50, resolved address: 00007FFFA6ADFB50
[2026.06.12-12.51.14:170][  0]LogNativeHookManager: Display: Overriding AFGBuildableHologram::OnRep_DesiredZoop at 00007FFFA6ADFB50 to 00007FFFA5CCA9E0
[2026.06.12-12.51.14:170][  0]LogNativeHookManager: Display: Successfully hooked function AFGBuildableHologram::OnRep_DesiredZoop at 00007FFFA6ADFB50
[2026.06.12-12.51.14:170][  0]LogNativeHookManager: Display: Size of member pointer is 16
[2026.06.12-12.51.14:170][  0]LogNativeHookManager: Display: Attempting to discover AFGBuildableHologram::SetZoopAmount at 00007FFFA6AE7AC0
[2026.06.12-12.51.14:171][  0]LogNativeHookManager: Display: Hooking function AFGBuildableHologram::SetZoopAmount: Provided address: 00007FFFA6AE7AC0, resolved address: 00007FFFA6AE7AC0
[2026.06.12-12.51.14:171][  0]LogNativeHookManager: Display: Overriding AFGBuildableHologram::SetZoopAmount at 00007FFFA6AE7AC0 to 00007FFFA5CCA810
[2026.06.12-12.51.14:171][  0]LogNativeHookManager: Display: Successfully hooked function AFGBuildableHologram::SetZoopAmount at 00007FFFA6AE7AC0
[2026.06.12-12.51.14:171][  0]LogNativeHookManager: Display: Size of member pointer is 8
[2026.06.12-12.51.14:171][  0]LogNativeHookManager: Display: Attempting to discover UFGBuildGunStateBuild::OnZoopUpdated at 00007FFFA627C130
[2026.06.12-12.51.14:171][  0]LogNativeHookManager: Display: Hooking function UFGBuildGunStateBuild::OnZoopUpdated: Provided address: 00007FFFA627C130, resolved address: 00007FFFA627C130
[2026.06.12-12.51.14:171][  0]LogNativeHookManager: Display: Overriding UFGBuildGunStateBuild::OnZoopUpdated at 00007FFFA627C130 to 00007FFFA5CCB850
[2026.06.12-12.51.14:171][  0]LogNativeHookManager: Display: Successfully hooked function UFGBuildGunStateBuild::OnZoopUpdated at 00007FFFA627C130
[2026.06.12-12.51.14:171][  0]LogNativeHookManager: Display: Size of member pointer is 8
[2026.06.12-12.51.14:171][  0]LogNativeHookManager: Display: Attempting to discover UFGBuildGunState::SecondaryFire at 00007FFFA627C340
[2026.06.12-12.51.14:171][  0]LogNativeHookManager: Display: Hooking function UFGBuildGunState::SecondaryFire: Provided address: 00007FFFA627C340, resolved address: 00007FFFA627C340
[2026.06.12-12.51.14:171][  0]LogNativeHookManager: Display: Overriding UFGBuildGunState::SecondaryFire at 00007FFFA627C340 to 00007FFFA5CCB690
[2026.06.12-12.51.14:171][  0]LogNativeHookManager: Display: Successfully hooked function UFGBuildGunState::SecondaryFire at 00007FFFA627C340
[2026.06.12-12.51.14:171][  0]LogNativeHookManager: Display: Size of member pointer is 16
[2026.06.12-12.51.14:171][  0]LogNativeHookManager: Display: Attempting to discover AFGBuildableHologram::GetBaseCostMultiplier at 00007FFFA5CC8964
[2026.06.12-12.51.14:171][  0]LogNativeHookManager: Display: Attempting to resolve virtual function AFGBuildableHologram::GetBaseCostMultiplier. This adjustment: 0x0, virtual function table offset: 0x888
[2026.06.12-12.51.14:171][  0]LogNativeHookManager: Display: Successfully resolved virtual function thunk AFGBuildableHologram::GetBaseCostMultiplier at 00007FFFA5CC8964 to function implementation at 00007FFFA6AD89B0
[2026.06.12-12.51.14:171][  0]LogNativeHookManager: Display: Hooking function AFGBuildableHologram::GetBaseCostMultiplier: Provided address: 00007FFFA5CC8964, resolved address: 00007FFFA6AD89B0
[2026.06.12-12.51.14:171][  0]LogNativeHookManager: Display: Overriding AFGBuildableHologram::GetBaseCostMultiplier at 00007FFFA6AD89B0 to 00007FFFA5CCA520
[2026.06.12-12.51.14:171][  0]LogNativeHookManager: Display: Successfully hooked function AFGBuildableHologram::GetBaseCostMultiplier at 00007FFFA6AD89B0
[2026.06.12-12.51.14:171][  0]LogNativeHookManager: Display: Size of member pointer is 16
[2026.06.12-12.51.14:171][  0]LogNativeHookManager: Display: Attempting to discover AFGFoundationHologram::CreateDefaultFoundationZoop at 00007FFFA6ACE730
[2026.06.12-12.51.14:171][  0]LogNativeHookManager: Display: Hooking function AFGFoundationHologram::CreateDefaultFoundationZoop: Provided address: 00007FFFA6ACE730, resolved address: 00007FFFA6ACE730
[2026.06.12-12.51.14:171][  0]LogNativeHookManager: Display: Overriding AFGFoundationHologram::CreateDefaultFoundationZoop at 00007FFFA6ACE730 to 00007FFFA5CCAD80
[2026.06.12-12.51.14:171][  0]LogNativeHookManager: Display: Successfully hooked function AFGFoundationHologram::CreateDefaultFoundationZoop at 00007FFFA6ACE730
[2026.06.12-12.51.14:171][  0]LogNativeHookManager: Display: Size of member pointer is 16
[2026.06.12-12.51.14:171][  0]LogNativeHookManager: Display: Attempting to discover AFGHologram::ValidatePlacementAndCost at 00007FFFA6B48440
[2026.06.12-12.51.14:171][  0]LogNativeHookManager: Display: Hooking function AFGHologram::ValidatePlacementAndCost: Provided address: 00007FFFA6B48440, resolved address: 00007FFFA6B48440
[2026.06.12-12.51.14:171][  0]LogNativeHookManager: Display: Overriding AFGHologram::ValidatePlacementAndCost at 00007FFFA6B48440 to 00007FFFA5CCB130
[2026.06.12-12.51.14:172][  0]LogNativeHookManager: Display: Successfully hooked function AFGHologram::ValidatePlacementAndCost at 00007FFFA6B48440
[2026.06.12-12.51.14:172][  0]LogNativeHookManager: Display: Size of member pointer is 16
[2026.06.12-12.51.14:172][  0]LogNativeHookManager: Display: Attempting to discover AFGHologram::Scroll at 00007FFFA5CC8994
[2026.06.12-12.51.14:172][  0]LogNativeHookManager: Display: Attempting to resolve virtual function AFGHologram::Scroll. This adjustment: 0x0, virtual function table offset: 0x7f0
[2026.06.12-12.51.14:172][  0]LogNativeHookManager: Display: Successfully resolved virtual function thunk AFGHologram::Scroll at 00007FFFA5CC8994 to function implementation at 00007FFFA5D2CF70
[2026.06.12-12.51.14:172][  0]LogNativeHookManager: Display: Hooking function AFGHologram::Scroll: Provided address: 00007FFFA5CC8994, resolved address: 00007FFFA5D2CF70
[2026.06.12-12.51.14:172][  0]LogNativeHookManager: Display: Overriding AFGHologram::Scroll at 00007FFFA5D2CF70 to 00007FFFA5CCAF50
[2026.06.12-12.51.14:172][  0]LogNativeHookManager: Display: Successfully hooked function AFGHologram::Scroll at 00007FFFA5D2CF70
[2026.06.12-12.51.14:172][  0]LogNativeHookManager: Display: Size of member pointer is 16
[2026.06.12-12.51.14:172][  0]LogNativeHookManager: Display: Attempting to discover AFGHologram::Destroyed at 00007FFFA5CC8988
[2026.06.12-12.51.14:172][  0]LogNativeHookManager: Display: Attempting to resolve virtual function AFGHologram::Destroyed. This adjustment: 0x0, virtual function table offset: 0x658
[2026.06.12-12.51.14:172][  0]LogNativeHookManager: Display: Successfully resolved virtual function thunk AFGHologram::Destroyed at 00007FFFA5CC8988 to function implementation at 00007FFFA6B1ADB0
[2026.06.12-12.51.14:172][  0]LogNativeHookManager: Display: Hooking function AFGHologram::Destroyed: Provided address: 00007FFFA5CC8988, resolved address: 00007FFFA6B1ADB0
[2026.06.12-12.51.14:172][  0]LogNativeHookManager: Display: Overriding AFGHologram::Destroyed at 00007FFFA6B1ADB0 to 00007FFFA5CCB4D0
[2026.06.12-12.51.14:172][  0]LogNativeHookManager: Display: Successfully hooked function AFGHologram::Destroyed at 00007FFFA6B1ADB0
[2026.06.12-12.51.14:172][  0]LogNativeHookManager: Display: Size of member pointer is 16
[2026.06.12-12.51.14:172][  0]LogNativeHookManager: Display: Attempting to discover AFGHologram::BeginPlay at 00007FFFA5CC897C
[2026.06.12-12.51.14:172][  0]LogNativeHookManager: Display: Attempting to resolve virtual function AFGHologram::BeginPlay. This adjustment: 0x0, virtual function table offset: 0x3b0
[2026.06.12-12.51.14:172][  0]LogNativeHookManager: Display: Successfully resolved virtual function thunk AFGHologram::BeginPlay at 00007FFFA5CC897C to function implementation at 00007FFFA6B131A0
[2026.06.12-12.51.14:172][  0]LogNativeHookManager: Display: Hooking function AFGHologram::BeginPlay: Provided address: 00007FFFA5CC897C, resolved address: 00007FFFA6B131A0
[2026.06.12-12.51.14:172][  0]LogNativeHookManager: Display: Overriding AFGHologram::BeginPlay at 00007FFFA6B131A0 to 00007FFFA5CCB310
[2026.06.12-12.51.14:172][  0]LogNativeHookManager: Display: Successfully hooked function AFGHologram::BeginPlay at 00007FFFA6B131A0
[2026.06.12-12.51.14:173][  0]LogSatisfactoryModLoader: Display: Satisfactory Mod Loader v.3.12.0+827 pre-initializing...
[2026.06.12-12.51.14:173][  0]LogSatisfactoryModLoader: Display: Build Date: Jun  6 2026 16:29:13
[2026.06.12-12.51.14:181][  0]LogSatisfactoryModLoader: Display: Successfully loaded SML configuration from disk
[2026.06.12-12.51.14:181][  0]LogSatisfactoryModLoader: Display: Version check passed successfully! Game Changelist: 493833
[2026.06.12-12.51.14:181][  0]LogSatisfactoryModLoader: Display: Pre-initialization finished!
[2026.06.12-12.51.14:190][  0]LogUObjectArray: 43343 objects as part of root set at end of initial load.
[2026.06.12-12.51.14:190][  0]LogUObjectArray: 9 objects are not in the root set, but can never be destroyed because they are in the DisregardForGC set.
[2026.06.12-12.51.14:190][  0]LogUObjectArray: CloseDisregardForGC: 43343/43343 objects in disregard for GC pool
[2026.06.12-12.51.14:221][  0]LogMoviePlayer: Warning: PassLoadingScreenWindowBackToGame failed.  No Window
[2026.06.12-12.51.14:221][  0]LogEngine: Initializing Engine...
[2026.06.12-12.51.14:222][  0]LogGameFeatures: Initializing game features subsystem
[2026.06.12-12.51.14:222][  0]LogSentrySdk: Sentry plugin auto initialization: false
[2026.06.12-12.51.14:222][  0]LogSentrySdk: Using current project name and version as Sentry release.
[2026.06.12-12.51.14:222][  0]LogSentrySdk: Using current build configuration as Sentry environment.
[2026.06.12-12.51.14:223][  0]LogSentrySdk: using database path "C:\Users\cheva\AppData\Local\FactoryGame\.sentry-native"
[2026.06.12-12.51.14:225][  0]LogSentrySdk: Verbose: starting transport
[2026.06.12-12.51.14:229][  0]LogSentrySdk: Verbose: starting background worker thread
[2026.06.12-12.51.14:229][  0]LogSentrySdk: Verbose: starting backend
[2026.06.12-12.51.14:229][  0]LogSentrySdk: Verbose: starting crashpad backend with handler "C:\Program Files (x86)\Steam\steamapps\common\Satisfactory\FactoryGame\Plugins\Sentry\Binaries\Win64\crashpad_handler.exe"
[2026.06.12-12.51.14:230][  0]LogSentrySdk: Verbose: background worker thread started
[2026.06.12-12.51.14:231][  0]LogSentrySdk: Verbose: using minidump URL "https://o4510000618995712.ingest.de.sentry.io:443/api/4510000622141520/minidump/?sentry_client=sentry.native.unreal/0.10.1&sentry_key=ce9e39afc0e16e3b66a9b309fe98f23b"
[2026.06.12-12.51.14:264][  0]LogSentrySdk: Verbose: registering crashpad WER handler "C:\Program Files (x86)\Steam\steamapps\common\Satisfactory\FactoryGame\Plugins\Sentry\Binaries\Win64\crashpad_wer.dll"
[2026.06.12-12.51.14:264][  0]LogSentrySdk: started crashpad client handler
[2026.06.12-12.51.14:268][  0]LogSentrySdk: Verbose: processing and pruning old runs
[2026.06.12-12.51.14:270][  0]LogSentrySdk: Verbose: sending envelope
[2026.06.12-12.51.14:270][  0]LogSentrySdk: Verbose: submitting task to background worker thread
[2026.06.12-12.51.14:270][  0]LogSentrySdk: Verbose: executing task on worker thread
[2026.06.12-12.51.14:271][  0]LogSentrySdk: Verbose: sending request using winhttp to "https://o4510000618995712.ingest.de.sentry.io:443/api/4510000622141520/envelope/":
x-sentry-auth:Sentry sentry_key=ce9e39afc0e16e3b66a9b309fe98f23b, sentry_version=7, sentry_client=sentry.native.unreal/0.10.1
content-type:application/x-sentry-envelope
content-length:359

[2026.06.12-12.51.14:272][  0]LogSentrySdk: Sentry initialization completed with result 0 (0 on success).
[2026.06.12-12.51.14:272][  0]LogSentrySdk: Using current build configuration as Sentry environment.
[2026.06.12-12.51.14:272][  0]LogSentrySdk: Using current project name and version as Sentry release.
[2026.06.12-12.51.14:273][  0]LogWindows: Attached monitors:
[2026.06.12-12.51.14:273][  0]LogWindows:     resolution: 1600x1000, work area: (0, 0) -> (1600, 952), device: '\\.\DISPLAY1' [PRIMARY]
[2026.06.12-12.51.14:273][  0]LogWindows: Found 1 attached monitors.
[2026.06.12-12.51.14:273][  0]LogWindows: Gathering driver information using Windows Setup API
[2026.06.12-12.51.14:337][  0]LogAssetManager: Display: Ignoring PrimaryAssetType Profiling - Conflicts with Map - Asset: Map_UI-Profile
[2026.06.12-12.51.14:340][  0]LogGameFeatures: Scanning for built-in game feature plugins
[2026.06.12-12.51.14:340][  0]LogGameFeatures: Loading 233 builtins. Not Amortized
[2026.06.12-12.51.14:341][  0]LogGameFeatures: Game feature '../../../FactoryGame/Mods/GameFeatures/CrashSiteBeacons/CrashSiteBeacons.uplugin' has no BuiltInInitialFeatureState key, using legacy BuiltInAutoRegister(1)/BuiltInAutoLoad(1)/BuiltInAutoActivate(1) values to arrive at initial state.
[2026.06.12-12.51.14:343][  0]LogPluginManager: Warning: Cannot mount plugin localization for 'CrashSiteBeacons' as the plugin isn't explicitly loaded.
[2026.06.12-12.51.14:344][  0]LogAssetManager: Warning: Invalid Primary Asset Type FGGameFeatureData:CrashSiteBeacons: ChangeBundleStateForPrimaryAssets failed to find NameData
[2026.06.12-12.51.14:344][  0]LogGameFeatures: Display: Game feature 'CrashSiteBeacons' transitioned successfully. Ending state: Active [Active, Active]
[2026.06.12-12.51.14:344][  0]LogGameFeatures: Game feature '../../../FactoryGame/Mods/GameFeatures/BlueprintHighlighted/BlueprintHighlighted.uplugin' has no BuiltInInitialFeatureState key, using legacy BuiltInAutoRegister(1)/BuiltInAutoLoad(1)/BuiltInAutoActivate(1) values to arrive at initial state.
[2026.06.12-12.51.14:347][  0]LogPluginManager: Warning: Cannot mount plugin localization for 'BlueprintHighlighted' as the plugin isn't explicitly loaded.
[2026.06.12-12.51.14:347][  0]LogAssetManager: Warning: Invalid Primary Asset Type FGGameFeatureData:BlueprintHighlighted: ChangeBundleStateForPrimaryAssets failed to find NameData
[2026.06.12-12.51.14:347][  0]LogGameFeatures: Display: Game feature 'BlueprintHighlighted' transitioned successfully. Ending state: Active [Active, Active]
[2026.06.12-12.51.14:347][  0]LogGameFeatures: Game feature '../../../FactoryGame/Mods/GameFeatures/InfiniteNudge/InfiniteNudge.uplugin' has no BuiltInInitialFeatureState key, using legacy BuiltInAutoRegister(1)/BuiltInAutoLoad(1)/BuiltInAutoActivate(1) values to arrive at initial state.
[2026.06.12-12.51.14:351][  0]LogPluginManager: Warning: Cannot mount plugin localization for 'InfiniteNudge' as the plugin isn't explicitly loaded.
[2026.06.12-12.51.14:352][  0]LogAssetManager: Warning: Invalid Primary Asset Type FGGameFeatureData:InfiniteNudge: ChangeBundleStateForPrimaryAssets failed to find NameData
[2026.06.12-12.51.14:353][  0]LogGameFeatures: Display: Game feature 'InfiniteNudge' transitioned successfully. Ending state: Active [Active, Active]
[2026.06.12-12.51.14:353][  0]LogGameFeatures: Game feature '../../../FactoryGame/Mods/GameFeatures/HighlightScannedObject/HighlightScannedObject.uplugin' has no BuiltInInitialFeatureState key, using legacy BuiltInAutoRegister(1)/BuiltInAutoLoad(1)/BuiltInAutoActivate(1) values to arrive at initial state.
[2026.06.12-12.51.14:354][  0]LogPluginManager: Warning: Cannot mount plugin localization for 'HighlightScannedObject' as the plugin isn't explicitly loaded.
[2026.06.12-12.51.14:354][  0]LogAssetManager: Warning: Invalid Primary Asset Type FGGameFeatureData:HighlightScannedObject: ChangeBundleStateForPrimaryAssets failed to find NameData
[2026.06.12-12.51.14:354][  0]LogGameFeatures: Display: Game feature 'HighlightScannedObject' transitioned successfully. Ending state: Active [Active, Active]
[2026.06.12-12.51.14:355][  0]LogGameFeatures: Game feature '../../../FactoryGame/Mods/GameFeatures/FlashlightSettings/FlashlightSettings.uplugin' has no BuiltInInitialFeatureState key, using legacy BuiltInAutoRegister(1)/BuiltInAutoLoad(1)/BuiltInAutoActivate(1) values to arrive at initial state.
[2026.06.12-12.51.14:359][  0]LogPluginManager: Warning: Cannot mount plugin localization for 'FlashlightSettings' as the plugin isn't explicitly loaded.
[2026.06.12-12.51.14:359][  0]LogAssetManager: Warning: Invalid Primary Asset Type FGGameFeatureData:FlashlightSettings: ChangeBundleStateForPrimaryAssets failed to find NameData
[2026.06.12-12.51.14:359][  0]LogGameFeatures: Display: Game feature 'FlashlightSettings' transitioned successfully. Ending state: Active [Active, Active]
[2026.06.12-12.51.14:359][  0]LogGameFeatures: Game feature '../../../FactoryGame/Mods/GameFeatures/InfiniteZoop/InfiniteZoop.uplugin' has no BuiltInInitialFeatureState key, using legacy BuiltInAutoRegister(1)/BuiltInAutoLoad(1)/BuiltInAutoActivate(1) values to arrive at initial state.
[2026.06.12-12.51.14:369][  0]LogPluginManager: Warning: Cannot mount plugin localization for 'InfiniteZoop' as the plugin isn't explicitly loaded.
[2026.06.12-12.51.14:369][  0]LogAssetManager: Warning: Invalid Primary Asset Type FGGameFeatureData:InfiniteZoop: ChangeBundleStateForPrimaryAssets failed to find NameData
[2026.06.12-12.51.14:369][  0]LogGameFeatures: Display: Game feature 'InfiniteZoop' transitioned successfully. Ending state: Active [Active, Active]
[2026.06.12-12.51.14:369][  0]LogGameFeatures: Game feature '../../../FactoryGame/Mods/GameFeatures/SkyUI/SkyUI.uplugin' has no BuiltInInitialFeatureState key, using legacy BuiltInAutoRegister(1)/BuiltInAutoLoad(1)/BuiltInAutoActivate(1) values to arrive at initial state.
[2026.06.12-12.51.14:373][  0]LogPluginManager: Warning: Cannot mount plugin localization for 'SkyUI' as the plugin isn't explicitly loaded.
[2026.06.12-12.51.14:373][  0]LogGameFeatures: Display: Game feature 'SkyUI' transitioned successfully. Ending state: Active [Active, Active]
[2026.06.12-12.51.14:374][  0]LogGameFeatures: Game feature '../../../FactoryGame/Mods/GameFeatures/NoSplash/NoSplash.uplugin' has no BuiltInInitialFeatureState key, using legacy BuiltInAutoRegister(1)/BuiltInAutoLoad(1)/BuiltInAutoActivate(1) values to arrive at initial state.
[2026.06.12-12.51.14:375][  0]LogPluginManager: Warning: Cannot mount plugin localization for 'NoSplash' as the plugin isn't explicitly loaded.
[2026.06.12-12.51.14:375][  0]LogAssetManager: Warning: Invalid Primary Asset Type FGGameFeatureData:NoSplash: ChangeBundleStateForPrimaryAssets failed to find NameData
[2026.06.12-12.51.14:375][  0]LogGameFeatures: Display: Game feature 'NoSplash' transitioned successfully. Ending state: Active [Active, Active]
[2026.06.12-12.51.14:380][  0]LogPluginManager: Warning: Cannot mount plugin localization for 'minerplus' as the plugin isn't explicitly loaded.
[2026.06.12-12.51.14:380][  0]LogAssetManager: Warning: Invalid Primary Asset Type FGGameFeatureData:minerplus: ChangeBundleStateForPrimaryAssets failed to find NameData
[2026.06.12-12.51.14:380][  0]LogGameFeatures: Display: Game feature 'minerplus' transitioned successfully. Ending state: Active [Active, Active]
[2026.06.12-12.51.14:380][  0]LogStats: BuiltInGameFeaturePlugins loaded. -  0.040 s
[2026.06.12-12.51.14:380][  0]LogNetVersion: Set ProjectVersion to 0. Version Checksum will be recalculated on next use.
[2026.06.12-12.51.14:380][  0]LogInit: Texture streaming: Enabled
[2026.06.12-12.51.14:381][  0]LogAudio: Display: Initializing Audio Device Manager...
[2026.06.12-12.51.14:384][  0]LogAudio: Display: Loading Default Audio Settings Objects...
[2026.06.12-12.51.14:384][  0]LogStreaming: Warning: LoadPackage: SkipPackage: /Engine/EngineSounds/Master (0x2E389D768EDF70E6) - The package to load does not exist on disk or in the loader
[2026.06.12-12.51.14:385][  0]LogUObjectGlobals: Warning: Не удалось найти объект 'Object /Engine/EngineSounds/Master.Master'
[2026.06.12-12.51.14:385][  0]LogAudio: Warning: Failed to load Default SoundClassObject from path '/Engine/EngineSounds/Master.Master'.  Attempting to fall back to engine default.
[2026.06.12-12.51.14:386][  0]LogUObjectGlobals: Warning: Не удалось найти объект 'Object Нет./Engine/EngineSounds/Master'
[2026.06.12-12.51.14:386][  0]LogAudio: Error: Failed to load Default SoundClassObject from path '/Engine/EngineSounds/Master'.
[2026.06.12-12.51.14:386][  0]LogAudio: Display: No default MediaSoundClassObject specified (or failed to load).
[2026.06.12-12.51.14:386][  0]LogAudio: Display: No default SoundConcurrencyObject specified (or failed to load).
[2026.06.12-12.51.14:386][  0]LogAudio: Display: Audio Device Manager Initialized
[2026.06.12-12.51.14:386][  0]LogAudio: Display: Creating Audio Device:                 Id: 1, Scope: Shared, Realtime: True
[2026.06.12-12.51.14:386][  0]LogAudioMixer: Display: Audio Mixer Platform Settings:
[2026.06.12-12.51.14:386][  0]LogAudioMixer: Display: 	Sample Rate:						  48000
[2026.06.12-12.51.14:386][  0]LogAudioMixer: Display: 	Callback Buffer Frame Size Requested: 1024
[2026.06.12-12.51.14:386][  0]LogAudioMixer: Display: 	Callback Buffer Frame Size To Use:	  1024
[2026.06.12-12.51.14:386][  0]LogAudioMixer: Display: 	Number of buffers to queue:			  1
[2026.06.12-12.51.14:386][  0]LogAudioMixer: Display: 	Max Channels (voices):				  32
[2026.06.12-12.51.14:386][  0]LogAudioMixer: Display: 	Number of Async Source Workers:		  4
[2026.06.12-12.51.14:386][  0]LogAudio: Display: AudioDevice MaxSources: 32
[2026.06.12-12.51.14:386][  0]LogAudio: Display: Audio Spatialization Plugin: None (built-in).
[2026.06.12-12.51.14:386][  0]LogAudio: Display: Audio Reverb Plugin: None (built-in).
[2026.06.12-12.51.14:386][  0]LogAudio: Display: Audio Occlusion Plugin: None (built-in).
[2026.06.12-12.51.14:395][  0]LogAudioMixer: Display: Initializing audio mixer using platform API: 'XAudio2'
[2026.06.12-12.51.14:643][  0]LogSentrySdk: Verbose: received response:
HTTP/1.1 200 OK
Date: Fri, 12 Jun 2026 12:51:26 GMT
Via: 1.1 google
Content-Length: 2
Content-Type: application/json
Server: nginx
Vary: origin, access-control-request-method, access-control-request-headers
access-control-allow-origin: *
access-control-expose-headers: x-sentry-error,x-sentry-rate-limits,retry-after
cross-origin-resource-policy: cross-origin
strict-transport-security: max-age=31536000; includeSubDomains; preload
Alt-Svc: h3=":443"; ma=2592000,h3-29=":443"; ma=2
[2026.06.12-12.51.14:643][  0]LogSentrySdk: Verbose: request handled in 372ms
[2026.06.12-12.51.14:817][  0]LogAudioMixer: Display: Using Audio Hardware Device Headphones (Realtek(R) Audio)
[2026.06.12-12.51.14:818][  0]LogAudioMixer: Display: Initializing Sound Submixes...
[2026.06.12-12.51.14:819][  0]LogStreaming: Warning: LoadPackage: SkipPackage: /Engine/EngineSounds/Submixes/MasterSubmixDefault (0x41D2CF6042D559B0) - The package to load does not exist on disk or in the loader
[2026.06.12-12.51.14:819][  0]LogUObjectGlobals: Warning: Не удалось найти объект 'Object /Engine/EngineSounds/Submixes/MasterSubmixDefault.MasterSubmixDefault'
[2026.06.12-12.51.14:819][  0]LogAudioMixer: Display: Submix unset or invalid in 'AudioSettings': Using engine asset 'MasterSubmixDefault'
[2026.06.12-12.51.14:819][  0]LogAudioMixer: Error: Failed to load submix from engine asset path '/Engine/EngineSounds/Submixes/MasterSubmixDefault.MasterSubmixDefault'. Creating 'MasterSubmixDefault' as a stub.
[2026.06.12-12.51.14:819][  0]LogAudioMixer: Display: Creating Master Submix 'MasterSubmixDefault'
[2026.06.12-12.51.14:820][  0]LogStreaming: Warning: LoadPackage: SkipPackage: /Engine/EngineSounds/Submixes/MasterReverbSubmixDefault (0x5773467E2BCA0CD) - The package to load does not exist on disk or in the loader
[2026.06.12-12.51.14:820][  0]LogUObjectGlobals: Warning: Не удалось найти объект 'Object /Engine/EngineSounds/Submixes/MasterReverbSubmixDefault.MasterReverbSubmixDefault'
[2026.06.12-12.51.14:820][  0]LogAudioMixer: Display: Submix unset or invalid in 'AudioSettings': Using engine asset 'MasterReverbSubmixDefault'
[2026.06.12-12.51.14:821][  0]LogAudioMixer: Error: Failed to load submix from engine asset path '/Engine/EngineSounds/Submixes/MasterReverbSubmixDefault.MasterReverbSubmixDefault'. Creating 'MasterReverbSubmixDefault' as a stub.
[2026.06.12-12.51.14:821][  0]LogAudioMixer: Display: Creating Master Submix 'MasterReverbSubmixDefault'
[2026.06.12-12.51.14:821][  0]LogAudioMixer: FMixerPlatformXAudio2::StartAudioStream() called. InstanceID=1
[2026.06.12-12.51.14:821][  0]LogAudioMixer: Display: Output buffers initialized: Frames=1024, Channels=2, Samples=2048, InstanceID=1
[2026.06.12-12.51.14:822][  0]LogAudioMixer: Display: Starting AudioMixerPlatformInterface::RunInternal(), InstanceID=1
[2026.06.12-12.51.14:822][  0]LogAudioMixer: Display: FMixerPlatformXAudio2::SubmitBuffer() called for the first time. InstanceID=1
[2026.06.12-12.51.14:822][  0]LogInit: FAudioDevice initialized with ID 1.
[2026.06.12-12.51.14:822][  0]LogUserSetting: DLSS is supported but not loaded, waiting for the module to be loaded before initializing user settings
[2026.06.12-12.51.14:822][  0]LogAudioMixer: Initializing Audio Bus Subsystem for audio device with ID 1
[2026.06.12-12.51.14:956][  0]LogGame: Error: IFGOptionInterfaceImpl::GetOptionValue - Could not find user setting with id 't.MaxFPS'
[2026.06.12-12.51.15:091][  0]LogPackageLocalizationCache: Processed 9 localized package path(s) for 1 prioritized culture(s) in 0.000029 seconds
[2026.06.12-12.51.15:374][  0]LogStaticMesh: [SM_Beanata_01] Mesh is marked for CPU read.
[2026.06.12-12.51.16:066][  0]LogOnlineServices: Steam User is subscribed 1
[2026.06.12-12.51.16:066][  0]LogOnlineServices: [AppId: 526870] Client API initialized 1
[2026.06.12-12.51.16:067][  0]LogOnlineServices: 000002BB785650C0 Steam online services instance initialize
[2026.06.12-12.51.16:067][  0]LogOnlineIntegration: Initialized 'STEAM' online backend
[2026.06.12-12.51.16:067][  0]LogOnlineIntegration: Initialized 'Epic' online backend
[2026.06.12-12.51.16:069][  0]LogCommonUser: Warning: HandleNetworkConnectionStatusChanged(Context:Platform, ServiceName:, OldStatus:Connected, NewStatus:Connected)
[2026.06.12-12.51.16:069][  0]LogCommonUser: Warning: HandleNetworkConnectionStatusChanged(Context:CrossPlay, ServiceName:, OldStatus:Connected, NewStatus:Connected)
[2026.06.12-12.51.16:073][  0]LogSatisfactoryModLoader: Display: List of loaded mods:
[2026.06.12-12.51.16:073][  0]LogSatisfactoryModLoader: Display: AdvancedLogistics: 0.3.13
[2026.06.12-12.51.16:073][  0]LogSatisfactoryModLoader: Display: minerplus: 4.1.5
[2026.06.12-12.51.16:073][  0]LogSatisfactoryModLoader: Display: ContainerScreen: 1.0.38
[2026.06.12-12.51.16:073][  0]LogSatisfactoryModLoader: Display: ContainerWithScreen: 1.0.4
[2026.06.12-12.51.16:073][  0]LogSatisfactoryModLoader: Display: CrashSiteBeacons: 3.1.0
[2026.06.12-12.51.16:073][  0]LogSatisfactoryModLoader: Display: MovePlayerInventory: 1.4.1
[2026.06.12-12.51.16:073][  0]LogSatisfactoryModLoader: Display: DaisyChainPowerCables: 2.0.20
[2026.06.12-12.51.16:073][  0]LogSatisfactoryModLoader: Display: DeepMining: 2.0.9
[2026.06.12-12.51.16:073][  0]LogSatisfactoryModLoader: Display: FasterManualCraftingRedux: 2.4.1
[2026.06.12-12.51.16:073][  0]LogSatisfactoryModLoader: Display: FlashlightSettings: 1.2.0
[2026.06.12-12.51.16:073][  0]LogSatisfactoryModLoader: Display: FloorHole: 2.0.32
[2026.06.12-12.51.16:073][  0]LogSatisfactoryModLoader: Display: InfiniteNudge: 3.0.4
[2026.06.12-12.51.16:073][  0]LogSatisfactoryModLoader: Display: InfiniteZoop: 1.10.8
[2026.06.12-12.51.16:073][  0]LogSatisfactoryModLoader: Display: InventorySpace2: 2.0.11
[2026.06.12-12.51.16:073][  0]LogSatisfactoryModLoader: Display: MAMTips: 1.9.1
[2026.06.12-12.51.16:073][  0]LogSatisfactoryModLoader: Display: moidu21_lib: 1.0.0
[2026.06.12-12.51.16:073][  0]LogSatisfactoryModLoader: Display: NoSplash: 1.1.0
[2026.06.12-12.51.16:073][  0]LogSatisfactoryModLoader: Display: HighlightScannedObject: 1.1.0
[2026.06.12-12.51.16:073][  0]LogSatisfactoryModLoader: Display: OrganizedCrates: 2.0.11
[2026.06.12-12.51.16:073][  0]LogSatisfactoryModLoader: Display: BlueprintHighlighted: 1.4.1
[2026.06.12-12.51.16:073][  0]LogSatisfactoryModLoader: Display: FactoryGame: 493833.0.0
[2026.06.12-12.51.16:073][  0]LogSatisfactoryModLoader: Display: SML: 3.12.0
[2026.06.12-12.51.16:074][  0]LogSatisfactoryModLoader: Display: SkyUI: 1.0.18
[2026.06.12-12.51.16:074][  0]LogSatisfactoryModLoader: Display: SmallAwesomeSink: 1.0.15
[2026.06.12-12.51.16:074][  0]LogSatisfactoryModLoader: Display: TenTimesAwesomePoints: 1.0.8
[2026.06.12-12.51.16:074][  0]LogSatisfactoryModLoader: Display: UndergroundBelts: 3.0.28
[2026.06.12-12.51.16:074][  0]LogSatisfactoryModLoader: Display: UtilityMod: 1.0.0
[2026.06.12-12.51.16:445][  0]LogStaticMesh: [PowerSnail] Mesh is marked for CPU read.
[2026.06.12-12.51.16:445][  0]LogStaticMesh: [PowerSnail] Mesh is marked for CPU read.
[2026.06.12-12.51.16:445][  0]LogStaticMesh: [PowerSnail] Mesh is marked for CPU read.
[2026.06.12-12.51.16:471][  0]LogMaterial: Error: Loading a material resource None with an invalid ShaderMap!
[2026.06.12-12.51.16:471][  0]LogMaterial: Error: Loading a material resource None with an invalid ShaderMap!
[2026.06.12-12.51.16:472][  0]LogMaterial: Error: Loading a material resource None with an invalid ShaderMap!
[2026.06.12-12.51.16:472][  0]LogMaterial: Error: Loading a material resource None with an invalid ShaderMap!
[2026.06.12-12.51.16:492][  0]LogMaterial: Error: Tried to access an uncooked shader map ID in a cooked application
[2026.06.12-12.51.16:492][  0]LogMaterial: Warning: Invalid shader map ID caching shaders for 'Mat-Diamond', will use default material.
[2026.06.12-12.51.16:492][  0]LogMaterial: Can't compile Mat-Diamond with cooked content, will use default material instead
[2026.06.12-12.51.16:493][  0]LogMaterial: Warning: [AssetLog] C:\Program Files (x86)\Steam\steamapps\common\Satisfactory\FactoryGame\Mods\DeepMining\Content\Assets\Mat-Diamond: Failed to compile Material for platform PCD3D_SM6, Default Material will be used in game.

[2026.06.12-12.51.16:909][  0]LogUObjectGlobals: Warning: Duplicating object 'BP_ConfigPropertySection_C /UtilityMod/UtilityModConfig.Default__UtilityModConfig_C:BP_ConfigPropertySection_C_0.BP_ConfigPropertyArray_C_0.BP_ConfigPropertySection_C_10' that's still being async loaded
[2026.06.12-12.51.16:909][  0]LogUObjectGlobals: Warning: Duplicating object 'BP_ConfigPropertySection_C /UtilityMod/UtilityModConfig.Default__UtilityModConfig_C:BP_ConfigPropertySection_C_0.BP_ConfigPropertyArray_C_0.BP_ConfigPropertySection_C_11' that's still being async loaded
[2026.06.12-12.51.16:909][  0]LogUObjectGlobals: Warning: Duplicating object 'BP_ConfigPropertySection_C /UtilityMod/UtilityModConfig.Default__UtilityModConfig_C:BP_ConfigPropertySection_C_0.BP_ConfigPropertyArray_C_0.BP_ConfigPropertySection_C_12' that's still being async loaded
[2026.06.12-12.51.16:910][  0]LogUObjectGlobals: Warning: Duplicating object 'BP_ConfigPropertySection_C /UtilityMod/UtilityModConfig.Default__UtilityModConfig_C:BP_ConfigPropertySection_C_0.BP_ConfigPropertyArray_C_0.BP_ConfigPropertySection_C_13' that's still being async loaded
[2026.06.12-12.51.17:274][  0]LogSatisfactoryModLoader: Discovered 16 game instance modules
[2026.06.12-12.51.17:274][  0]LogSatisfactoryModLoader: Dispatching lifecycle event CONSTRUCTION to game instance modules
[2026.06.12-12.51.17:275][  0]LogSatisfactoryModLoader: Dispatching lifecycle event INITIALIZATION to game instance modules
[2026.06.12-12.51.17:275][  0]LogSatisfactoryModLoader: Registering configuration /FasterManualCraftingRedux/FMC_FasterManualCraftingReduxConfig.FMC_FasterManualCraftingReduxConfig_C
[2026.06.12-12.51.17:284][  0]LogConfigManager: Display: Successfully loaded configuration from ../../../FactoryGame/Configs/FasterManualCraftingRedux.cfg
[2026.06.12-12.51.17:294][  0]LogSatisfactoryModLoader: Registering configuration /MAMTips/Configuration/MAMTips_Configuration.MAMTips_Configuration_C
[2026.06.12-12.51.17:303][  0]LogConfigManager: Display: Successfully loaded configuration from ../../../FactoryGame/Configs/MAMTips.cfg
[2026.06.12-12.51.17:307][  0]LogWidgetBlueprintHookManager: Installed widget blueprint hook /Engine/Transient.FGGameEngine_2147482615:FGGameInstance_2147482543.GameInstanceModuleManager_2147482421.MAMTips.WidgetBlueprintHookData_0 on WidgetBlueprint /MAMTips/Widgets/ResourceSinkShop/Widget_ResourceSinkShop_Item_InjectCartButton.Widget_ResourceSinkShop_Item_InjectCartButton_C
[2026.06.12-12.51.17:307][  0]LogWidgetBlueprintHookManager: Installed widget blueprint hook /Engine/Transient.FGGameEngine_2147482615:FGGameInstance_2147482543.GameInstanceModuleManager_2147482421.MAMTips.WidgetBlueprintHookData_1 on WidgetBlueprint /MAMTips/Widgets/Widget_WhatMod_SinkShop.Widget_WhatMod_SinkShop_C
[2026.06.12-12.51.17:307][  0]LogSatisfactoryModLoader: Registering configuration /MovePlayerInventory/Configuration/MovePlayerInventory_Configuration.MovePlayerInventory_Configuration_C
[2026.06.12-12.51.17:316][  0]LogConfigManager: Display: Successfully loaded configuration from ../../../FactoryGame/Configs/MovePlayerInventory.cfg
[2026.06.12-12.51.17:318][  0]LogSatisfactoryModLoader: Registering configuration /UtilityMod/UtilityModConfig.UtilityModConfig_C
[2026.06.12-12.51.17:326][  0]LogConfigManager: Display: Successfully loaded configuration from ../../../FactoryGame/Configs/UtilityMod.cfg
[2026.06.12-12.51.17:330][  0]LogWidgetBlueprintHookManager: Installed widget blueprint hook /Engine/Transient.FGGameEngine_2147482615:FGGameInstance_2147482543.GameInstanceModuleManager_2147482421.SML.WidgetBlueprintHookData_1 on WidgetBlueprint /SML/Interface/UI/Menu/MainMenu/Widget_MainMenuButtonExtensions.Widget_MainMenuButtonExtensions_C
[2026.06.12-12.51.17:330][  0]LogWidgetBlueprintHookManager: Installed widget blueprint hook /Engine/Transient.FGGameEngine_2147482615:FGGameInstance_2147482543.GameInstanceModuleManager_2147482421.SML.WidgetBlueprintHookData_2 on WidgetBlueprint /SML/Interface/UI/Menu/Mods/Widget_ModList.Widget_ModList_C
[2026.06.12-12.51.17:330][  0]LogWidgetBlueprintHookManager: Installed widget blueprint hook /Engine/Transient.FGGameEngine_2147482615:FGGameInstance_2147482543.GameInstanceModuleManager_2147482421.SML.WidgetBlueprintHookData_10 on WidgetBlueprint /SML/Interface/UI/Menu/PauseMenu/Widget_PauseMenuButtonMods.Widget_PauseMenuButtonMods_C
[2026.06.12-12.51.17:330][  0]LogWidgetBlueprintHookManager: Installed widget blueprint hook /Engine/Transient.FGGameEngine_2147482615:FGGameInstance_2147482543.GameInstanceModuleManager_2147482421.SML.WidgetBlueprintHookData_11 on WidgetBlueprint /SML/Interface/UI/Menu/Mods/Widget_ModList.Widget_ModList_C
[2026.06.12-12.51.17:330][  0]LogWidgetBlueprintHookManager: Installed widget blueprint hook /Engine/Transient.FGGameEngine_2147482615:FGGameInstance_2147482543.GameInstanceModuleManager_2147482421.SML.WidgetBlueprintHookData_7 on WidgetBlueprint /SML/Interface/UI/Menu/PlayMenu/Widget_PlayMenu_SML.Widget_PlayMenu_SML_C
[2026.06.12-12.51.17:330][  0]LogWidgetBlueprintHookManager: Installed widget blueprint hook /Engine/Transient.FGGameEngine_2147482615:FGGameInstance_2147482543.GameInstanceModuleManager_2147482421.SML.WidgetBlueprintHookData_6 on WidgetBlueprint /SML/Interface/UI/Menu/PauseMenu/Widget_PauseMenuButtonSessionSettings.Widget_PauseMenuButtonSessionSettings_C
[2026.06.12-12.51.17:330][  0]LogWidgetBlueprintHookManager: Installed widget blueprint hook /Engine/Transient.FGGameEngine_2147482615:FGGameInstance_2147482543.GameInstanceModuleManager_2147482421.SML.WidgetBlueprintHookData_5 on WidgetBlueprint /SML/Interface/UI/Menu/PauseMenu/Widget_PauseMenu_SessionSettings.Widget_PauseMenu_SessionSettings_C
[2026.06.12-12.51.17:330][  0]LogWidgetBlueprintHookManager: Installed widget blueprint hook /Engine/Transient.FGGameEngine_2147482615:FGGameInstance_2147482543.GameInstanceModuleManager_2147482421.SML.WidgetBlueprintHookData_4 on WidgetBlueprint /SML/Interface/UI/Menu/InfoLabel/Widget_InfoLabels.Widget_InfoLabels_C
[2026.06.12-12.51.17:331][  0]LogSatisfactoryModLoader: Registering configuration /InfiniteNudge/InfiniteNudge_Configuration.InfiniteNudge_Configuration_C
[2026.06.12-12.51.17:339][  0]LogConfigManager: Display: Successfully loaded configuration from ../../../FactoryGame/Configs/InfiniteNudge.cfg
[2026.06.12-12.51.17:342][  0]LogSatisfactoryModLoader: Registering configuration /HighlightScannedObject/HSO_Configuration.HSO_Configuration_C
[2026.06.12-12.51.17:350][  0]LogConfigManager: Display: Successfully loaded configuration from ../../../FactoryGame/Configs/HighlightScannedObject.cfg
[2026.06.12-12.51.17:351][  0]LogSatisfactoryModLoader: Registering configuration /FlashlightSettings/FlashlightSettings_ModConfig.FlashlightSettings_ModConfig_C
[2026.06.12-12.51.17:359][  0]LogConfigManager: Display: Successfully loaded configuration from ../../../FactoryGame/Configs/FlashlightSettings.cfg
[2026.06.12-12.51.17:360][  0]LogSatisfactoryModLoader: Registering configuration /InfiniteZoop/InfiniteZoop_Configuration.InfiniteZoop_Configuration_C
[2026.06.12-12.51.17:366][  0]LogConfigManager: Display: Successfully loaded configuration from ../../../FactoryGame/Configs/InfiniteZoop.cfg
[2026.06.12-12.51.17:374][  0]LogSatisfactoryModLoader: Registering configuration /minerplus/content/config/minerplus_configs.minerplus_configs_C
[2026.06.12-12.51.17:381][  0]LogConfigManager: Display: Successfully loaded configuration from ../../../FactoryGame/Configs/minerplus.cfg
[2026.06.12-12.51.17:381][  0]LogSatisfactoryModLoader: Registering configuration /SkyUI/SkyUI_Config.SkyUI_Config_C
[2026.06.12-12.51.17:389][  0]LogConfigManager: Display: Successfully loaded configuration from ../../../FactoryGame/Configs/SkyUI.cfg
[2026.06.12-12.51.17:390][  0]LogSatisfactoryModLoader: Dispatching lifecycle event POST_INITIALIZATION to game instance modules
[2026.06.12-12.51.17:394][  0]LogGame: Importing test saves....
[2026.06.12-12.51.17:394][  0]LogGame: Test saves imported!....
[2026.06.12-12.51.17:394][  0]LogGame: MaxNumBackupsaves: 25
[2026.06.12-12.51.17:397][  0]LogAudio: Display: Audio Device (ID: 1) registered with world 'Untitled'.
[2026.06.12-12.51.17:397][  0]LogSlate: Updating window title bar state: overlay mode, drag disabled, window buttons hidden, title bar hidden
[2026.06.12-12.51.17:398][  0]LogInit: Display: Game Engine Initialized.
[2026.06.12-12.51.17:398][  0]LogNetVersion: Set ProjectVersion to ++FactoryGame+rel-main-1.2.0-CL-493833. Version Checksum will be recalculated on next use.
[2026.06.12-12.51.17:401][  0]LogSatisfactoryModLoader: Display: Parsing ExecCmds
[2026.06.12-12.51.17:401][  0]LogSatisfactoryModLoader: Display: Performing mod loader initialization
[2026.06.12-12.51.17:401][  0]LogNativeHookManager: Display: Size of member pointer is 16
[2026.06.12-12.51.17:401][  0]LogNativeHookManager: Display: Attempting to discover UWorld::WelcomePlayer at 00007FFFBA180590
[2026.06.12-12.51.17:401][  0]LogNativeHookManager: Display: Hooking function UWorld::WelcomePlayer: Provided address: 00007FFFBA180590, resolved address: 00007FFFBA180590
[2026.06.12-12.51.17:401][  0]LogNativeHookManager: Display: Overriding UWorld::WelcomePlayer at 00007FFFBA180590 to 00007FFFA5EA9370
[2026.06.12-12.51.17:402][  0]LogNativeHookManager: Display: Successfully hooked function UWorld::WelcomePlayer at 00007FFFBA180590
[2026.06.12-12.51.17:402][  0]LogNativeHookManager: Display: Size of member pointer is 16
[2026.06.12-12.51.17:402][  0]LogNativeHookManager: Display: Attempting to discover UPendingNetGame::SendInitialJoin at 00007FFFB9B42FE0
[2026.06.12-12.51.17:402][  0]LogNativeHookManager: Display: Hooking function UPendingNetGame::SendInitialJoin: Provided address: 00007FFFB9B42FE0, resolved address: 00007FFFB9B42FE0
[2026.06.12-12.51.17:402][  0]LogNativeHookManager: Display: Overriding UPendingNetGame::SendInitialJoin at 00007FFFB9B42FE0 to 00007FFFA5EA91B0
[2026.06.12-12.51.17:402][  0]LogNativeHookManager: Display: Successfully hooked function UPendingNetGame::SendInitialJoin at 00007FFFB9B42FE0
[2026.06.12-12.51.17:402][  0]LogNativeHookManager: Display: Size of member pointer is 16
[2026.06.12-12.51.17:402][  0]LogNativeHookManager: Display: Attempting to discover UWorld::NotifyControlMessage at 00007FFFA5EA3A1C
[2026.06.12-12.51.17:402][  0]LogNativeHookManager: Display: Attempting to resolve virtual function UWorld::NotifyControlMessage. This adjustment: 0x28, virtual function table offset: 0x18
[2026.06.12-12.51.17:402][  0]LogNativeHookManager: Display: Successfully resolved virtual function thunk UWorld::NotifyControlMessage at 00007FFFA5EA3A1C to function implementation at 00007FFFBA166040
[2026.06.12-12.51.17:402][  0]LogNativeHookManager: Display: Hooking function UWorld::NotifyControlMessage: Provided address: 00007FFFA5EA3A1C, resolved address: 00007FFFBA166040
[2026.06.12-12.51.17:402][  0]LogNativeHookManager: Display: Overriding UWorld::NotifyControlMessage at 00007FFFBA166040 to 00007FFFA5EA9550
[2026.06.12-12.51.17:402][  0]LogNativeHookManager: Display: Successfully hooked function UWorld::NotifyControlMessage at 00007FFFBA166040
[2026.06.12-12.51.17:402][  0]LogNativeHookManager: Display: Size of member pointer is 16
[2026.06.12-12.51.17:402][  0]LogNativeHookManager: Display: Attempting to discover UPendingNetGame::NotifyControlMessage at 00007FFFA5EA3A1C
[2026.06.12-12.51.17:402][  0]LogNativeHookManager: Display: Attempting to resolve virtual function UPendingNetGame::NotifyControlMessage. This adjustment: 0x28, virtual function table offset: 0x18
[2026.06.12-12.51.17:402][  0]LogNativeHookManager: Display: Successfully resolved virtual function thunk UPendingNetGame::NotifyControlMessage at 00007FFFA5EA3A1C to function implementation at 00007FFFB9B37D20
[2026.06.12-12.51.17:402][  0]LogNativeHookManager: Display: Hooking function UPendingNetGame::NotifyControlMessage: Provided address: 00007FFFA5EA3A1C, resolved address: 00007FFFB9B37D20
[2026.06.12-12.51.17:402][  0]LogNativeHookManager: Display: Overriding UPendingNetGame::NotifyControlMessage at 00007FFFB9B37D20 to 00007FFFA5EA8F90
[2026.06.12-12.51.17:402][  0]LogNativeHookManager: Display: Successfully hooked function UPendingNetGame::NotifyControlMessage at 00007FFFB9B37D20
[2026.06.12-12.51.17:402][  0]LogNativeHookManager: Display: Size of member pointer is 16
[2026.06.12-12.51.17:402][  0]LogNativeHookManager: Display: Attempting to discover APlayerController::EnableCheats at 00007FFFA5EA3A10
[2026.06.12-12.51.17:402][  0]LogNativeHookManager: Display: Attempting to resolve virtual function APlayerController::EnableCheats. This adjustment: 0x0, virtual function table offset: 0xb98
[2026.06.12-12.51.17:403][  0]LogNativeHookManager: Display: Successfully resolved virtual function thunk APlayerController::EnableCheats at 00007FFFA5EA3A10 to function implementation at 00007FFFB9C9EEF3
[2026.06.12-12.51.17:403][  0]LogNativeHookManager: Display: Hooking function APlayerController::EnableCheats: Provided address: 00007FFFA5EA3A10, resolved address: 00007FFFB9C9EEF3
[2026.06.12-12.51.17:403][  0]LogNativeHookManager: Display: Overriding APlayerController::EnableCheats at 00007FFFB9C9EEF3 to 00007FFFA5EA8DD0
[2026.06.12-12.51.17:403][  0]LogNativeHookManager: Display: Successfully hooked function APlayerController::EnableCheats at 00007FFFB9C9EEF3
[2026.06.12-12.51.17:403][  0]LogModNetworkHandler: Display: Registering message type SML:1
[2026.06.12-12.51.17:403][  0]LogSatisfactoryModLoader: Display: Initialization finished!
[2026.06.12-12.51.17:415][  0]LogInit: OnPostEngineInit has been broadcasted successfully.
[2026.06.12-12.51.17:423][  0]LogDLSS: FDLSSModule::StartupModule Enter
[2026.06.12-12.51.17:423][  0]LogDLSS: PluginBaseDir ../../../FactoryGame/Plugins/DLSS
[2026.06.12-12.51.17:423][  0]LogDLSS: NGXBinariesDir ../../../FactoryGame/Plugins/DLSS/Binaries/ThirdParty/Win64/
[2026.06.12-12.51.17:423][  0]LogDLSS: GDynamicRHIName AMD D3D12
[2026.06.12-12.51.17:423][  0]LogDLSS: NVIDIA NGX DLSS requires an NVIDIA RTX series graphics card
[2026.06.12-12.51.17:423][  0]LogDLSS: NVIDIA NGX DLSS supported SR=0 RR=0
[2026.06.12-12.51.17:423][  0]LogDLSS: FDLSSModule::StartupModule Leave
[2026.06.12-12.51.17:423][  0]LogUserSetting: Initializing user settings
[2026.06.12-12.51.17:444][  0]LogSynthBenchmark: Display: FSynthBenchmark (V0.95):  requested WorkScale=10.00
[2026.06.12-12.51.17:444][  0]LogSynthBenchmark: Display: ===============
[2026.06.12-12.51.17:444][  0]LogSynthBenchmark: Display: Main Processor:
[2026.06.12-12.51.17:771][  0]LogSynthBenchmark: Display:          ... 0.016983 s/Run 'RayIntersect'
[2026.06.12-12.51.17:771][  0]LogSynthBenchmark: Display:          ... 0.015703 s/Run 'Fractal'
[2026.06.12-12.51.17:771][  0]LogSynthBenchmark: Display: 
[2026.06.12-12.51.17:771][  0]LogSynthBenchmark: Display:   CompiledTarget_x_Bits: 64
[2026.06.12-12.51.17:771][  0]LogSynthBenchmark: Display:   UE_BUILD_SHIPPING: 1
[2026.06.12-12.51.17:771][  0]LogSynthBenchmark: Display:   UE_BUILD_TEST: 0
[2026.06.12-12.51.17:771][  0]LogSynthBenchmark: Display:   UE_BUILD_DEBUG: 0
[2026.06.12-12.51.17:771][  0]LogSynthBenchmark: Display:   TotalPhysicalGBRam: 14
[2026.06.12-12.51.17:771][  0]LogSynthBenchmark: Display:   NumberOfCores (physical): 8
[2026.06.12-12.51.17:771][  0]LogSynthBenchmark: Display:   NumberOfCores (logical): 16
[2026.06.12-12.51.17:771][  0]LogSynthBenchmark: Display:   CPU Perf Index 0: 150.8 (weight 1.00)
[2026.06.12-12.51.17:771][  0]LogSynthBenchmark: Display:   CPU Perf Index 1: 182.1 (weight 1.50)
[2026.06.12-12.51.17:771][  0]LogSynthBenchmark: Display:  
[2026.06.12-12.51.17:771][  0]LogSynthBenchmark: Display: Graphics:
[2026.06.12-12.51.17:771][  0]LogSynthBenchmark: Display:   Adapter Name: 'AMD Radeon(TM) Graphics'
[2026.06.12-12.51.17:771][  0]LogSynthBenchmark: Display:   (On Optimus the name might be wrong, memory should be ok)
[2026.06.12-12.51.17:771][  0]LogSynthBenchmark: Display:   Vendor Id: 0x1002
[2026.06.12-12.51.17:771][  0]LogSynthBenchmark: Display:   Device Id: 0x1681
[2026.06.12-12.51.17:771][  0]LogSynthBenchmark: Display:   Device Revision: 0xA
[2026.06.12-12.51.17:771][  0]LogSynthBenchmark: Display:   GPU Memory: 2020/0/7011 MB
[2026.06.12-12.51.17:778][  0]LogRHI: Display: Encountered a new graphics PSO: 1174220289
[2026.06.12-12.51.17:849][  0]LogRHI: Display: Encountered a new graphics PSO: 1384172321
[2026.06.12-12.51.17:849][  0]LogRHI: Display: Encountered a new graphics PSO: 255532253
[2026.06.12-12.51.17:849][  0]LogRHI: Display: Encountered a new graphics PSO: 2480427302
[2026.06.12-12.51.17:849][  0]LogRHI: Display: Encountered a new graphics PSO: 1538107023
[2026.06.12-12.51.17:849][  0]LogRHI: Display: Encountered a new graphics PSO: 3219885455
[2026.06.12-12.51.17:849][  0]LogRHI: Display: Encountered a new graphics PSO: 606110519
[2026.06.12-12.51.17:849][  0]LogRHI: Display: Encountered a new graphics PSO: 476208254
[2026.06.12-12.51.18:932][  0]LogSynthBenchmark: Display:   GPU warmup (round 1) test: 0.92s
[2026.06.12-12.51.18:932][  0]LogSynthBenchmark: Display:          ... 6.070 s/GigaPix, Confidence=100% 'ALUHeavyNoise' (likely to be inaccurate)
[2026.06.12-12.51.18:933][  0]LogSynthBenchmark: Display:          ... 4.481 s/GigaPix, Confidence=100% 'TexHeavy' (likely to be inaccurate)
[2026.06.12-12.51.18:933][  0]LogSynthBenchmark: Display:          ... 4.454 s/GigaPix, Confidence=100% 'DepTexHeavy' (likely to be inaccurate)
[2026.06.12-12.51.18:933][  0]LogSynthBenchmark: Display:          ... 43.297 s/GigaPix, Confidence=100% 'FillOnly' (likely to be inaccurate)
[2026.06.12-12.51.18:933][  0]LogSynthBenchmark: Display:          ... 0.516 s/GigaPix, Confidence=100% 'Bandwidth' (likely to be inaccurate)
[2026.06.12-12.51.18:933][  0]LogSynthBenchmark: Display:          ... 0.787 s/GigaVert, Confidence=100% 'VertThroughPut1' (likely to be inaccurate)
[2026.06.12-12.51.18:933][  0]LogSynthBenchmark: Display:          ... 1.361 s/GigaVert, Confidence=100% 'VertThroughPut2' (likely to be inaccurate)
[2026.06.12-12.51.20:837][  0]LogSynthBenchmark: Display:   GPU warmup (round 2) test: 0.83s
[2026.06.12-12.51.20:837][  0]LogSynthBenchmark: Display:          ... 6.678 s/GigaPix, Confidence=100% 'ALUHeavyNoise' (likely to be inaccurate)
[2026.06.12-12.51.20:837][  0]LogSynthBenchmark: Display:          ... 4.940 s/GigaPix, Confidence=100% 'TexHeavy' (likely to be inaccurate)
[2026.06.12-12.51.20:837][  0]LogSynthBenchmark: Display:          ... 4.937 s/GigaPix, Confidence=89% 'DepTexHeavy' (likely to be inaccurate)
[2026.06.12-12.51.20:837][  0]LogSynthBenchmark: Display:          ... 47.763 s/GigaPix, Confidence=100% 'FillOnly' (likely to be inaccurate)
[2026.06.12-12.51.20:837][  0]LogSynthBenchmark: Display:          ... 0.571 s/GigaPix, Confidence=100% 'Bandwidth' (likely to be inaccurate)
[2026.06.12-12.51.20:837][  0]LogSynthBenchmark: Display:          ... 0.802 s/GigaVert, Confidence=100% 'VertThroughPut1' (likely to be inaccurate)
[2026.06.12-12.51.20:837][  0]LogSynthBenchmark: Display:          ... 1.511 s/GigaVert, Confidence=100% 'VertThroughPut2' (likely to be inaccurate)
[2026.06.12-12.51.22:654][  0]LogSynthBenchmark: Display:   GPU warmup (round 3) test: 0.78s
[2026.06.12-12.51.22:654][  0]LogSynthBenchmark: Display:          ... 7.316 s/GigaPix, Confidence=100% 'ALUHeavyNoise' (likely to be inaccurate)
[2026.06.12-12.51.22:654][  0]LogSynthBenchmark: Display:          ... 5.450 s/GigaPix, Confidence=100% 'TexHeavy' (likely to be inaccurate)
[2026.06.12-12.51.22:654][  0]LogSynthBenchmark: Display:          ... 5.425 s/GigaPix, Confidence=100% 'DepTexHeavy' (likely to be inaccurate)
[2026.06.12-12.51.22:654][  0]LogSynthBenchmark: Display:          ... 52.405 s/GigaPix, Confidence=100% 'FillOnly' (likely to be inaccurate)
[2026.06.12-12.51.22:654][  0]LogSynthBenchmark: Display:          ... 0.627 s/GigaPix, Confidence=100% 'Bandwidth' (likely to be inaccurate)
[2026.06.12-12.51.22:654][  0]LogSynthBenchmark: Display:          ... 0.835 s/GigaVert, Confidence=100% 'VertThroughPut1' (likely to be inaccurate)
[2026.06.12-12.51.22:654][  0]LogSynthBenchmark: Display:          ... 1.663 s/GigaVert, Confidence=100% 'VertThroughPut2' (likely to be inaccurate)
[2026.06.12-12.51.28:891][  0]LogSynthBenchmark: Display:   GPU final test: 5.21s
[2026.06.12-12.51.28:891][  0]LogSynthBenchmark: Display:          ... 7.719 s/GigaPix, Confidence=100% 'ALUHeavyNoise'
[2026.06.12-12.51.28:891][  0]LogSynthBenchmark: Display:          ... 5.405 s/GigaPix, Confidence=100% 'TexHeavy'
[2026.06.12-12.51.28:891][  0]LogSynthBenchmark: Display:          ... 5.200 s/GigaPix, Confidence=100% 'DepTexHeavy'
[2026.06.12-12.51.28:891][  0]LogSynthBenchmark: Display:          ... 52.216 s/GigaPix, Confidence=100% 'FillOnly'
[2026.06.12-12.51.28:891][  0]LogSynthBenchmark: Display:          ... 0.591 s/GigaPix, Confidence=100% 'Bandwidth'
[2026.06.12-12.51.28:891][  0]LogSynthBenchmark: Display:          ... 0.829 s/GigaVert, Confidence=100% 'VertThroughPut1'
[2026.06.12-12.51.28:891][  0]LogSynthBenchmark: Display:          ... 1.619 s/GigaVert, Confidence=100% 'VertThroughPut2'
[2026.06.12-12.51.28:891][  0]LogSynthBenchmark: Display:   GPU Final Results:
[2026.06.12-12.51.28:891][  0]LogSynthBenchmark: Display:          ... 7.719 s/GigaPix, Confidence=100% 'ALUHeavyNoise'
[2026.06.12-12.51.28:891][  0]LogSynthBenchmark: Display:          ... 5.405 s/GigaPix, Confidence=100% 'TexHeavy'
[2026.06.12-12.51.28:891][  0]LogSynthBenchmark: Display:          ... 5.200 s/GigaPix, Confidence=100% 'DepTexHeavy'
[2026.06.12-12.51.28:891][  0]LogSynthBenchmark: Display:          ... 52.216 s/GigaPix, Confidence=100% 'FillOnly'
[2026.06.12-12.51.28:891][  0]LogSynthBenchmark: Display:          ... 0.591 s/GigaPix, Confidence=100% 'Bandwidth'
[2026.06.12-12.51.28:891][  0]LogSynthBenchmark: Display:          ... 0.829 s/GigaVert, Confidence=100% 'VertThroughPut1'
[2026.06.12-12.51.28:891][  0]LogSynthBenchmark: Display:          ... 1.619 s/GigaVert, Confidence=100% 'VertThroughPut2'
[2026.06.12-12.51.28:891][  0]LogSynthBenchmark: Display: 
[2026.06.12-12.51.28:891][  0]LogSynthBenchmark: Display:   GPU Perf Index 0: 167.8 (weight 1.00)
[2026.06.12-12.51.28:891][  0]LogSynthBenchmark: Display:   GPU Perf Index 1: 72.6 (weight 0.10)
[2026.06.12-12.51.28:891][  0]LogSynthBenchmark: Display:   GPU Perf Index 2: 135.2 (weight 0.10)
[2026.06.12-12.51.28:891][  0]LogSynthBenchmark: Display:   GPU Perf Index 3: 205.1 (weight 3.00)
[2026.06.12-12.51.28:891][  0]LogSynthBenchmark: Display:   GPU Perf Index 4: 55.1 (weight 1.00)
[2026.06.12-12.51.28:891][  0]LogSynthBenchmark: Display:   GPU Perf Index 5: 53.9 (weight 0.00)
[2026.06.12-12.51.28:891][  0]LogSynthBenchmark: Display:   GPU Perf Index 6: 91.6 (weight 0.00)
[2026.06.12-12.51.28:891][  0]LogSynthBenchmark: Display:   GPUIndex: 165.2
[2026.06.12-12.51.28:891][  0]LogSynthBenchmark: Display:   CPUIndex: 169.6
[2026.06.12-12.51.28:891][  0]LogSynthBenchmark: Display: 
[2026.06.12-12.51.28:891][  0]LogSynthBenchmark: Display:          ... Total Time: 11.446867 sec
[2026.06.12-12.51.28:897][  0]LogUserSetting: DLSS module was loaded, initializing user settings
[2026.06.12-12.51.28:897][  0]LogDLSSNGXRHI: FNGXRHIModule::StartupModule Enter
[2026.06.12-12.51.28:897][  0]LogDLSSNGXRHI: FNGXRHIModule::StartupModule Leave
[2026.06.12-12.51.28:898][  0]LogStreamline: FStreamlineCoreModule::StartupModule Enter
[2026.06.12-12.51.28:898][  0]LogStreamline: RegisterStreamlineReflexHooks Enter
[2026.06.12-12.51.28:899][  0]LogStreamline: FStreamlineMaxTickRateHandler::Initialize sl::ReflexState::lowLatencyAvailable=0
[2026.06.12-12.51.28:899][  0]LogStreamline: FStreamlineMaxTickRateHandler::Initialize sl::ReflexState::latencyReportAvailable=0
[2026.06.12-12.51.28:899][  0]LogStreamline: FStreamlineLatencyMarkers::Initialize sl::ReflexState::flashIndicatorDriverControlled=0
[2026.06.12-12.51.28:899][  0]LogStreamline: RegisterStreamlineReflexHooks Leave
[2026.06.12-12.51.28:899][  0]LogStreamline: NVIDIA Streamline supported 1
[2026.06.12-12.51.28:899][  0]LogStreamline: FStreamlineCoreModule::StartupModule Leave
[2026.06.12-12.51.28:900][  0]LogInit: Display: Starting Game.
[2026.06.12-12.51.28:901][  0]LogGlobalStatus: UEngine::Browse Started Browse: "/Game/FactoryGame/Map/MenuScenes/Map_Menu_1_02?Name=Player"
[2026.06.12-12.51.28:901][  0]LogNet: Browse: /Game/FactoryGame/Map/MenuScenes/Map_Menu_1_02?Name=Player
[2026.06.12-12.51.28:912][  0]LogLoad: LoadMap: /Game/FactoryGame/Map/MenuScenes/Map_Menu_1_02?Name=Player
[2026.06.12-12.51.28:912][  0]LogWorld: BeginTearingDown for /Temp/Untitled_0
[2026.06.12-12.51.28:912][  0]LogWorld: UWorld::CleanupWorld for Untitled, bSessionEnded=true, bCleanupResources=true
[2026.06.12-12.51.28:920][  0]LogAudio: Display: Audio Device unregistered from world 'None'.
[2026.06.12-12.51.28:984][  0]LogUObjectHash: Compacting FUObjectHashTables data took   2.80ms
[2026.06.12-12.51.29:132][  0]LogStaticMesh: [DioTree_03] Mesh is marked for CPU read.
[2026.06.12-12.51.29:132][  0]LogStaticMesh: [DioTree_03] Mesh is marked for CPU read.
[2026.06.12-12.51.29:132][  0]LogStaticMesh: [DioTree_03] Mesh is marked for CPU read.
[2026.06.12-12.51.29:132][  0]LogStaticMesh: [DioTree_03] Mesh is marked for CPU read.
[2026.06.12-12.51.29:133][  0]LogStaticMesh: [SM_SnakeLegs_Tree_02] Mesh is marked for CPU read.
[2026.06.12-12.51.29:133][  0]LogStaticMesh: [SM_SnakeLegs_Tree_02] Mesh is marked for CPU read.
[2026.06.12-12.51.29:133][  0]LogStaticMesh: [SM_SnakeLegs_Tree_02] Mesh is marked for CPU read.
[2026.06.12-12.51.29:133][  0]LogStaticMesh: [SM_SnakeLegs_Tree_02] Mesh is marked for CPU read.
[2026.06.12-12.51.29:135][  0]LogStaticMesh: [SM_GreenTree_01] Mesh is marked for CPU read.
[2026.06.12-12.51.29:135][  0]LogStaticMesh: [SM_GreenTree_01] Mesh is marked for CPU read.
[2026.06.12-12.51.29:135][  0]LogStaticMesh: [SM_GreenTree_01] Mesh is marked for CPU read.
[2026.06.12-12.51.29:136][  0]LogStaticMesh: [SM_GreenTree_01] Mesh is marked for CPU read.
[2026.06.12-12.51.29:136][  0]LogStaticMesh: [SM_GreenTree_02] Mesh is marked for CPU read.
[2026.06.12-12.51.29:136][  0]LogStaticMesh: [SM_GreenTree_02] Mesh is marked for CPU read.
[2026.06.12-12.51.29:136][  0]LogStaticMesh: [SM_GreenTree_02] Mesh is marked for CPU read.
[2026.06.12-12.51.29:136][  0]LogStaticMesh: [SM_GreenTree_02] Mesh is marked for CPU read.
[2026.06.12-12.51.29:138][  0]LogStaticMesh: [SM_SnakeLegs_Tree_01] Mesh is marked for CPU read.
[2026.06.12-12.51.29:138][  0]LogStaticMesh: [SM_SnakeLegs_Tree_01] Mesh is marked for CPU read.
[2026.06.12-12.51.29:138][  0]LogStaticMesh: [SM_SnakeLegs_Tree_01] Mesh is marked for CPU read.
[2026.06.12-12.51.29:138][  0]LogStaticMesh: [SM_SnakeLegs_Tree_01] Mesh is marked for CPU read.
[2026.06.12-12.51.29:178][  0]LogStaticMesh: [CliffPillar_03] Mesh is marked for CPU read.
[2026.06.12-12.51.29:178][  0]LogStaticMesh: [CliffPillar_03] Mesh is marked for CPU read.
[2026.06.12-12.51.29:178][  0]LogStaticMesh: [CliffPillar_03] Mesh is marked for CPU read.
[2026.06.12-12.51.29:178][  0]LogStaticMesh: [CliffPillar_03] Mesh is marked for CPU read.
[2026.06.12-12.51.29:179][  0]LogStaticMesh: [CliffFlat_03] Mesh is marked for CPU read.
[2026.06.12-12.51.29:179][  0]LogStaticMesh: [CliffFlat_03] Mesh is marked for CPU read.
[2026.06.12-12.51.29:179][  0]LogStaticMesh: [CliffFlat_03] Mesh is marked for CPU read.
[2026.06.12-12.51.29:179][  0]LogStaticMesh: [CliffFlat_03] Mesh is marked for CPU read.
[2026.06.12-12.51.29:179][  0]LogStaticMesh: [CliffPillar_01] Mesh is marked for CPU read.
[2026.06.12-12.51.29:179][  0]LogStaticMesh: [CliffPillar_01] Mesh is marked for CPU read.
[2026.06.12-12.51.29:179][  0]LogStaticMesh: [CliffPillar_01] Mesh is marked for CPU read.
[2026.06.12-12.51.29:179][  0]LogStaticMesh: [CliffPillar_01] Mesh is marked for CPU read.
[2026.06.12-12.51.29:181][  0]LogStaticMesh: [CliffPillar_01_Bot] Mesh is marked for CPU read.
[2026.06.12-12.51.29:181][  0]LogStaticMesh: [CliffPillar_01_Bot] Mesh is marked for CPU read.
[2026.06.12-12.51.29:181][  0]LogStaticMesh: [CliffPillar_01_Bot] Mesh is marked for CPU read.
[2026.06.12-12.51.29:181][  0]LogStaticMesh: [CliffPillar_01_Bot] Mesh is marked for CPU read.
[2026.06.12-12.51.29:181][  0]LogStaticMesh: [CliffPillar_01_Front] Mesh is marked for CPU read.
[2026.06.12-12.51.29:181][  0]LogStaticMesh: [CliffPillar_01_Front] Mesh is marked for CPU read.
[2026.06.12-12.51.29:181][  0]LogStaticMesh: [CliffPillar_01_Front] Mesh is marked for CPU read.
[2026.06.12-12.51.29:181][  0]LogStaticMesh: [CliffPillar_01_Front] Mesh is marked for CPU read.
[2026.06.12-12.51.29:181][  0]LogStaticMesh: [CliffFormation_05_CollisionPH] Mesh is marked for CPU read.
[2026.06.12-12.51.29:182][  0]LogStaticMesh: [CliffFormation_05_CollisionPH] Mesh is marked for CPU read.
[2026.06.12-12.51.29:182][  0]LogStaticMesh: [CliffFormation_05_CollisionPH] Mesh is marked for CPU read.
[2026.06.12-12.51.29:182][  0]LogStaticMesh: [CliffFormation_05_CollisionPH] Mesh is marked for CPU read.
[2026.06.12-12.51.29:182][  0]LogStaticMesh: [CliffPillar_02] Mesh is marked for CPU read.
[2026.06.12-12.51.29:183][  0]LogStaticMesh: [CliffPillar_02] Mesh is marked for CPU read.
[2026.06.12-12.51.29:183][  0]LogStaticMesh: [CliffPillar_02] Mesh is marked for CPU read.
[2026.06.12-12.51.29:183][  0]LogStaticMesh: [CliffPillar_02] Mesh is marked for CPU read.
[2026.06.12-12.51.29:184][  0]LogStaticMesh: [PowerSnail] Mesh is marked for CPU read.
[2026.06.12-12.51.29:184][  0]LogStaticMesh: [PowerSnail] Mesh is marked for CPU read.
[2026.06.12-12.51.29:184][  0]LogStaticMesh: [PowerSnail] Mesh is marked for CPU read.
[2026.06.12-12.51.29:364][  0]LogMaterial: Warning: TranslucentWater: Requesting an invalid TextureIndex! (6 / 8)
[2026.06.12-12.51.29:394][  0]LogAudio: Display: Audio Device (ID: 1) registered with world 'Map_Menu_1_02'.
[2026.06.12-12.51.29:420][  0]LogLoad: Game class is 'BP_GameModeMenu_C'
[2026.06.12-12.51.29:539][  0]LogWorld: Bringing World /Game/FactoryGame/Map/MenuScenes/Map_Menu_1_02.Map_Menu_1_02 up for play (max tick rate 60) at 2026.06.12-15.51.29
[2026.06.12-12.51.29:542][  0]LogGame: Discovered 0 Remote Call Objects on AFGGameMode::InitGame
[2026.06.12-12.51.29:967][  0]LogMaterial: Error: Loading a material resource None with an invalid ShaderMap!
[2026.06.12-12.51.29:967][  0]LogMaterial: Error: Loading a material resource None with an invalid ShaderMap!
[2026.06.12-12.51.29:967][  0]LogMaterial: Error: Loading a material resource None with an invalid ShaderMap!
[2026.06.12-12.51.29:967][  0]LogMaterial: Error: Loading a material resource None with an invalid ShaderMap!
[2026.06.12-12.51.29:982][  0]LogMaterial: Error: Tried to access an uncooked shader map ID in a cooked application
[2026.06.12-12.51.29:982][  0]LogMaterial: Warning: Invalid shader map ID caching shaders for 'Mat-Diamond', will use default material.
[2026.06.12-12.51.29:982][  0]LogMaterial: Can't compile Mat-Diamond with cooked content, will use default material instead
[2026.06.12-12.51.29:982][  0]LogMaterial: Warning: [AssetLog] C:\Program Files (x86)\Steam\steamapps\common\Satisfactory\FactoryGame\Mods\DeepMining\Content\Assets\Mat-Diamond: Failed to compile Material for platform PCD3D_SM6, Default Material will be used in game.

[2026.06.12-12.51.30:432][  0]LogSatisfactoryModLoader: Discovered 2 world modules of class MenuWorldModule
[2026.06.12-12.51.30:432][  0]LogSatisfactoryModLoader: Dispatching lifecycle event CONSTRUCTION to world Map_Menu_1_02 modules
[2026.06.12-12.51.30:432][  0]LogSatisfactoryModLoader: Dispatching lifecycle event INITIALIZATION to world Map_Menu_1_02 modules
[2026.06.12-12.51.30:432][  0]LogWorld: Bringing up level for play took: 1.012568
[2026.06.12-12.51.30:433][  0]LogWindows: WindowsPlatformFeatures enabled
[2026.06.12-12.51.30:433][  0]LogEnhancedInput: Enhanced Input local player subsystem has initalized the user settings!
[2026.06.12-12.51.30:433][  0]LogOnlineVoice: OSS: Voice interface disabled by config [OnlineSubsystem].bHasVoiceEnabled
[2026.06.12-12.51.30:433][  0]LogGameMode: Display: Match State Changed from EnteringMap to WaitingToStart
[2026.06.12-12.51.30:433][  0]LogGameState: Match State Changed from EnteringMap to WaitingToStart
[2026.06.12-12.51.30:433][  0]LogGameMode: Display: Match State Changed from WaitingToStart to InProgress
[2026.06.12-12.51.30:434][  0]LogAkAudio: AFGPlayerControllerBase::SetupWwise
[2026.06.12-12.51.30:498][  0]LogScript: Warning: UAkGameplayStatics::PostAkEvent: NULL Actor specified!
[2026.06.12-12.51.30:498][  0]LogGame: Apply Lightweight Instances from Load took: 0.000006 seconds
[2026.06.12-12.51.30:555][  0]LogBlueprintUserMessages: [BPW_UserIcon] -- Avatar request failed URL: 
[2026.06.12-12.51.30:555][  0]LogBlueprintUserMessages: [BPW_OnlineStatus] Trying to check permission but SessionInfoModel is invalid
[2026.06.12-12.51.30:561][  0]LogSlate: Took 0.001475 seconds to synchronously load lazily loaded font '../../../FactoryGame/Content/FactoryGame/Interface/Font/OpenSans-Regular.ufont' (213K)
[2026.06.12-12.51.30:588][  0]LogUI: UpdateFocusHighlights [Widget_PlayMenu_Alpha] -- FORCE FOCUS LOST
[2026.06.12-12.51.30:588][  0]LogUI: UpdateFocusHighlights [Widget_PlayMenu_Alpha] -- FORCE FOCUS LOST
[2026.06.12-12.51.30:689][  0]LogBlueprintUserMessages: [BPW_UserIcon] -- Avatar request failed URL: 
[2026.06.12-12.51.30:720][  0]LogUI: UpdateFocusHighlights [mCreateNewGame] -- FORCE FOCUS LOST
[2026.06.12-12.51.30:720][  0]LogUI: UpdateFocusHighlights [mCreateNewGame] -- FORCE FOCUS LOST
[2026.06.12-12.51.30:729][  0]LogSlate: Took 0.000433 seconds to synchronously load lazily loaded font '../../../Engine/Content/Slate/Fonts/Roboto-Regular.ttf' (155K)
[2026.06.12-12.51.30:752][  0]LogUI: UpdateFocusHighlights Widget_ServerManager NO CDO
[2026.06.12-12.51.30:754][  0]LogBlueprintUserMessages: [BPW_ReadOnlySessionInfo] Trying to check permissions but SessionInfoModel is not valid
[2026.06.12-12.51.30:756][  0]Model View Viewmodel: Error: При инициализации источник 'SessionInformationModel' был рассчитан как недопустимый. BPW_JoinGame_SessionMenu
[2026.06.12-12.51.30:756][  0]Model View Viewmodel: Error: Недопустимый источник 'SessionInformationModel', невозможно инициализировать привязки. BPW_JoinGame_SessionMenu
[2026.06.12-12.51.30:756][  0]Model View Viewmodel: Error: При инициализации источник 'SessionInformationModel_mOnlineSessionInfo' был рассчитан как недопустимый. BPW_JoinGame_SessionMenu
[2026.06.12-12.51.30:756][  0]Model View Viewmodel: Error: Недопустимый источник 'SessionInformationModel_mOnlineSessionInfo', невозможно инициализировать привязки. BPW_JoinGame_SessionMenu
[2026.06.12-12.51.30:757][  0]Model View Viewmodel: Error: При инициализации источник 'SessionInformationModel_mOnlineSessionInfo_SessionBackend' был рассчитан как недопустимый. BPW_JoinGame_SessionMenu
[2026.06.12-12.51.30:757][  0]Model View Viewmodel: Error: Недопустимый источник 'SessionInformationModel_mOnlineSessionInfo_SessionBackend', невозможно инициализировать привязки. BPW_JoinGame_SessionMenu
[2026.06.12-12.51.30:758][  0]Model View Viewmodel: Error: Привязка '1' на выполнена. Имеются недопустимые источники. BPW_JoinGame_SessionMenu
[2026.06.12-12.51.30:758][  0]Model View Viewmodel: Error: Привязка '2' на выполнена. Имеются недопустимые источники. BPW_JoinGame_SessionMenu
[2026.06.12-12.51.30:759][  0]Model View Viewmodel: Error: При инициализации источник 'SelectedSessionInformation' был рассчитан как недопустимый. BPW_JoinGame
[2026.06.12-12.51.30:759][  0]Model View Viewmodel: Error: Недопустимый источник 'SelectedSessionInformation', невозможно инициализировать привязки. BPW_JoinGame
[2026.06.12-12.51.30:788][  0]LogBlueprint: Error: Array_Sort failed: Failed to find comparator function Widget_SessionSettingsUser Setting Category Mapping Structure_Comparator inside of Object /SML/Interface/UI/Menu/Widget_SessionSettings.Widget_SessionSettings_C
[2026.06.12-12.51.30:810][  0]LogBlueprint: Error: Array_Sort failed: Failed to find comparator function Widget_SessionSettingsUser Setting Category Mapping Structure_Comparator inside of Object /SML/Interface/UI/Menu/Widget_SessionSettings.Widget_SessionSettings_C
[2026.06.12-12.51.30:822][  0]LogMovieScene: Initializing a legacy player for sequence 'mSwitchImageAnim_INST'.
[2026.06.12-12.51.30:829][  0]LogMovieScene: Initializing a legacy player for sequence 'mSwitchImageAnim_INST'.
[2026.06.12-12.51.30:844][  0]Model View Viewmodel: Error: При инициализации источник 'OnlineIntegrationState_PendingSessionMigration' был рассчитан как недопустимый. Widget_PendingSessionMigration
[2026.06.12-12.51.30:844][  0]Model View Viewmodel: Error: Недопустимый источник 'OnlineIntegrationState_PendingSessionMigration', невозможно инициализировать привязки. Widget_PendingSessionMigration
[2026.06.12-12.51.30:849][  0]LogGame: Error: IFGOptionInterfaceImpl::GetOptionValue - Could not find user setting with id 'conveyor.UseExperimental'
[2026.06.12-12.51.30:849][  0]LogLoad: Loading WwiseSoundEngine module: WwiseSoundEngine
[2026.06.12-12.51.30:851][  0]LogGameState: Match State Changed from WaitingToStart to InProgress
[2026.06.12-12.51.30:851][  0]LogSatisfactoryModLoader: Dispatching lifecycle event POST_INITIALIZATION to world Map_Menu_1_02 modules
[2026.06.12-12.51.30:852][  0]LogLoad: Took 1.939715 seconds to LoadMap(/Game/FactoryGame/Map/MenuScenes/Map_Menu_1_02)
[2026.06.12-12.51.30:852][  0]LogGlobalStatus: UEngine::LoadMap Load map complete /Game/FactoryGame/Map/MenuScenes/Map_Menu_1_02
[2026.06.12-12.51.30:854][  0]LogRHI: Display: ShaderPipelineCache: Paused Batching. 1
[2026.06.12-12.51.30:854][  0]LogRHI: Display: ShaderPipelineCache: Resumed Batching. 0
[2026.06.12-12.51.30:854][  0]LogRHI: Display: ShaderPipelineCache: Batching Resumed.
[2026.06.12-12.51.30:901][  0]LogInit: Display: Engine is initialized. Leaving FEngineLoop::Init()
[2026.06.12-12.51.30:901][  0]LogLoad: (Engine Initialization) Total time: 20.01 seconds
[2026.06.12-12.51.30:932][  0]LogRHI: Display: Encountered a new graphics PSO: 3066083697
[2026.06.12-12.51.30:933][  0]LogContentStreaming: Texture pool size now 400 MB
[2026.06.12-12.51.30:958][  0]LogSlate: Took 0.001259 seconds to synchronously load lazily loaded font '../../../FactoryGame/Content/FactoryGame/Interface/Font/OpenSans-Bold.ufont' (220K)
[2026.06.12-12.51.30:959][  0]LogSlate: Took 0.000393 seconds to synchronously load lazily loaded font '../../../FactoryGame/Content/FactoryGame/Interface/Font/OpenSans-SemiBold.ufont' (216K)
[2026.06.12-12.51.30:960][  0]LogSlate: Took 0.000304 seconds to synchronously load lazily loaded font '../../../Engine/Content/EngineFonts/Faces/RobotoBold.ufont' (160K)
[2026.06.12-12.51.31:228][  0]LogD3D12RHI: Swapchain Resized:
	Before: Viewport=0x000002BB12268C80, Num=3, Size=(1600,1000), PF=18, DXGIFormat=0x18, Fullscreen=0, AllowTearing=1
	After: Viewport=0x000002BB12268C80, Num=3, Size=(1600,1000), PF=18, DXGIFormat=0x18, Fullscreen=1, AllowTearing=1
[2026.06.12-12.51.31:430][  0]LogD3D12RHI: Swapchain Resized:
	Before: Viewport=0x000002BB12268C80, Num=3, Size=(1600,1000), PF=18, DXGIFormat=0x18, Fullscreen=1, AllowTearing=1
	After: Viewport=0x000002BB12268C80, Num=3, Size=(1280,800), PF=18, DXGIFormat=0x18, Fullscreen=1, AllowTearing=1
[2026.06.12-12.51.31:488][  0]LogStreaming: Display: FlushAsyncLoading(622): 1 QueuedPackages, 0 AsyncPackages
[2026.06.12-12.51.31:523][  0]LogMoviePlayer: Initializing movie player
[2026.06.12-12.51.31:584][  0]LogStreamableManager: Display: RequestAsyncLoad() called with empty or only null assets!
[2026.06.12-12.51.31:592][  0]LogSlate: InvalidateAllWidgets triggered.  All widgets were invalidated
[2026.06.12-12.51.31:593][  0]LogEOSSDK: Warning: LogEOSRTC: TickTracker Tick is delayed. TimePeriod=[18.550781s]  TickIntervalThreshold=[0.100000s] MaxTickInterval=[18.550770s] MaxExecutionTime=[0.000011s] TicksCount=[1] ExpectedTicksCount=[1855]
[2026.06.12-12.51.31:594][  0]LogSlate: InvalidateAllWidgets triggered.  All widgets were invalidated
[2026.06.12-12.51.31:748][  0]LogOnlineServices: [FAuthEOSGS::Login] Successfully logged in as [Steam:1 (76561198412322587)]
[2026.06.12-12.51.31:748][  0]LogCommonUser: Player login status changed - System:Platform, NewStatus:LoggedIn
[2026.06.12-12.51.31:748][  0]LogCommonUser: QueryBlocked - start Query on Backend service: STEAM
[2026.06.12-12.51.31:749][  0]LogCommonUser: QueryBlocked - completed Query on Backend service: STEAM
[2026.06.12-12.51.31:750][  0]LogCommonUser: Query Friends All
[2026.06.12-12.51.31:751][  0]LogCommonUser: QueryBlockedAll - start Query
[2026.06.12-12.51.31:751][  0]LogCommonUser: QueryBlocked - start Query on Backend service: STEAM
[2026.06.12-12.51.31:751][  0]LogCommonUser: QueryBlocked - completed Query on Backend service: STEAM
[2026.06.12-12.51.31:751][  0]LogCommonUser: QueryBlocked - start Query on Backend service: Epic
[2026.06.12-12.51.31:751][  0]LogCommonUser: QueryBlockedAll - already in progress dont mess with the Queue, returning.
[2026.06.12-12.51.31:751][  0]LogCommonUser: QueryBlockedAll - already in progress dont mess with the Queue, returning.
[2026.06.12-12.51.31:752][  0]LogCommonUser: QueryBlockedAll - already in progress dont mess with the Queue, returning.
[2026.06.12-12.51.31:752][  0]LogCommonUser: Query Friends All
[2026.06.12-12.51.31:759][  1]LogRHI: Display: Encountered a new graphics PSO: 2033831605
[2026.06.12-12.51.31:759][  1]LogRHI: Display: Encountered a new graphics PSO: 485397704
[2026.06.12-12.51.31:759][  1]LogRHI: Display: Encountered a new graphics PSO: 1931863665
[2026.06.12-12.51.31:760][  1]LogRHI: Display: Encountered a new graphics PSO: 3710694028
[2026.06.12-12.51.31:760][  1]LogRHI: Display: Encountered a new graphics PSO: 2797431536
[2026.06.12-12.51.31:760][  1]LogRHI: Display: Encountered a new graphics PSO: 2995127641
[2026.06.12-12.51.31:760][  1]LogRHI: Display: Encountered a new graphics PSO: 827872222
[2026.06.12-12.51.31:760][  1]LogRHI: Display: Encountered a new compute PSO: 2013997786
[2026.06.12-12.51.31:760][  1]LogRHI: Display: Encountered a new graphics PSO: 705690822
[2026.06.12-12.51.31:760][  1]LogRHI: Display: Encountered a new graphics PSO: 3869054024
[2026.06.12-12.51.31:760][  1]LogRHI: Display: Encountered a new compute PSO: 2579764469
[2026.06.12-12.51.31:760][  1]LogRHI: Display: Encountered a new graphics PSO: 1845578464
[2026.06.12-12.51.31:760][  1]LogRHI: Display: Encountered a new graphics PSO: 2316446865
[2026.06.12-12.51.31:760][  1]LogRHI: Display: Encountered a new compute PSO: 2217280256
[2026.06.12-12.51.31:760][  1]LogRHI: Display: Encountered a new compute PSO: 3858434853
[2026.06.12-12.51.31:760][  1]LogRHI: Display: Encountered a new compute PSO: 826831239
[2026.06.12-12.51.31:760][  1]LogRHI: Display: Encountered a new compute PSO: 2498704564
[2026.06.12-12.51.31:760][  1]LogRHI: Display: Encountered a new compute PSO: 408631154
[2026.06.12-12.51.31:760][  1]LogRHI: Display: Encountered a new graphics PSO: 3145188900
[2026.06.12-12.51.31:761][  1]LogRHI: Display: Encountered a new graphics PSO: 2315592624
[2026.06.12-12.51.31:761][  1]LogRHI: Display: Encountered a new graphics PSO: 3754874015
[2026.06.12-12.51.31:761][  1]LogRHI: Display: Encountered a new graphics PSO: 1906722062
[2026.06.12-12.51.31:761][  1]LogRHI: Display: Encountered a new graphics PSO: 2511609431
[2026.06.12-12.51.31:761][  1]LogRHI: Display: Encountered a new graphics PSO: 3904090768
[2026.06.12-12.51.31:761][  1]LogRHI: Display: Encountered a new graphics PSO: 2893027203
[2026.06.12-12.51.31:761][  1]LogRHI: Display: Encountered a new graphics PSO: 3353786650
[2026.06.12-12.51.31:761][  1]LogRHI: Display: Encountered a new graphics PSO: 440310830
[2026.06.12-12.51.31:761][  1]LogRHI: Display: Encountered a new graphics PSO: 862409295
[2026.06.12-12.51.31:761][  1]LogRHI: Display: Encountered a new graphics PSO: 1365833546
[2026.06.12-12.51.31:761][  1]LogRHI: Display: Encountered a new graphics PSO: 134447199
[2026.06.12-12.51.31:761][  1]LogRHI: Display: Encountered a new graphics PSO: 2792034766
[2026.06.12-12.51.31:762][  1]LogRHI: Display: Encountered a new graphics PSO: 2647792711
[2026.06.12-12.51.31:762][  1]LogRHI: Display: Encountered a new graphics PSO: 748630378
[2026.06.12-12.51.31:762][  1]LogRHI: Display: Encountered a new graphics PSO: 100006934
[2026.06.12-12.51.31:762][  1]LogRHI: Display: Encountered a new graphics PSO: 861142814
[2026.06.12-12.51.31:762][  1]LogRHI: Display: Encountered a new graphics PSO: 3201733423
[2026.06.12-12.51.31:762][  1]LogRHI: Display: Encountered a new compute PSO: 1073429778
[2026.06.12-12.51.31:763][  1]LogRHI: Display: Encountered a new graphics PSO: 1389268003
[2026.06.12-12.51.31:763][  1]LogRHI: Display: Encountered a new graphics PSO: 888517335
[2026.06.12-12.51.31:763][  1]LogRHI: Display: Encountered a new graphics PSO: 2650153337
[2026.06.12-12.51.31:763][  1]LogRHI: Display: Encountered a new graphics PSO: 3834617981
[2026.06.12-12.51.31:763][  1]LogRHI: Display: Encountered a new graphics PSO: 718115507
[2026.06.12-12.51.31:763][  1]LogRHI: Display: Encountered a new graphics PSO: 1997155217
[2026.06.12-12.51.31:763][  1]LogRHI: Display: Encountered a new graphics PSO: 1699588417
[2026.06.12-12.51.31:763][  1]LogRHI: Display: Encountered a new graphics PSO: 1366111086
[2026.06.12-12.51.31:763][  1]LogRHI: Display: Encountered a new graphics PSO: 2609239440
[2026.06.12-12.51.31:763][  1]LogRHI: Display: Encountered a new graphics PSO: 1372054742
[2026.06.12-12.51.31:763][  1]LogRHI: Display: Encountered a new graphics PSO: 643745683
[2026.06.12-12.51.31:763][  1]LogRHI: Display: Encountered a new graphics PSO: 4138595354
[2026.06.12-12.51.31:763][  1]LogRHI: Display: Encountered a new graphics PSO: 3695605238
[2026.06.12-12.51.31:763][  1]LogRHI: Display: Encountered a new graphics PSO: 4026599472
[2026.06.12-12.51.31:763][  1]LogRHI: Display: Encountered a new graphics PSO: 2244940956
[2026.06.12-12.51.31:763][  1]LogRHI: Display: Encountered a new graphics PSO: 2533226031
[2026.06.12-12.51.31:763][  1]LogRHI: Display: Encountered a new graphics PSO: 657963113
[2026.06.12-12.51.31:763][  1]LogRHI: Display: Encountered a new graphics PSO: 1583978913
[2026.06.12-12.51.31:763][  1]LogRHI: Display: Encountered a new graphics PSO: 1262497411
[2026.06.12-12.51.31:763][  1]LogRHI: Display: Encountered a new graphics PSO: 3558038519
[2026.06.12-12.51.31:764][  1]LogRHI: Display: Encountered a new graphics PSO: 224148589
[2026.06.12-12.51.31:764][  1]LogRHI: Display: Encountered a new graphics PSO: 726712605
[2026.06.12-12.51.31:765][  1]LogRHI: Display: Encountered a new graphics PSO: 3455740948
[2026.06.12-12.51.31:765][  1]LogRHI: Display: Encountered a new graphics PSO: 319173507
[2026.06.12-12.51.31:765][  1]LogRHI: Display: Encountered a new graphics PSO: 2848453607
[2026.06.12-12.51.31:765][  1]LogRHI: Display: Encountered a new graphics PSO: 2163572141
[2026.06.12-12.51.31:765][  1]LogRHI: Display: Encountered a new graphics PSO: 1892128973
[2026.06.12-12.51.31:765][  1]LogRHI: Display: Encountered a new graphics PSO: 1928830018
[2026.06.12-12.51.31:765][  1]LogRHI: Display: Encountered a new graphics PSO: 1077278052
[2026.06.12-12.51.31:765][  1]LogRHI: Display: Encountered a new graphics PSO: 2884010586
[2026.06.12-12.51.31:765][  1]LogRHI: Display: Encountered a new graphics PSO: 1058176151
[2026.06.12-12.51.31:765][  1]LogRHI: Display: Encountered a new graphics PSO: 614821659
[2026.06.12-12.51.31:765][  1]LogRHI: Display: Encountered a new graphics PSO: 3159895578
[2026.06.12-12.51.31:765][  1]LogRHI: Display: Encountered a new graphics PSO: 3630550271
[2026.06.12-12.51.31:765][  1]LogRHI: Display: Encountered a new graphics PSO: 1751934421
[2026.06.12-12.51.31:765][  1]LogRHI: Display: Encountered a new graphics PSO: 2529610571
[2026.06.12-12.51.31:765][  1]LogRHI: Display: Encountered a new graphics PSO: 1181423569
[2026.06.12-12.51.31:765][  1]LogRHI: Display: Encountered a new graphics PSO: 161624368
[2026.06.12-12.51.31:765][  1]LogRHI: Display: Encountered a new graphics PSO: 454724120
[2026.06.12-12.51.31:765][  1]LogRHI: Display: Encountered a new graphics PSO: 891156508
[2026.06.12-12.51.31:765][  1]LogRHI: Display: Encountered a new graphics PSO: 3400958603
[2026.06.12-12.51.31:765][  1]LogRHI: Display: Encountered a new graphics PSO: 3578394162
[2026.06.12-12.51.31:765][  1]LogRHI: Display: Encountered a new graphics PSO: 1516559649
[2026.06.12-12.51.31:765][  1]LogRHI: Display: Encountered a new graphics PSO: 484097207
[2026.06.12-12.51.31:765][  1]LogRHI: Display: Encountered a new graphics PSO: 2399729964
[2026.06.12-12.51.31:765][  1]LogRHI: Display: Encountered a new graphics PSO: 375181483
[2026.06.12-12.51.31:765][  1]LogRHI: Display: Encountered a new graphics PSO: 820300268
[2026.06.12-12.51.31:765][  1]LogRHI: Display: Encountered a new graphics PSO: 3229817173
[2026.06.12-12.51.31:765][  1]LogRHI: Display: Encountered a new graphics PSO: 2247568859
[2026.06.12-12.51.31:765][  1]LogRHI: Display: Encountered a new graphics PSO: 3121856694
[2026.06.12-12.51.31:765][  1]LogRHI: Display: Encountered a new graphics PSO: 1064499419
[2026.06.12-12.51.31:765][  1]LogRHI: Display: Encountered a new graphics PSO: 4241033875
[2026.06.12-12.51.31:766][  1]LogRHI: Display: Encountered a new graphics PSO: 590239921
[2026.06.12-12.51.31:766][  1]LogRHI: Display: Encountered a new graphics PSO: 426811631
[2026.06.12-12.51.31:767][  1]LogRHI: Display: Encountered a new graphics PSO: 15079875
[2026.06.12-12.51.31:767][  1]LogRHI: Display: Encountered a new graphics PSO: 1716294577
[2026.06.12-12.51.31:767][  1]LogRHI: Display: Encountered a new graphics PSO: 2077574463
[2026.06.12-12.51.31:767][  1]LogRHI: Display: Encountered a new graphics PSO: 1858804411
[2026.06.12-12.51.31:767][  1]LogRHI: Display: Encountered a new graphics PSO: 2812357288
[2026.06.12-12.51.31:767][  1]LogRHI: Display: Encountered a new graphics PSO: 3446656552
[2026.06.12-12.51.31:767][  1]LogRHI: Display: Encountered a new graphics PSO: 1572992991
[2026.06.12-12.51.31:767][  1]LogRHI: Display: Encountered a new graphics PSO: 3035185673
[2026.06.12-12.51.31:767][  1]LogRHI: Display: Encountered a new graphics PSO: 3710971225
[2026.06.12-12.51.31:767][  1]LogRHI: Display: Encountered a new graphics PSO: 4209702755
[2026.06.12-12.51.31:767][  1]LogRHI: Display: Encountered a new graphics PSO: 2121258842
[2026.06.12-12.51.31:767][  1]LogRHI: Display: Encountered a new graphics PSO: 456587770
[2026.06.12-12.51.31:767][  1]LogRHI: Display: Encountered a new graphics PSO: 3779620786
[2026.06.12-12.51.31:767][  1]LogRHI: Display: Encountered a new graphics PSO: 2825084927
[2026.06.12-12.51.31:767][  1]LogRHI: Display: Encountered a new graphics PSO: 1045625879
[2026.06.12-12.51.31:767][  1]LogRHI: Display: Encountered a new graphics PSO: 3338758837
[2026.06.12-12.51.31:767][  1]LogRHI: Display: Encountered a new graphics PSO: 3129007752
[2026.06.12-12.51.31:767][  1]LogRHI: Display: Encountered a new graphics PSO: 603124782
[2026.06.12-12.51.31:767][  1]LogRHI: Display: Encountered a new graphics PSO: 4227572223
[2026.06.12-12.51.31:767][  1]LogRHI: Display: Encountered a new graphics PSO: 3210969044
[2026.06.12-12.51.31:767][  1]LogRHI: Display: Encountered a new graphics PSO: 2146175242
[2026.06.12-12.51.31:767][  1]LogRHI: Display: Encountered a new graphics PSO: 1024001567
[2026.06.12-12.51.31:767][  1]LogRHI: Display: Encountered a new graphics PSO: 63772442
[2026.06.12-12.51.31:767][  1]LogRHI: Display: Encountered a new graphics PSO: 2767111701
[2026.06.12-12.51.31:767][  1]LogRHI: Display: Encountered a new graphics PSO: 254272252
[2026.06.12-12.51.31:768][  1]LogRHI: Display: Encountered a new graphics PSO: 2588518345
[2026.06.12-12.51.31:769][  1]LogRHI: Display: Encountered a new graphics PSO: 1346636167
[2026.06.12-12.51.31:769][  1]LogRHI: Display: Encountered a new graphics PSO: 190843560
[2026.06.12-12.51.31:769][  1]LogRHI: Display: Encountered a new graphics PSO: 2343627735
[2026.06.12-12.51.31:769][  1]LogRHI: Display: Encountered a new graphics PSO: 1899038770
[2026.06.12-12.51.31:769][  1]LogRHI: Display: Encountered a new graphics PSO: 93930180
[2026.06.12-12.51.31:769][  1]LogRHI: Display: Encountered a new graphics PSO: 2498586156
[2026.06.12-12.51.31:770][  1]LogRHI: Display: Encountered a new graphics PSO: 1282316970
[2026.06.12-12.51.31:770][  1]LogRHI: Display: Encountered a new graphics PSO: 59048574
[2026.06.12-12.51.31:770][  1]LogRHI: Display: Encountered a new graphics PSO: 763523194
[2026.06.12-12.51.31:770][  1]LogRHI: Display: Encountered a new graphics PSO: 1919101278
[2026.06.12-12.51.31:770][  1]LogRHI: Display: Encountered a new graphics PSO: 266053210
[2026.06.12-12.51.31:770][  1]LogRHI: Display: Encountered a new graphics PSO: 610880741
[2026.06.12-12.51.31:770][  1]LogRHI: Display: Encountered a new graphics PSO: 3655199692
[2026.06.12-12.51.31:770][  1]LogRHI: Display: Encountered a new graphics PSO: 3284790147
[2026.06.12-12.51.31:770][  1]LogRHI: Display: Encountered a new graphics PSO: 3573835822
[2026.06.12-12.51.31:771][  1]LogRHI: Display: Encountered a new graphics PSO: 3994709644
[2026.06.12-12.51.31:771][  1]LogRHI: Display: Encountered a new graphics PSO: 18872297
[2026.06.12-12.51.31:771][  1]LogRHI: Display: Encountered a new compute PSO: 2015581302
[2026.06.12-12.51.31:771][  1]LogRHI: Display: Encountered a new graphics PSO: 1307004445
[2026.06.12-12.51.31:771][  1]LogRHI: Display: Encountered a new compute PSO: 2606149289
[2026.06.12-12.51.31:771][  1]LogRHI: Display: Encountered a new graphics PSO: 1035121915
[2026.06.12-12.51.31:771][  1]LogRHI: Display: Encountered a new compute PSO: 2026226338
[2026.06.12-12.51.31:771][  1]LogRHI: Display: Encountered a new graphics PSO: 3002804765
[2026.06.12-12.51.31:771][  1]LogRHI: Display: Encountered a new graphics PSO: 1562858240
[2026.06.12-12.51.31:771][  1]LogRHI: Display: Encountered a new compute PSO: 975811507
[2026.06.12-12.51.31:771][  1]LogRHI: Display: Encountered a new compute PSO: 2332763859
[2026.06.12-12.51.31:771][  1]LogRHI: Display: Encountered a new compute PSO: 1452542088
[2026.06.12-12.51.31:771][  1]LogRHI: Display: Encountered a new graphics PSO: 2326672848
[2026.06.12-12.51.31:771][  1]LogRHI: Display: Encountered a new compute PSO: 4032904022
[2026.06.12-12.51.31:771][  1]LogRHI: Display: Encountered a new graphics PSO: 236051872
[2026.06.12-12.51.31:771][  1]LogRHI: Display: Encountered a new graphics PSO: 3783515364
[2026.06.12-12.51.31:771][  1]LogRHI: Display: Encountered a new graphics PSO: 3012058677
[2026.06.12-12.51.31:771][  1]LogRHI: Display: Encountered a new graphics PSO: 3918892403
[2026.06.12-12.51.31:771][  1]LogRHI: Display: Encountered a new graphics PSO: 4184775007
[2026.06.12-12.51.31:771][  1]LogRHI: Display: Encountered a new graphics PSO: 4086394092
[2026.06.12-12.51.31:771][  1]LogRHI: Display: Encountered a new graphics PSO: 1183223059
[2026.06.12-12.51.31:771][  1]LogRHI: Display: Encountered a new graphics PSO: 477311018
[2026.06.12-12.51.31:771][  1]LogRHI: Display: Encountered a new graphics PSO: 4087434572
[2026.06.12-12.51.31:771][  1]LogRHI: Display: Encountered a new graphics PSO: 948224257
[2026.06.12-12.51.31:771][  1]LogRHI: Display: Encountered a new graphics PSO: 1201038998
[2026.06.12-12.51.31:771][  1]LogRHI: Display: Encountered a new graphics PSO: 894734218
[2026.06.12-12.51.31:771][  1]LogRHI: Display: Encountered a new graphics PSO: 3616555784
[2026.06.12-12.51.31:771][  1]LogRHI: Display: Encountered a new graphics PSO: 4278181685
[2026.06.12-12.51.31:771][  1]LogRHI: Display: Encountered a new graphics PSO: 1731194052
[2026.06.12-12.51.31:771][  1]LogRHI: Display: Encountered a new graphics PSO: 1092150586
[2026.06.12-12.51.31:771][  1]LogRHI: Display: Encountered a new graphics PSO: 2344658609
[2026.06.12-12.51.31:771][  1]LogRHI: Display: Encountered a new graphics PSO: 3930467151
[2026.06.12-12.51.31:771][  1]LogRHI: Display: Encountered a new graphics PSO: 263882366
[2026.06.12-12.51.31:771][  1]LogRHI: Display: Encountered a new graphics PSO: 3708015384
[2026.06.12-12.51.31:771][  1]LogRHI: Display: Encountered a new graphics PSO: 1384809400
[2026.06.12-12.51.31:771][  1]LogRHI: Display: Encountered a new graphics PSO: 2949312833
[2026.06.12-12.51.31:772][  1]LogRHI: Display: Encountered a new graphics PSO: 1432069970
[2026.06.12-12.51.31:772][  1]LogRHI: Display: Encountered a new graphics PSO: 207809034
[2026.06.12-12.51.31:772][  1]LogRHI: Display: Encountered a new graphics PSO: 1347690216
[2026.06.12-12.51.31:772][  1]LogRHI: Display: Encountered a new graphics PSO: 1416304339
[2026.06.12-12.51.31:772][  1]LogRHI: Display: Encountered a new graphics PSO: 1783578097
[2026.06.12-12.51.31:772][  1]LogRHI: Display: Encountered a new graphics PSO: 2948076990
[2026.06.12-12.51.31:773][  1]LogRHI: Display: Encountered a new graphics PSO: 1502324750
[2026.06.12-12.51.31:773][  1]LogRHI: Display: Encountered a new graphics PSO: 358600077
[2026.06.12-12.51.31:773][  1]LogRHI: Display: Encountered a new graphics PSO: 63235597
[2026.06.12-12.51.31:773][  1]LogRHI: Display: Encountered a new graphics PSO: 239947139
[2026.06.12-12.51.31:773][  1]LogRHI: Display: Encountered a new graphics PSO: 2198317742
[2026.06.12-12.51.31:774][  1]LogRHI: Display: Encountered a new graphics PSO: 2522066174
[2026.06.12-12.51.31:774][  1]LogRHI: Display: Encountered a new graphics PSO: 2009204220
[2026.06.12-12.51.31:774][  1]LogRHI: Display: Encountered a new graphics PSO: 3242756973
[2026.06.12-12.51.31:774][  1]LogRHI: Display: Encountered a new graphics PSO: 1950801175
[2026.06.12-12.51.31:775][  1]LogRHI: Display: Encountered a new graphics PSO: 4011973816
[2026.06.12-12.51.31:775][  1]LogRHI: Display: Encountered a new graphics PSO: 3583798941
[2026.06.12-12.51.31:775][  1]LogRHI: Display: Encountered a new graphics PSO: 3708773899
[2026.06.12-12.51.31:775][  1]LogRHI: Display: Encountered a new graphics PSO: 3234359501
[2026.06.12-12.51.31:775][  1]LogRHI: Display: Encountered a new graphics PSO: 3551916016
[2026.06.12-12.51.31:776][  1]LogRHI: Display: Encountered a new graphics PSO: 3821792320
[2026.06.12-12.51.31:776][  1]LogRHI: Display: Encountered a new graphics PSO: 2724583852
[2026.06.12-12.51.31:776][  1]LogRHI: Display: Encountered a new graphics PSO: 1602160613
[2026.06.12-12.51.31:776][  1]LogRHI: Display: Encountered a new graphics PSO: 305904167
[2026.06.12-12.51.31:776][  1]LogRHI: Display: Encountered a new graphics PSO: 3971043914
[2026.06.12-12.51.31:776][  1]LogRHI: Display: Encountered a new graphics PSO: 35077104
[2026.06.12-12.51.31:776][  1]LogRHI: Display: Encountered a new graphics PSO: 3906202723
[2026.06.12-12.51.31:867][  1]Model View Viewmodel: Error: Привязка '1' на выполнена. Имеются недопустимые источники. BPW_JoinGame_SessionMenu
[2026.06.12-12.51.31:868][  1]Model View Viewmodel: Error: Привязка '2' на выполнена. Имеются недопустимые источники. BPW_JoinGame_SessionMenu
[2026.06.12-12.51.32:050][  1]LogRenderer: Forcing update for all mesh draw commands: SkyLight real-time capture change
[2026.06.12-12.51.32:119][  1]LogRenderer: Forcing update for all mesh draw commands: SkyLight real-time capture change
[2026.06.12-12.51.32:181][  1]LogRenderer: Forcing update for all mesh draw commands: SkyLight real-time capture change
[2026.06.12-12.51.32:185][  1]LogOnlineServices: [FExternalUIEOSGS::ProcessDisplaySettingsUpdatedImplOp] Display settings changed notification received. bIsVisible: false, bIsExclusiveInput: false
[2026.06.12-12.51.32:185][  1]LogCommonUser: QueryBlocked - completed Query on Backend service: Epic
[2026.06.12-12.51.32:327][  2]LogRHI: Display: Encountered a new graphics PSO: 520029939
[2026.06.12-12.51.32:327][  2]LogRHI: Display: Encountered a new graphics PSO: 3380381956
[2026.06.12-12.51.32:328][  2]LogRHI: Display: Encountered a new graphics PSO: 2033860764
[2026.06.12-12.51.32:328][  2]LogRHI: Display: Encountered a new graphics PSO: 1865239663
[2026.06.12-12.51.32:328][  2]LogRHI: Display: Encountered a new graphics PSO: 2707416352
[2026.06.12-12.51.32:328][  2]LogRHI: Display: Encountered a new graphics PSO: 2200341291
[2026.06.12-12.51.32:328][  2]LogRHI: Display: Encountered a new graphics PSO: 3836866703
[2026.06.12-12.51.32:329][  2]LogRHI: Display: Encountered a new graphics PSO: 3598876401
[2026.06.12-12.51.32:329][  2]LogRHI: Display: Encountered a new graphics PSO: 2450121558
[2026.06.12-12.51.32:329][  2]LogRHI: Display: Encountered a new graphics PSO: 553664873
[2026.06.12-12.51.32:369][  3]LogRHI: Display: Encountered a new graphics PSO: 1525856764
[2026.06.12-12.51.32:369][  3]LogRHI: Display: Encountered a new graphics PSO: 2340547907
[2026.06.12-12.51.32:369][  3]LogRHI: Display: Encountered a new graphics PSO: 2284298397
[2026.06.12-12.51.32:370][  3]LogRHI: Display: Encountered a new graphics PSO: 808440951
[2026.06.12-12.51.32:370][  3]LogRHI: Display: Encountered a new graphics PSO: 3791076912
[2026.06.12-12.51.32:370][  3]LogRHI: Display: Encountered a new graphics PSO: 2180519547
[2026.06.12-12.51.32:370][  3]LogRHI: Display: Encountered a new graphics PSO: 3823975880
[2026.06.12-12.51.32:370][  3]LogRHI: Display: Encountered a new graphics PSO: 1698349675
[2026.06.12-12.51.32:370][  3]LogRHI: Display: Encountered a new graphics PSO: 3160057731
[2026.06.12-12.51.32:955][ 35]LogEOSSDK: LogEOS: SDK Config Platform Update Request Successful, Time: 19.898008
[2026.06.12-12.51.32:957][ 35]LogEOSSDK: LogEOSAnalytics: EOS SDK Analytics disabled for route [1].
[2026.06.12-12.51.32:960][ 35]LogEOSSDK: Warning: LogEOSUI: Hot key event ignored because there are no known users.
[2026.06.12-12.51.32:961][ 35]LogEOSSDK: LogEOS: Updating Product SDK Config, Time: 19.912951
[2026.06.12-12.51.33:213][ 50]LogEOSSDK: LogEOSAnalytics: Start Session (User: ...)
[2026.06.12-12.51.33:512][ 68]LogEOSSDK: LogEOS: SDK Config Product Update Request Successful, Time: 20.454975
[2026.06.12-12.51.33:517][ 68]LogEOSSDK: Warning: LogEOSEcom: Purchase flow is disabled due to overlay setup failure (EOS_NotConfigured).
[2026.06.12-12.51.33:518][ 68]LogEOSSDK: Warning: LogEOSUI: Hot key event ignored because there are no known users.
[2026.06.12-12.51.33:518][ 68]LogEOSSDK: Warning: LogEOSUI: Social overlay is disabled due to overlay setup failure (EOS_NotConfigured).
[2026.06.12-12.51.33:519][ 68]LogEOSSDK: LogEOS: SDK Config Data - Watermark: -1091969823
[2026.06.12-12.51.33:519][ 68]LogEOSSDK: LogEOS: ScheduleNextSDKConfigDataUpdate - Time: 20.454975, Update Interval: 336.885895
[2026.06.12-12.51.35:113][160]LogMovieScene: Initializing a legacy player for sequence 'mSwitchImageAnim_INST'.
[2026.06.12-12.51.35:232][166]LogRHI: Display: Encountered a new graphics PSO: 2547208030
[2026.06.12-12.51.37:105][259]LogScript: Warning: UAkGameplayStatics::PostAkEvent: NULL Actor specified!
[2026.06.12-12.51.37:113][259]LogScript: Warning: UAkGameplayStatics::PostAkEvent: NULL Actor specified!
[2026.06.12-12.51.37:117][259]LogScript: Warning: UAkGameplayStatics::PostAkEvent: NULL Actor specified!
[2026.06.12-12.51.37:120][259]LogScript: Warning: UAkGameplayStatics::PostAkEvent: NULL Actor specified!
[2026.06.12-12.51.37:123][259]LogScript: Warning: UAkGameplayStatics::PostAkEvent: NULL Actor specified!
[2026.06.12-12.51.37:126][259]LogScript: Warning: UAkGameplayStatics::PostAkEvent: NULL Actor specified!
[2026.06.12-12.51.37:128][259]LogScript: Warning: UAkGameplayStatics::PostAkEvent: NULL Actor specified!
[2026.06.12-12.51.37:130][259]LogScript: Warning: UAkGameplayStatics::PostAkEvent: NULL Actor specified!
[2026.06.12-12.51.37:132][259]LogScript: Warning: UAkGameplayStatics::PostAkEvent: NULL Actor specified!
[2026.06.12-12.51.37:134][259]LogScript: Warning: UAkGameplayStatics::PostAkEvent: NULL Actor specified!
[2026.06.12-12.51.37:136][259]LogScript: Warning: UAkGameplayStatics::PostAkEvent: NULL Actor specified!
[2026.06.12-12.51.37:137][259]LogScript: Warning: UAkGameplayStatics::PostAkEvent: NULL Actor specified!
[2026.06.12-12.51.37:139][259]LogScript: Warning: UAkGameplayStatics::PostAkEvent: NULL Actor specified!
[2026.06.12-12.51.37:146][259]LogScript: Warning: UAkGameplayStatics::PostAkEvent: NULL Actor specified!
[2026.06.12-12.51.37:147][259]LogScript: Warning: UAkGameplayStatics::PostAkEvent: NULL Actor specified!
[2026.06.12-12.51.37:148][259]LogScript: Warning: UAkGameplayStatics::PostAkEvent: NULL Actor specified!
[2026.06.12-12.51.37:154][259]LogScript: Warning: UAkGameplayStatics::PostAkEvent: NULL Actor specified!
[2026.06.12-12.51.37:155][259]LogScript: Warning: UAkGameplayStatics::PostAkEvent: NULL Actor specified!
[2026.06.12-12.51.38:351][314]LogRHI: Display: Encountered a new graphics PSO: 2186540515
[2026.06.12-12.51.38:850][337]LogRHI: Display: Encountered a new graphics PSO: 1956889123
[2026.06.12-12.51.41:161][452]LogSteamSocketsAPI: Error: SteamSockets API: Error Unable to communicate with ANY of 28 Steam Datagram routing cluster.  Possible problem with local internet connection?
[2026.06.12-12.51.41:607][473]LogRHI: Display: Encountered a new graphics PSO: 1049297653
[2026.06.12-12.51.41:607][473]LogRHI: Display: Encountered a new graphics PSO: 3741655036
[2026.06.12-12.51.41:612][473]LogEOSSDK: Warning: LogEOSRTC: TickTracker Tick is delayed. TimePeriod=[10.018717s]  TickIntervalThreshold=[0.100000s] MaxTickInterval=[0.144740s] MaxExecutionTime=[0.001050s] TicksCount=[473] ExpectedTicksCount=[1001]
[2026.06.12-12.51.41:702][478]LogRHI: Display: Encountered a new graphics PSO: 1608981501
[2026.06.12-12.51.41:702][478]LogRHI: Display: Encountered a new graphics PSO: 736811050
[2026.06.12-12.51.41:702][478]LogRHI: Display: Encountered a new graphics PSO: 3865547195
[2026.06.12-12.51.41:875][487]LogScript: Warning: UAkGameplayStatics::PostAkEvent: NULL Actor specified!
[2026.06.12-12.51.41:897][488]LogScript: Warning: UAkGameplayStatics::PostAkEvent: NULL Actor specified!
[2026.06.12-12.51.41:919][489]LogScript: Warning: UAkGameplayStatics::PostAkEvent: NULL Actor specified!
[2026.06.12-12.51.41:938][490]LogScript: Warning: UAkGameplayStatics::PostAkEvent: NULL Actor specified!
[2026.06.12-12.51.42:775][530]LogWidget: Warning: Widget_Popup_C_2147476780: Trying to set the default focus widget with a widget that isn't focusable: mButton
[2026.06.12-12.51.44:402][607]LogWidget: Warning: Widget_Popup_C_2147476691: Trying to set the default focus widget with a widget that isn't focusable: mButton
[2026.06.12-12.51.45:885][678]LogScript: Warning: UAkGameplayStatics::PostAkEvent: NULL Actor specified!
[2026.06.12-12.51.47:031][734]LogWindowsDesktop: Alt-F4 pressed!
[2026.06.12-12.51.47:031][734]LogSlate: Request Window 'Satisfactory  ' being destroyed
[2026.06.12-12.51.47:034][734]LogSlate: Window 'Satisfactory  ' being destroyed
[2026.06.12-12.51.47:311][734]LogWindowsTextInputMethodSystem: Activated input method: English (United States) - (Keyboard).
[2026.06.12-12.51.47:315][734]LogWindowsTextInputMethodSystem: Activated input method: English (United States) - (Keyboard).
[2026.06.12-12.51.47:317][734]LogAkAudio: AFGPlayerControllerBase::RemoveWwise
[2026.06.12-12.51.47:344][734]LogSlate: Updating window title bar state: overlay mode, drag disabled, window buttons hidden, title bar hidden
[2026.06.12-12.51.47:344][734]LogEngine: All Windows Closed
[2026.06.12-12.51.47:344][734]LogWindows: FPlatformMisc::RequestExit(0, UGameEngine::Tick.ViewportClosed)
[2026.06.12-12.51.47:344][734]LogWindows: FPlatformMisc::RequestExitWithStatus(0, 0, UGameEngine::Tick.ViewportClosed)
[2026.06.12-12.51.47:344][734]LogCore: Engine exit requested (reason: Win RequestExit)
[2026.06.12-12.51.47:346][735]LogCore: Engine exit requested (reason: EngineExit() was called; note: exit was already requested)
[2026.06.12-12.51.47:348][735]LogInit: Display: PreExit Game.
[2026.06.12-12.51.47:352][735]LogWorld: BeginTearingDown for /Game/FactoryGame/Map/MenuScenes/Map_Menu_1_02
[2026.06.12-12.51.47:370][735]LogWorld: UWorld::CleanupWorld for Map_Menu_1_02, bSessionEnded=true, bCleanupResources=true
[2026.06.12-12.51.47:415][735]LogSlate: InvalidateAllWidgets triggered.  All widgets were invalidated
[2026.06.12-12.51.48:335][735]LogGameFeatures: Shutting down game features subsystem
[2026.06.12-12.51.48:335][735]LogSentrySdk: Verbose: sending envelope
[2026.06.12-12.51.48:335][735]LogSentrySdk: Verbose: submitting task to background worker thread
[2026.06.12-12.51.48:335][735]LogSentrySdk: Verbose: shutting down backend
[2026.06.12-12.51.48:335][735]LogSentrySdk: Verbose: executing task on worker thread
[2026.06.12-12.51.48:335][735]LogSentrySdk: Verbose: shutting down transport
[2026.06.12-12.51.48:335][735]LogSentrySdk: Verbose: shutting down background worker thread
[2026.06.12-12.51.48:336][735]LogSentrySdk: Verbose: submitting task to background worker thread
[2026.06.12-12.51.48:336][735]LogSentrySdk: Verbose: sending request using winhttp to "https://o4510000618995712.ingest.de.sentry.io:443/api/4510000622141520/envelope/":
x-sentry-auth:Sentry sentry_key=ce9e39afc0e16e3b66a9b309fe98f23b, sentry_version=7, sentry_client=sentry.native.unreal/0.10.1
content-type:application/x-sentry-envelope
content-length:359

[2026.06.12-12.51.48:389][735]LogSentrySdk: Verbose: received response:
HTTP/1.1 200 OK
Date: Fri, 12 Jun 2026 12:52:00 GMT
Via: 1.1 google
Content-Length: 2
Content-Type: application/json
Server: nginx
Vary: origin, access-control-request-method, access-control-request-headers
access-control-allow-origin: *
access-control-expose-headers: x-sentry-error,x-sentry-rate-limits,retry-after
cross-origin-resource-policy: cross-origin
strict-transport-security: max-age=31536000; includeSubDomains; preload
Alt-Svc: h3=":443"; ma=2592000,h3-29=":443"; ma=2
[2026.06.12-12.51.48:389][735]LogSentrySdk: Verbose: request handled in 53ms
[2026.06.12-12.51.48:389][735]LogSentrySdk: Verbose: executing task on worker thread
[2026.06.12-12.51.48:389][735]LogSentrySdk: Verbose: background worker thread shut down
[2026.06.12-12.51.48:393][735]LogAudio: Display: Beginning Audio Device Manager Shutdown (Module: AudioMixerXAudio2)...
[2026.06.12-12.51.48:393][735]LogAudio: Display: Destroying 1 Remaining Audio Device(s)...
[2026.06.12-12.51.48:393][735]LogAudio: Display: Audio Device unregistered from world 'Map_Menu_1_02'.
[2026.06.12-12.51.48:393][735]LogAudio: Display: Shutting down audio device while 1 references to it are still alive. For more information, compile with INSTRUMENT_AUDIODEVICE_HANDLES.
[2026.06.12-12.51.48:394][735]LogAudioMixer: Display: FMixerPlatformXAudio2::StopAudioStream() called. InstanceID=1, StreamState=4
[2026.06.12-12.51.48:395][735]LogAudioMixer: Display: FMixerPlatformXAudio2::StopAudioStream() called. InstanceID=1, StreamState=2
[2026.06.12-12.51.48:401][735]LogAudioMixer: Deinitializing Audio Bus Subsystem for audio device with ID -1
[2026.06.12-12.51.48:401][735]LogAudio: Display: Audio Device Manager Shutdown
[2026.06.12-12.51.48:474][735]LogSlate: Slate User Destroyed.  User Index 0, Is Virtual User: 0
[2026.06.12-12.51.48:474][735]LogExit: Preparing to exit.
[2026.06.12-12.51.48:474][735]LogMoviePlayer: Shutting down movie player
[2026.06.12-12.51.48:573][735]LogSlate: Updating window title bar state: overlay mode, drag disabled, window buttons hidden, title bar hidden
[2026.06.12-12.51.48:606][735]LogDemo: Cleaned up 0 splitscreen connections, owner deletion: enabled
[2026.06.12-12.51.48:632][735]LogExit: Game engine shut down
[2026.06.12-12.51.48:723][735]LogRenderer: Forcing update for all mesh draw commands: SkyLight real-time capture change
[2026.06.12-12.51.48:942][735]LogExit: Object subsystem successfully closed.
[2026.06.12-12.51.48:989][735]LogRHI: FPipelineFileCacheManager Incremental saved 360 total, 360 new, 0 removed, 0 cons .upipelinecache (took   5.65ms): C:/Users/cheva/AppData/Local/FactoryGame/Saved/FactoryGame_PCD3D_SM6.upipelinecache.
[2026.06.12-12.51.49:006][735]LogStreamline: FStreamlineCoreModule::ShutdownModule Enter
[2026.06.12-12.51.49:006][735]LogStreamline: UnregisterStreamlineReflexHooks Enter
[2026.06.12-12.51.49:006][735]LogStreamline: UnregisterStreamlineReflexHooks Leave
[2026.06.12-12.51.49:006][735]LogStreamline: FStreamlineCoreModule::ShutdownModule Leave
[2026.06.12-12.51.49:006][735]LogDLSSNGXRHI: FNGXRHIModule::ShutdownModule Enter
[2026.06.12-12.51.49:006][735]LogDLSSNGXRHI: FNGXRHIModule::ShutdownModule Leave
[2026.06.12-12.51.49:007][735]LogDLSS: FDLSSModule::ShutdownModule Enter
[2026.06.12-12.51.49:007][735]LogDLSS: FDLSSModule::ShutdownModule Leave
[2026.06.12-12.51.49:008][735]LogSockets: SteamSockets: Cleaning up
[2026.06.12-12.51.49:009][735]LogWwiseNiagara: Display: Shutting down default Niagara.
[2026.06.12-12.51.49:013][735]LogGauntlet: Gauntlet Shutdown
[2026.06.12-12.51.49:013][735]LogLoad: Skipping reloading missing WwiseSoundEngine module: Exiting.
[2026.06.12-12.51.49:030][735]LogAkAudio: Audiokinetic Audio Device terminated.
[2026.06.12-12.51.49:030][735]LogWwiseConcurrency: Display: Shutting down default Concurrency.
[2026.06.12-12.51.49:030][735]LogWwiseProcessing: Display: Shutting down default Processing.
[2026.06.12-12.51.49:031][735]LogWwiseFileHandler: Closing FileHandler with remaining 1 FileStates. Leaking.
[2026.06.12-12.51.49:031][735]LogWwiseSoundEngine: Unloading Wwise Sound Engine
[2026.06.12-12.51.49:032][735]LogXeSSModule: XeSS shut down
[2026.06.12-12.51.49:035][735]LogXeSSRHI: Removed Intel XeSS effect
[2026.06.12-12.51.49:037][735]LogStreamlineD3D12RHI: FStreamlineD3D12RHI::~FStreamlineD3D12RHI Enter
[2026.06.12-12.51.49:037][735]LogStreamlineD3D12RHI: FStreamlineD3D12RHI::~FStreamlineD3D12RHI Leave
[2026.06.12-12.51.49:037][735]LogStreamlineD3D12RHI: FStreamlineD3D12RHIModule::ShutdownModule Enter
[2026.06.12-12.51.49:037][735]LogStreamlineD3D12RHI: FStreamlineD3D12RHIModule::ShutdownModule Leave
[2026.06.12-12.51.49:038][735]LogOnlineServices: 000002BB785650C0 Steam online services instance flushing remain operations
[2026.06.12-12.51.49:038][735]LogOnlineServices: Warning: 000002BB785650C0 Steam online services flush timed out, cancelling all operations
[2026.06.12-12.51.49:038][735]LogOnlineServices: 000002BBEACF1790 BatchQueryPresence clear complete callbacks while in state Running
[2026.06.12-12.51.49:038][735]LogOnlineServices: 000002BB9A0DCA50 QueryUserAvatar clear complete callbacks while in state Invalid
[2026.06.12-12.51.49:038][735]LogOnlineServices: 000002BB9A0DCCD0 QueryUserInfo clear complete callbacks while in state Invalid
[2026.06.12-12.51.49:039][735]LogOnlineServices: 000002BB785650C0 Steam online services instance destroy
[2026.06.12-12.51.49:039][735]LogSteamShared: Unloading the Steam API...
[2026.06.12-12.51.49:044][735]LogOnlineServices: Error: Steam online services is still been referenced after shutting down
[2026.06.12-12.51.49:044][735]LogSteamShared: Freeing the Steam Loaded Modules...
[2026.06.12-12.51.49:044][735]LogFFXFI: FFX Frame Interpolation Module Shutdown
[2026.06.12-12.51.49:044][735]LogFSR3: FSR3 Temporal Upscaling Module Shutdown
[2026.06.12-12.51.49:045][735]LogDLSSNGXVulkanRHIPreInit: FNGXVulkanRHIPreInitModule::ShutdownModule Enter
[2026.06.12-12.51.49:045][735]LogDLSSNGXVulkanRHIPreInit: FNGXVulkanRHIPreInitModule::ShutdownModule Leave
[2026.06.12-12.51.49:049][735]LogOnlineServices: 000002BB117D0DD0 Epic online services instance destroy
[2026.06.12-12.51.49:050][735]LogEOSSDK: LogEOSFriends: Successfully closed a listener.
[2026.06.12-12.51.49:052][735]LogEOSSDK: Warning: LogEOSP2P: Leave all connections due to P2P network shutdown
[2026.06.12-12.51.49:058][735]LogEOSSDK: LogEOSRTC: [Core] Shutting down LibRTC...
[2026.06.12-12.51.49:606][735]LogEOSShared: FEOSSDKManager::Shutdown EOS_Shutdown Result=[EOS_Success]
[2026.06.12-12.51.49:609][735]LogNFORDenoise: NFORDenoise function shutting down
[2026.06.12-12.51.49:622][735]LogIris: FNetObjectFactoryRegistry::UnregisterFactory is unregistering factory: None name: NetActorFactory id: 0
[2026.06.12-12.51.49:622][735]LogIris: FNetObjectFactoryRegistry::UnregisterFactory is unregistering factory: None name: NetSubObjectFactory id: 1
[2026.06.12-12.51.49:622][735]LogPakFile: Destroying PakPlatformFile
[2026.06.12-12.51.49:784][735]LogD3D12RHI: ~FD3D12DynamicRHI
[2026.06.12-12.51.49:816][735]LogExit: Exiting.
[2026.06.12-12.51.49:849][735]Log file closed, 06/12/26 15:51:49
